Sample_ID,ruralurban,Methanobrevibacter,Methanosphaera,vadinCA11,Actinomyces,Mobiluncus,Cellulomonas,Corynebacterium,Clavibacter,Kocuria,Rothia,Cellulosimicrobium,Alloscardovia,Bifidobacterium,Gardnerella,Scardovia,Adlercreutzia,Atopobium,Collinsella,Eggerthella,Slackia,X5_7N15,Bacteroides,Parabacteroides,Porphyromonas,Prevotella,Alistipes,Butyricimonas,Odoribacter,CF231,Paraprevotella,X_Prevotella_,Hymenobacter,Owenweeksia,Maribacter,Polaribacter,Tenacibaculum,Cloacibacterium,Anoxybacillus,Bacillus,Geobacillus,Paenibacillus,Macrococcus,Staphylococcus,Aerococcus,Alloiococcus,Granulicatella,Enterococcus,Melissococcus,Vagococcus,Lactobacillus,Leuconostoc,Weissella,Lactococcus,Streptococcus,Turicibacter,Christensenella,X02d06,Caloramator,Clostridium,SMB53,Sarcina,Dehalobacterium,Anaerofustis,Pseudoramibacter_Eubacterium,Anaerostipes,Blautia,Clostridium_1,Coprococcus,Dorea,Epulopiscium,Lachnobacterium,Lachnospira,Moryella,Oribacterium,Roseburia,Ruminococcus,Shuttleworthia,X_Ruminococcus_,Peptococcus,rc4_4,Peptostreptococcus,X_Clostridium_,Anaerotruncus,Butyricicoccus,Clostridium_2,Faecalibacterium,Oscillospira,Ruminococcus_1,Acidaminococcus,Dialister,Megamonas,Megasphaera,Phascolarctobacterium,Schwartzia,Selenomonas,Veillonella,WH1_8,Mogibacterium,X1_68,Anaerococcus,Finegoldia,Parvimonas,Peptoniphilus,WAL_1855D,Bulleidia,Catenibacterium,Coprobacillus,Holdemania,Sharpea,X_Eubacterium_,cc_115,p_75_a5,Cetobacterium,Fusobacterium,Leptotrichia,Sneathia,Victivallis,Planctomyces,Martelella,Ochrobactrum,Methylopila,Agrobacterium,Paracoccus,Carludovica,Lupinus,Oenothera,Spirodela,Zea,Novosphingobium,Sphingomonas,Oligella,Sutterella,Lautropia,Comamonas,Janthinobacterium,Oxalobacter,Eikenella,Microvirgula,Neisseria,Bilophila,Desulfovibrio,Arcobacter,Campylobacter,Succinatimonas,Succinivibrio,BD2_13,Shewanella,Cardiobacterium,Aquamonas,Citrobacter,Enterobacter,Erwinia,Escherichia,Klebsiella,Leminorella,Morganella,Pantoea,Plesiomonas,Proteus,Raoultella,Salmonella,Serratia,Shigella,Trabulsiella,Xenorhabdus,Rickettsiella,Francisella,Alcanivorax,Halomonas,Actinobacillus,Aggregatibacter,Haemophilus,Acinetobacter,Perlucidibaca,Psychrobacter,Pseudomonas,Pseudoalteromonas,Aliivibrio,Enterovibrio,Listonella,Photobacterium,Vibrio,Lysobacter,Stenotrophomonas,Pyramidobacter,TG5,Cloacibacillus,Synergistes,Mycoplasma,Akkermansia,Rubritalea,Thermus
086A,urban,0,0,0,2.13951716184996,0,0,0,0,0,0,0,0,2.71697371451195,0,0,0,1.45296661468305,0,0,0,0,5.79779074192616,3.54471988073776,0,3.8751944502291,0,1.45296661468305,1.91976314248308,0,0,1.91976314248308,0,0,0,0,0,0,0,0,0,0,0,0,0,0,2.48021842546837,1.45296661468305,0,0,0,0,1.45296661468305,0,3.01758685133766,2.76036003745195,0,3.46691800453182,0,4.29353253303094,3.46691800453182,3.21580155655508,0,0,0,0,4.31936178442365,0,3.73849530116944,3.98765903197504,0,1.45296661468305,4.56515033181794,0,0,5.16297395173518,0,0,3.77391882664081,0,0,0,0,0,0,0,4.78608729287379,3.09095088781124,2.9693312347521,0,2.78052914528312,0,0,2.61453353383073,0,0,3.75552559034639,0,0,0,0,0,1.45296661468305,0,0,2.13951716184996,0,0,0,1.45296661468305,2.51788718974553,0,0,0,2.21817314284714,0,0,0,0,0,0,0,0,0,0,0,0,0,0,0,0,0,4.23950027378914,0,0,0,0,0,0,0,0,0,0,1.45296661468305,0,0,0,0,0,0,1.74627616765273,1.74627616765273,2.9563803807541,2.51788718974553,2.34245440350187,0,0,3.69992376210847,2.28474435382111,0,0,1.74627616765273,1.45296661468305,0,0,1.74627616765273,0,0,0,0,0,2.48021842546837,4.06067305430799,0,0,0,0,0,0,0,0,0,0,0,0,0,0,0,0,0,2.28474435382111,0,0
116A,urban,0,0,0,1.82831886616152,0,0,1.53369006343594,0,0,0,0,0,3.5623035985916,0,1.2451861754487,0,0,0,2.98364111285776,0,0,5.76505740882676,4.25681384203363,0,2.17690397039795,3.24531472579731,3.94326708444855,0,0,0,1.82831886616152,0,0,0,0,0,0,0,0,0,0,0,0,0,0,0,0,0,0,2.45174830342856,1.2451861754487,0,2.12611253324255,2.65209435010826,1.82831886616152,1.53369006343594,0,0,1.2451861754487,2.33571470679689,0,0,1.2451861754487,2.7390685653022,1.53369006343594,5.12507523793251,0,3.51436103499067,4.37693459255501,1.82831886616152,1.2451861754487,3.07745791916059,0,1.2451861754487,2.58262666534973,0,0,4.36341996424218,0,0,0,1.2451861754487,0,0,1.2451861754487,1.92393724031693,4.04846066186528,4.82679426937997,0,1.2451861754487,0,1.2451861754487,4.9252031254211,0,0,1.70552436086507,0,1.2451861754487,0,0,0,1.2451861754487,0,0,0,0,2.00225525469515,0,0,3.45291112103731,0,0,0,4.05485629915535,0,0,0,0,0,0,0,0,0,0,0,0,0,0,0,0,0,1.70552436086507,0,0,0,0,0,0,0,4.29092943630969,0,0,1.2451861754487,0,0,0,1.82831886616152,0,0,0,0,0,2.49989140092433,0,0,0,1.2451861754487,0,0,0,0,0,1.82831886616152,0,0,0,0,0,2.00225525469515,0,0,1.2451861754487,0,0,0,0,0,0,0,0,0,0,0,0,1.92393724031693,0,0,0,0,0,0,0
099A,urban,0,0,0,2.15934052569605,0,0,1.39598026740015,0,0,1.98475124123298,0,0,3.62131157927607,0,0,0,1.39598026740015,0,0,0,0,5.71885250129607,0,0,2.28352632258163,0,0,0,0,1.68819625181337,0,0,0,0,0,0,0,0,0,0,0,0,0,0,0,1.98475124123298,0,0,0,2.45886333426974,0,0,0,2.96970018548634,1.39598026740015,0,0,0,3.25347325969053,0,0,0,0,0,0,4.52244546812597,0,3.82694066801956,4.1024798241031,2.08076069296477,0,4.39937626616786,0,1.68819625181337,4.02948824672994,0,0,4.09169536009181,0,0,1.68819625181337,0,1.86130930264948,0,0,4.19443870848698,3.22352734142305,4.21388676442624,0,4.58473699576502,2.08076069296477,3.53665838211637,2.3344275747579,0,0,3.54855419406897,0,0,0,0,0,0,0,0,1.86130930264948,0,0,2.42121200673299,1.98475124123298,2.85589651360151,0,0,0,5.45317036812283,0,0,0,0,0,0,0,0,0,0,0,0,0,0,0,0,0,2.3344275747579,0,0,0,1.39598026740015,0,0,2.08076069296477,1.39598026740015,1.68819625181337,0,1.86130930264948,0,0,0,1.68819625181337,1.39598026740015,0,0,0,1.68819625181337,1.68819625181337,0,0,1.68819625181337,1.86130930264948,0,0,0,0,0,0,0,0,0,0,0,1.39598026740015,1.39598026740015,2.37998394437719,3.30266532340279,0,0,0,0,0,0,0,0,0,0,0,0,1.98475124123298,0,0,0,0,0,0,0
120A,urban,0,0,0,1.85483158102093,0,0,0,0,0,0,0,0,2.91619594578259,1.38967733161124,0,1.38967733161124,1.38967733161124,2.92841577055376,1.68176312920949,0,0,5.80418603850979,4.53745107516671,0,3.07953279733792,1.38967733161124,1.38967733161124,3.89017072083371,0,0,0,0,0,0,0,0,0,0,0,0,0,0,0,0,0,0,0,0,0,0,1.85483158102093,1.38967733161124,2.21932776870168,2.21932776870168,1.85483158102093,0,1.85483158102093,0,4.03722170654677,1.97825098738679,1.85483158102093,0,1.38967733161124,0,3.67488872968528,4.31362999868597,0,3.90313405311324,3.33558926228267,1.38967733161124,1.38967733161124,4.3339903152055,0,0,4.01410741502687,0,0,3.25833122405018,0,0,0,0,1.38967733161124,0,0,5.05103260946694,3.84733376758713,4.062719934438,0,3.05322645922921,2.21932776870168,1.85483158102093,4.3750796945578,0,0,2.45231754242617,0,1.38967733161124,0,0,0,2.21932776870168,0,1.68176312920949,0,0,0,2.86355755515899,0,2.21932776870168,0,0,0,4.38361192086838,0,0,0,0,0,0,0,0,0,0,0,0,0,0,0,0,0,4.64967791222956,0,0,0,2.83463486435916,0,0,0,3.59182011765292,3.42866758437868,0,0,0,0,0,1.38967733161124,0,0,0,0,1.68176312920949,1.85483158102093,1.97825098738679,0,0,2.95186991208099,0,0,0,1.97825098738679,1.68176312920949,0,0,0,0,0,0,1.97825098738679,1.85483158102093,1.68176312920949,3.17806913510584,0,0,0,0,0,0,0,0,0,0,0,0,1.38967733161124,0,0,0,0,1.38967733161124,0,0
15A,rural,0,0,0,0,0,0,0,0,0,1.24957260760022,0,0,3.58435998177888,0,0,1.24957260760022,1.24957260760022,2.58726404945405,0,1.24957260760022,0,5.39479222092089,3.77836677385189,0,2.65673352149569,0,3.47740911866467,3.08808896419344,0,0,5.54900370726145,0,0,0,0,0,0,0,0,0,0,0,0,0,0,1.71008271828673,0,0,0,2.22699413597176,0,1.53820418830649,0,3.25807493916895,2.00685872009702,1.24957260760022,1.92853161284341,0,3.54881660212046,2.22699413597176,0,1.24957260760022,0,0,2.93248920267058,4.36336414670251,0,3.92861310289533,3.75211815629495,0,2.18152267083987,4.12915919824074,0,0,4.65787073657163,0,0,3.44987484167609,0,0,0,0,0,0,0,4.83560979683893,3.65264283602434,5.13764542909364,0,0,4.02172024831863,0,4.27326463015562,0,0,2.76921893374119,0,0,0,0,0,0,1.24957260760022,0,0,0,0,1.71008271828673,0,1.24957260760022,0,0,0,0,0,0,1.24957260760022,0,0,0,0,0,0,0,0,0,0,0,0,0,0,4.35733023958278,0,0,1.24957260760022,2.0731943804643,0,0,0,3.00299416998828,1.24957260760022,0,1.53820418830649,0,0,0,0,0,0,0,1.24957260760022,2.64037992320913,2.0731943804643,1.92853161284341,0,0,3.59187847900088,0,1.24957260760022,0,1.24957260760022,1.71008271828673,0,1.24957260760022,0,0,0,0,1.24957260760022,1.92853161284341,2.43014738969206,3.88343304144238,0,0,0,0,0,0,0,0,0,0,0,0,0,0,0,0,0,0,0,0
25A,rural,0,0,0,2.00017072499022,0,0,1.53164629512864,0,0,0,0,0,3.69775044820017,0,0,0,0,0,2.12402279375519,0,0,5.80718221781563,3.72828260099791,0,2.00017072499022,0,0,0,0,1.53164629512864,1.53164629512864,0,0,0,0,0,0,0,0,0,0,0,1.53164629512864,0,0,2.12402279375519,0,0,0,0,0,0,0,2.22027949853752,2.12402279375519,0,3.20915085985846,0,3.58698467394217,3.110088178304,2.66575306777412,0,0,0,3.110088178304,4.25749095270679,1.82624467847908,4.08574840470334,4.45672065948916,2.22027949853752,1.82624467847908,4.62352512657659,0,0,4.81491932699636,0,0,4.33361971563879,0,0,0,0,1.53164629512864,0,0,4.20534972578128,4.01148907571158,3.15246067210683,0,0,0,0,4.40293233222248,0,0,1.53164629512864,0,1.53164629512864,0,0,0,1.82624467847908,0,0,1.53164629512864,0,0,2.47438813464508,0,3.03759878890451,0,0,0,0,0,0,0,0,0,0,0,0,0,0,0,0,0,0,0,0,1.53164629512864,4.97001685090373,0,0,0,0,0,0,0,3.26710926705425,0,0,1.53164629512864,0,0,0,0,0,0,0,0,1.53164629512864,1.82624467847908,0,0,0,1.82624467847908,0,0,0,0,1.53164629512864,1.53164629512864,0,0,0,0,0,1.53164629512864,0,0,2.74990845792359,0,0,0,0,0,0,0,0,0,0,1.53164629512864,0,0,0,0,0,0,0,0,0
7A,rural,0,0,0,2.81592824998787,1.33087523882671,0,0,0,0,1.62164878109316,0,0,2.70890402708671,0,0,0,1.62164878109316,0,2.15823959534265,0,0,5.62119068840677,3.02652633909172,0,3.3556287563442,1.33087523882671,2.21585428007392,2.48762087329736,0,4.08393648471296,2.65350244923212,0,0,0,0,0,0,0,0,0,0,0,0,0,0,2.01331660128504,0,0,0,3.33562067547222,0,0,1.33087523882671,4.81730183274703,2.54181226035548,0,2.92341645254136,0,3.71159915957277,2.63334498713293,2.70890402708671,0,0,0,3.61771502126352,4.86654326785679,0,4.37980045117499,3.92506306875839,0,2.15823959534265,4.72157382875044,0,0,4.51397600378075,0,0,4.02615847753917,0,0,1.33087523882671,0,0,0,0,5.22551666022995,3.26938925447013,4.94520060420971,0,0,0,0,3.66239126111703,0,0,3.1492714143237,0,1.79426668015296,0,0,0,1.62164878109316,0,0,2.09179531279521,0,0,2.21585428007392,1.33087523882671,2.21585428007392,0,0,0,0,0,0,0,0,0,0,0,0,0,0,0,0,0,0,0,0,0,4.18808935774042,0,0,0,0,1.62164878109316,0,2.31223557476157,2.58998562500156,0,0,0,0,0,0,0,0,0,0,0,0,1.62164878109316,1.33087523882671,0,0,2.48762087329736,0,0,0,0,0,0,0,0,0,0,0,1.62164878109316,0,2.01331660128504,3.19120754899008,0,0,0,0,0,0,0,0,0,0,0,0,0,0,0,0,0,0,0,0
21A,rural,2.72527661956948,0,0,1.67928573104771,0,0,0,0,0,0,0,0,3.40266628063719,0,0,1.67928573104771,0,3.37214073117335,0,0,0,5.56076500088043,4.05574512242807,0,5.42091913957977,2.51652279726085,3.74815140918631,3.97334288782217,0,0,1.97574746778155,0,0,0,0,0,0,0,0,0,0,0,0,0,0,0,0,0,0,0,1.21997163283311,0,1.21997163283311,2.71233641556269,1.89748372581858,1.67928573104771,2.1503052327343,0,4.52985203696877,2.51652279726085,0,1.89748372581858,0,0,2.72527661956948,3.70092174428578,0,4.2410574986479,3.50274605376364,0,3.46728534994272,4.15252833982723,0,0,4.27900594510255,0,0,3.22262336250305,0,0,0,0,1.67928573104771,0,0,5.0315177040197,4.18732476181042,4.87204954360581,0,3.3071369148115,3.599628771847,0,3.16640340991038,0,0,3.12780154722014,0,1.21997163283311,1.21997163283311,0,0,0,0,1.21997163283311,0,1.21997163283311,0,2.67102794857169,0,2.37092327646508,0,0,0,1.67928573104771,0,0,1.97574746778155,0,0,0,0,0,0,0,0,0,0,0,0,0,0,4.44681735623088,1.21997163283311,0,1.21997163283311,2.68523850568985,0,0,0,3.44110996970936,2.39883644238117,0,0,0,0,0,1.50771517806304,0,0,0,0,2.34109208137305,1.21997163283311,1.21997163283311,0,0,2.90951796016422,0,0,0,0,0,0,0,0,0,0,0,1.80194634474131,0,0,3.14268219526605,0,0,0,0,0,0,0,0,0,0,0,0,0,0,0,2.0995365917459,0,1.21997163283311,0,0
1A,rural,0,0,0,3.01378026182102,0,0,2.57781631883946,0,1.41750774117723,1.88341448072917,0,2.24813320063577,4.07913004664529,0,2.48119322828235,1.41750774117723,2.00693082028503,3.47990058183965,0,2.30581844712695,0,4.35820179439936,3.96764862743221,0,5.1492316440721,1.88341448072917,2.30581844712695,2.48119322828235,0,3.59658508796295,1.41750774117723,0,0,0,0,0,0,0,1.41750774117723,0,0,0,0,0,1.41750774117723,3.09112378899469,0,0,0,5.1934599978072,0,0,0,5.28751941669931,1.41750774117723,1.41750774117723,2.40229871525167,0,4.28539334595734,3.00306691456566,1.41750774117723,0,0,0,3.74307662926345,4.77072568080153,0,4.53476525545975,4.24507734764054,1.41750774117723,2.00693082028503,3.07304054943233,0,2.35673227491797,4.3295034980587,0,0,4.01445930185418,3.52780910569679,0,2.00693082028503,0,0,0,0,4.87275243881385,3.97696261862625,4.73584070604162,0,4.51151508733887,4.42343246323998,1.41750774117723,3.73510915275138,0,2.24813320063577,3.62598751804663,0,2.44353502405099,0,0,1.88341448072917,1.41750774117723,1.71015411574557,0,2.30581844712695,0,0,2.00693082028503,0,1.41750774117723,0,0,0,2.74378229220747,0,0,0,0,0,0,0,0,0,0,0,0,0,0,0,0,0,3.39197770119787,0,0,0,0,0,0,0,2.72361621086385,3.66312090354821,0,1.41750774117723,0,3.87630440320215,0,1.41750774117723,0,0,1.88341448072917,1.41750774117723,3.26413479621943,2.24813320063577,2.18159500835511,1.41750774117723,4.57435586644736,3.95085245948999,0,0,2.44353502405099,2.10298515353925,2.00693082028503,0,1.71015411574557,1.41750774117723,0,0,0,1.71015411574557,1.41750774117723,0,3.77171680191422,0,0,0,0,0,0,0,0,0,0,0,0,2.18159500835511,0,0,0,0,2.89249379726611,0,0
081A,urban,0,0,0,0,0,0,1.42660265281746,1.7194244223613,0,1.7194244223613,0,0,2.52526909167824,0,0,2.112363982466,1.42660265281746,0,1.89274476544776,0,0,5.56250107009841,4.36525333813552,2.01629138605086,5.48036296322139,2.19098605236757,0,3.46325600083765,0,0,1.89274476544776,0,0,0,0,0,0,0,0,0,0,0,0,0,0,0,0,0,0,1.42660265281746,0,0,0,2.96679962130833,2.19098605236757,0,1.42660265281746,0,3.15069783182801,2.79094269744814,0,0,0,0,3.85413363525714,4.13515440758173,0,4.24574330539777,3.4965263620667,0,4.07376564275159,4.36621518963154,0,0,4.63197380512027,0,0,3.42302929260794,0,0,0,0,2.45295394830966,0,0,4.78624702538555,4.09401017896466,4.40259877507991,0,4.68280667237566,0,0,0,0,0,3.2427853669112,0,0,0,0,0,0,0,0,1.42660265281746,1.42660265281746,0,2.25753298920883,0,1.7194244223613,0,0,0,1.42660265281746,0,0,0,0,0,0,0,0,0,0,1.42660265281746,0,0,0,0,0,0,4.46694774167547,0,0,0,0,0,0,0,0,0,0,1.42660265281746,0,1.42660265281746,0,2.01629138605086,0,0,0,0,2.01629138605086,1.7194244223613,0,0,0,2.31522480481549,0,0,0,0,0,0,0,0,0,0,0,1.89274476544776,0,1.89274476544776,2.71190199184975,0,0,1.42660265281746,0,0,0,0,0,0,0,0,0,2.49061494967354,0,0,0,0,0,0,0
3A,rural,0,0,0,2.24995913691628,0,0,1.48385157240559,0,0,0,0,0,2.96119538461446,0,0,1.95136474594924,1.48385157240559,3.44494627903178,1.19684652899438,0,0,4.42650300943787,3.6109147142227,0,5.74985801486832,0,3.0379583995563,3.15540404512544,0,3.53018451963461,4.8146408850372,0,0,0,0,0,0,0,0,0,0,0,0,0,0,0,0,0,0,2.3463803855654,0,0,1.19684652899438,3.37533746258298,2.12583378718767,0,2.28453332197452,0,3.70999248411662,2.71323792530152,1.77769550840537,0,0,0,3.22166775683283,4.77899593709936,0,4.57060160538994,3.94070004271624,0,3.85143673543295,3.48653356898747,0,1.19684652899438,4.39956050516012,0,0,3.62631313517419,3.55761492413862,0,0,0,1.19684652899438,0,0,4.61611707075591,3.81184821002953,4.06434073303537,0,1.19684652899438,4.76195437125331,0,4.00659054915553,0,0,3.06632858382717,0,0,0,0,0,0,0,0,1.48385157240559,0,0,1.95136474594924,0,4.60640674959408,0,0,0,1.19684652899438,1.19684652899438,0,0,0,0,0,0,0,0,0,0,0,0,0,0,0,0,3.18564521136775,0,0,0,0,0,0,0,2.42523548284715,0,0,0,0,0,0,0,0,0,1.48385157240559,0,2.07508738762268,1.48385157240559,1.19684652899438,0,0,2.96119538461446,0,0,0,0,1.19684652899438,0,0,0,0,0,0,1.65516536078871,0,1.48385157240559,2.4919491590234,0,0,0,0,0,0,0,0,0,1.19684652899438,0,0,0,0,0,0,0,0,0,0
6A,rural,0,0,0,1.83462497482714,0,0,0,0,0,0,0,0,2.1324654667442,0,1.53990456314096,0,0,0,2.30748833121632,0,0,5.77697827582837,3.28708450995237,0,1.83462497482714,1.25122521674663,2.91688467296675,0,0,0,1.53990456314096,0,0,0,0,0,0,0,0,0,0,0,0,0,0,1.71179963457872,0,0,0,1.71179963457872,0,0,0,2.60744729748872,2.4318918832918,0,2.00859250284328,0,3.48875442973085,3.17093813510489,1.53990456314096,0,0,0,3.54225734444536,4.05292334728845,0,4.03978299684942,3.69900568831251,1.53990456314096,2.07493059979364,4.15047237796882,0,1.25122521674663,4.63880087582888,0,0,3.70046521162259,0,0,0,0,1.71179963457872,0,0,4.72282353956237,3.70912082272339,5.20879805821239,0,0,3.61543375681154,1.25122521674663,4.26678821541647,0,0,3.03947247902958,0,1.25122521674663,0,0,0,1.25122521674663,0,0,0,0,1.83462497482714,1.83462497482714,0,2.4318918832918,0,0,1.25122521674663,0,0,0,0,0,0,0,0,0,0,0,0,0,0,0,0,0,0,4.65640831229837,0,0,0,0,0,0,0,3.80601386494496,3.32327874358501,0,0,0,0,0,1.25122521674663,0,0,0,1.25122521674663,1.25122521674663,2.64212690736466,0,0,0,2.30748833121632,0,0,0,2.52848046872799,0,1.25122521674663,0,0,0,0,0,1.71179963457872,0,2.4581263091853,2.1324654667442,0,0,0,0,0,0,0,0,0,0,0,0,0,0,0,0,0,0,0,0
18A,rural,0,0,0,1.69769279450364,0,1.40528805006837,1.69769279450364,0,0,0,0,0,2.7109278871736,1.87087047833619,0,1.87087047833619,1.40528805006837,3.20767600950584,1.69769279450364,0,0,5.71779004242446,4.22230950437534,1.40528805006837,3.34709949828072,2.16896722022214,3.45247400431894,3.65277721029886,0,4.87202602548463,2.23549335164884,2.46852312611758,0,2.16896722022214,1.40528805006837,1.69769279450364,2.16896722022214,1.87087047833619,1.87087047833619,1.40528805006837,1.40528805006837,0,0,0,0,2.09037421198255,0,0,0,3.02174450739597,0,0,0,3.00108005857404,2.16896722022214,1.40528805006837,1.40528805006837,1.40528805006837,3.51832821901112,2.56513771981381,1.69769279450364,0,0,0,3.65513059349382,4.7773904867142,1.40528805006837,4.27494020773153,4.21590425169382,0,4.27886521919676,3.58387565326627,0,1.40528805006837,4.27550310014689,0,0,3.74204987261414,0,0,1.40528805006837,0,1.69769279450364,0,1.40528805006837,4.45158668269302,4.32439709008647,4.670494157345,0,2.29316953736846,3.37031916741331,0,4.73206653437385,0,0,1.69769279450364,0,0,1.40528805006837,1.40528805006837,0,0,0,1.40528805006837,1.69769279450364,0,0,2.75036294402801,0,2.09037421198255,0,0,0,3.78238613664704,0,0,0,0,1.69769279450364,0,0,1.40528805006837,1.40528805006837,0,0,1.99434506447462,0,0,1.40528805006837,1.40528805006837,0,4.62642092278289,0,0,0,0,0,0,0,4.08162570836408,1.99434506447462,1.40528805006837,1.40528805006837,0,1.69769279450364,1.40528805006837,2.64412190795416,0,0,0,0,0,1.40528805006837,0,0,1.69769279450364,1.99434506447462,0,0,0,1.40528805006837,0,0,0,0,0,1.69769279450364,1.40528805006837,2.86557627331224,0,0,1.99434506447462,1.99434506447462,1.40528805006837,0,0,2.29316953736846,1.69769279450364,2.80351941010821,1.87087047833619,1.69769279450364,2.09037421198255,0,0,1.40528805006837,0,0,0,0,3.47791240670991,1.40528805006837,1.40528805006837
082A,urban,0,0,0,1.45290926527735,0,0,0,0,0,1.45290926527735,0,0,2.34239522935132,0,1.45290926527735,2.34239522935132,0,0,1.45290926527735,0,0,5.78397358278661,3.44608224048699,0,2.86927753452688,1.74621778956313,3.05049720242362,3.40128679681345,1.45290926527735,4.53146092094898,1.74621778956313,0,0,0,0,0,0,0,0,0,0,0,0,0,0,1.45290926527735,0,0,0,0,0,0,0,3.03978300248644,2.64243700623743,0,1.74621778956313,0,3.93430672369336,2.34239522935132,3.35659575370681,0,0,0,3.52381640851086,4.15419472555167,0,3.88142841386181,3.73407186341974,1.45290926527735,1.45290926527735,4.07982721018632,0,0,4.96714643192044,1.45290926527735,0,3.41976301977212,0,0,0,0,1.45290926527735,0,0,4.45604224640343,4.14407550247029,4.83248452961778,0,4.55725399878298,0,1.45290926527735,0,0,0,3.88608932863305,0,0,0,0,0,1.45290926527735,0,0,1.45290926527735,0,0,2.92919973856494,1.45290926527735,2.55248862604139,0,0,0,0,0,0,0,0,0,1.45290926527735,0,0,0,0,0,0,0,1.45290926527735,0,0,0,4.62117597803224,0,0,0,0,0,0,0,0,0,0,0,0,0,0,1.45290926527735,0,0,0,0,1.45290926527735,0,1.45290926527735,0,0,2.58458637111793,0,0,0,0,0,0,0,0,0,0,0,1.91970441324879,0,1.45290926527735,2.28468521807022,0,0,0,0,0,0,0,0,0,0,0,0,0,0,0,0,0,3.01752746407598,0,0
37A,rural,3.43948757556256,0,0,2.36203942537482,0,0,1.71538129162968,0,0,2.18689058437027,0,0,2.85367267150832,0,0,0,1.42263556701267,2.98613813060362,0,1.88867563436837,0,3.90427061901594,2.92493640490715,0,5.71890873857078,1.42263556701267,2.80452763766627,2.10827380909119,0,0,4.66646365612348,0,0,0,0,0,0,0,1.42263556701267,0,0,1.42263556701267,0,0,0,2.01220912899093,3.31992772558516,1.42263556701267,1.42263556701267,4.21884551834265,3.47051092165188,3.25740443074077,3.69824900570817,4.95294666210091,1.42263556701267,0,2.01220912899093,0,3.74840612381027,1.88867563436837,1.71538129162968,1.71538129162968,0,0,1.71538129162968,4.21075333393455,0,4.32079848891341,3.74043862957459,0,2.36203942537482,3.59070881636517,0,1.71538129162968,4.00692156298844,0,0,3.43544907316911,2.68555628358408,0,1.42263556701267,0,0,0,0,4.93981001179478,3.63900176432598,3.97532580277482,0,2.10827380909119,0,0,4.49547168307255,0,0,3.96585953127034,0,1.71538129162968,0,0,0,0,0,0,1.42263556701267,3.7562300771477,0,2.01220912899093,0,3.95983658904064,0,0,0,2.01220912899093,2.72893665136436,0,0,0,0,0,0,0,0,0,0,0,0,0,0,0,0,3.30374885939495,0,2.18689058437027,0,1.42263556701267,0,0,0,2.10827380909119,2.96268194403676,0,1.42263556701267,0,4.14787589768618,0,0,1.42263556701267,0,2.44884639595034,1.88867563436837,4.21414342026842,3.02956111943312,2.749103186951,0,0,4.48618572745614,0,0,0,2.10827380909119,2.55325054159095,0,2.01220912899093,1.88867563436837,0,0,0,2.01220912899093,1.42263556701267,0,3.82427230827776,1.42263556701267,0,0,0,0,0,0,0,0,0,0,0,0,0,0,0,0,0,0,0
28A,rural,0,0,0,1.46175611000574,0,0,0,0,0,0,0,0,2.56162985728321,0,0,0,0,2.05241950138414,0,0,0,4.15748654160286,2.92413195690937,0,5.87393120053848,0,2.95212835476522,2.70262786560351,3.93650195058976,2.8450541370778,4.60153630071503,0,0,0,0,0,0,0,0,0,0,0,0,0,0,0,0,0,0,0,0,0,0,2.05241950138414,1.46175611000574,0,2.05241950138414,0,3.38619097218388,2.52696704515057,1.46175611000574,0,0,0,1.46175611000574,3.95439731344581,0,4.11677224603607,3.50353429689728,0,4.13047249295547,4.22539351994597,0,1.46175611000574,3.17106207167641,0,0,3.15436786437203,0,0,0,0,0,0,0,4.63823358446401,3.90894476240198,3.27923049925448,0,0,0,0,4.67464599527188,0,0,2.74829921722591,0,0,0,0,0,0,1.46175611000574,0,0,0,0,2.35152064514775,0,3.76671380777264,0,0,0,0,0,0,0,0,0,0,0,0,0,0,0,0,0,0,0,0,0,4.15409383572687,0,0,0,0,0,0,0,3.17106207167641,1.92876192314671,0,0,0,0,0,0,0,0,0,0,0,0,0,0,0,2.14855900133068,0,0,0,0,0,0,0,0,0,0,0,1.75522169811582,0,0,2.72606362729944,0,0,0,0,0,0,0,0,0,0,0,0,0,0,0,0,0,0,0,0
108A,urban,0,0,0,0,0,0,0,0,0,0,0,0,2.62372787478784,0,0,2.27283456080612,0,0,0,0,1.97411553219894,5.84052912344458,4.24825935705493,0,3.2127854371971,0,0,0,0,2.36928090107625,0,0,0,0,0,0,0,0,0,0,0,0,0,0,0,0,0,0,0,3.08378283283544,0,0,0,2.36928090107625,1.67767090329622,0,0,0,4.65118432343405,2.36928090107625,0,0,0,0,3.55506296368297,4.25167434234205,1.67767090329622,4.28756696911467,3.37620408741076,0,1.97411553219894,4.16816780915541,0,0,4.59685808007999,0,0,3.61303978762688,0,2.14866751370285,0,0,2.36928090107625,0,0,4.65568006581599,4.41197782379124,4.37003774944636,0,3.68137892295489,2.14866751370285,0,2.62372787478784,0,0,2.36928090107625,0,0,0,0,0,0,0,0,1.67767090329622,3.7824662645187,0,0,0,2.27283456080612,2.14866751370285,0,0,3.16011341717142,0,0,0,0,0,0,0,0,0,0,0,0,0,0,0,0,0,4.14704869153252,0,0,0,0,0,0,0,3.51368237657261,2.27283456080612,0,0,0,1.67767090329622,0,0,0,0,0,1.67767090329622,0,4.04323890111706,0,0,2.57270444510505,2.14866751370285,0,0,0,0,2.14866751370285,2.62372787478784,0,0,0,0,0,1.67767090329622,0,0,2.27283456080612,0,0,0,0,0,0,0,0,0,0,0,0,2.71069021068668,0,0,0,0,1.67767090329622,0,0
20A,rural,0,0,0,2.48710842123191,0,0,0,0,0,0,1.33038512556268,0,4.2127167144871,0,0,0,1.33038512556268,3.24434605900263,2.61169332934863,0,0,5.38656985074827,4.39024428492111,1.33038512556268,5.54221634456736,0,0,0,0,4.9062026008599,1.79376081572226,0,1.33038512556268,1.79376081572226,0,0,0,0,0,0,0,1.33038512556268,1.9169503590218,0,0,2.15772904290135,2.48710842123191,0,0,2.21534328367291,0,2.7417516984687,2.51504871473102,3.57453363168129,1.9169503590218,0,1.79376081572226,0,4.67752397975412,2.67225263656629,0,0,0,0,1.79376081572226,4.59875389168762,0,3.94210703265181,4.22449783280758,1.62114694861164,2.98215072476996,3.3590081893888,0,1.62114694861164,4.50689419092875,0,1.33038512556268,3.60196479764544,0,0,1.62114694861164,0,0,0,0,3.65408871502414,4.14848006060756,3.54525232606075,0,3.79962749027774,4.17709649013483,2.99128467669851,4.67938149060907,0,0,3.16115822557881,1.33038512556268,0,0,0,0,0,0,0,2.09128535110157,0,2.63283205795064,0,0,2.67225263656629,0,0,0,2.85427603169514,0,0,0,0,0,0,1.33038512556268,0,1.33038512556268,0,0,0,0,0,0,0,0,3.35511485730238,0,0,0,0,0,0,0,4.36499718782365,1.33038512556268,0,1.33038512556268,0,0,0,2.85427603169514,0,0,0,0,2.56605381365152,2.69069755299001,1.33038512556268,0,0,3.0089957193836,0,0,0,0,0,1.62114694861164,0,0,0,0,0,3.14242200957701,0,0,2.56605381365152,1.33038512556268,0,0,1.33038512556268,1.33038512556268,0,1.33038512556268,1.33038512556268,1.33038512556268,1.33038512556268,0,0,0,0,0,0,1.33038512556268,0,0,0
39A,rural,0,0,0,2.59408480672055,0,0,1.52690075745559,0,0,0,0,0,2.81549098757001,0,0,1.82142794551436,1.52690075745559,3.22162725597995,1.82142794551436,0,1.52690075745559,5.77505988976657,4.13187644576583,0,4.1244890621218,0,2.29415926385808,2.46951453321534,0,4.06283713479979,0,0,0,0,0,0,0,0,0,0,0,0,0,0,0,1.99532978315395,1.82142794551436,0,0,0,0,1.52690075745559,0,2.85682328748349,2.55639676677504,0,3.07046819607402,0,3.56699245558707,3.60732525564125,2.76980728979707,0,0,1.52690075745559,3.40606142755733,4.66364041081404,0,4.41581585491062,4.32202795519878,2.41854612515679,0,4.91069807556205,1.52690075745559,1.99532978315395,4.74425303927301,0,0,4.28245705733194,0,0,1.52690075745559,0,0,0,0,4.098162161259,3.32018409399555,3.72606550943252,0,1.52690075745559,2.51512467604592,1.82142794551436,3.29216922206198,0,0,2.69077359172024,0,1.99532978315395,0,0,1.82142794551436,1.82142794551436,1.82142794551436,0,1.82142794551436,0,1.99532978315395,1.82142794551436,0,2.69077359172024,0,0,0,2.41854612515679,0,0,0,0,0,0,0,0,0,0,0,0,0,0,0,0,0,4.86307977205782,0,1.82142794551436,0,0,0,0,0,2.55639676677504,2.8761021856056,0,0,2.51512467604592,0,0,0,0,0,0,0,1.82142794551436,1.52690075745559,0,0,0,2.36079078204636,0,0,0,0,0,0,0,0,0,0,0,1.82142794551436,0,0,0,0,0,0,0,0,0,0,0,0,0,0,0,0,0,1.99532978315395,1.52690075745559,0,2.55639676677504,0,0
118A,urban,0,0,0,1.46347119616513,0,0,0,0,0,0,0,0,1.93051734379763,0,0,0,0,0,2.15032271761173,0,0,5.86004128616952,4.27566180368753,0,3.67624774770262,0,0,3.58192215900112,0,0,1.46347119616513,0,0,0,0,0,0,0,0,0,0,0,0,0,0,0,0,0,0,0,0,1.75696685832719,0,2.15032271761173,0,0,2.52873808469229,0,3.38294781697269,2.35328906226825,2.29557206908971,0,0,0,2.7712248879069,4.43773517779349,1.46347119616513,3.91518992786905,4.10631490635579,0,0,4.49360642539828,0,1.46347119616513,4.69551481397653,0,0,3.74281426052134,1.46347119616513,0,1.46347119616513,0,0,2.62539093688365,0,3.60066678963701,4.51498132766238,4.39865170716953,0,0,0,2.22899161395142,4.6380504594479,0,0,0,0,0,0,1.46347119616513,0,0,0,0,1.46347119616513,0,2.52873808469229,2.7913948426803,0,3.2614208139784,0,0,0,0,0,0,0,0,0,0,0,0,0,0,0,0,0,0,0,0,0,0,0,0,0,0,0,0,0,1.46347119616513,0,0,0,0,0,0,1.46347119616513,0,0,1.46347119616513,0,1.75696685832719,1.93051734379763,0,0,0,2.05418009763196,0,0,0,0,0,0,0,0,0,0,0,1.75696685832719,0,0,0,0,0,0,0,0,0,0,0,0,0,0,0,0,0,0,0,0,0,0,0
24A,rural,0,0,0,0,1.59878711993641,0,1.59878711993641,0,0,2.06855345040039,0,0,3.44519582261014,0,2.36772508664363,1.89431263265824,0,2.19256400129469,0,1.59878711993641,0,5.4516264028126,4.43033285379484,0,2.36772508664363,2.28891614918278,3.99768427784204,3.11951634616472,0,5.08822194577803,0,0,0,0,0,0,0,1.59878711993641,0,0,0,0,0,0,0,0,1.59878711993641,0,0,1.89431263265824,2.06855345040039,0,2.36772508664363,3.50692076887113,1.59878711993641,1.59878711993641,0,0,3.47434393386036,2.70251322998839,0,0,0,0,3.26004405256246,3.9037320461292,0,4.38706585273256,3.37322125672364,0,1.89431263265824,3.80525944271373,0,1.59878711993641,4.1524041319709,0,0,3.01948669197743,0,0,0,0,2.54319512124231,0,0,5.26940321819437,3.99768427784204,4.26167326444291,0,4.31364021676314,4.61953019140757,4.64538342124392,2.73463637104654,0,0,3.579048063208,0,1.59878711993641,0,0,0,0,1.59878711993641,0,0,0,0,2.58882826020677,0,2.76454625069733,0,0,0,2.19256400129469,0,0,0,0,0,0,0,0,0,0,0,0,1.89431263265824,0,0,0,0,3.71812437839823,0,0,0,3.38722613328301,0,0,0,3.59641766977395,0,0,1.59878711993641,0,0,0,1.59878711993641,0,0,0,1.89431263265824,1.59878711993641,0,1.89431263265824,0,0,3.26918246034133,0,0,0,0,0,0,0,0,0,0,0,1.59878711993641,0,0,2.36772508664363,0,0,0,0,0,0,0,0,0,0,0,0,1.89431263265824,0,0,0,0,5.16508735219732,0,0
119A,urban,0,0,0,1.74696564407024,0,0,0,0,0,0,0,0,4.31777815326463,0,0,0,0,0,2.99483027227049,0,0,5.8335898152593,4.37961760723996,0,0,0,3.82908753771301,0,0,0,1.74696564407024,0,0,0,0,0,0,0,0,0,0,0,0,0,0,0,0,0,0,0,1.74696564407024,1.74696564407024,2.21887095660264,2.7399092210027,0,2.04408956773918,0,0,3.67872831475101,2.58534589378265,0,0,2.04408956773918,2.21887095660264,3.70768613948147,4.34444274517241,1.74696564407024,4.09133576144656,4.38847066332414,0,2.04408956773918,4.26418649451379,0,0,4.18319132986418,1.74696564407024,0,3.98220134686876,0,0,0,0,3.53163744486283,0,1.74696564407024,4.37159380036286,4.02471638730859,4.41030777662602,0,1.74696564407024,0,0,4.46504456677484,0,0,2.43966895811711,0,0,0,0,0,1.74696564407024,0,0,1.74696564407024,0,0,0,1.74696564407024,2.43966895811711,0,0,0,2.5185871194365,0,0,0,0,0,0,0,0,0,0,0,0,0,0,0,0,0,3.64770082192615,0,0,0,0,0,0,0,3.93782525338119,0,0,0,0,0,0,2.04408956773918,0,0,0,2.04408956773918,3.84298411976133,4.43286102837795,2.04408956773918,0,0,3.79226656635383,2.04408956773918,0,0,0,3.5385842780348,2.7399092210027,1.74696564407024,1.74696564407024,0,0,0,2.04408956773918,0,0,0,1.74696564407024,0,0,2.34315327362352,0,0,0,0,0,0,0,0,1.74696564407024,0,0,0,0,0,0,0
34A,rural,0,0,0,1.76428910538705,0,0,0,0,0,0,0,0,4.99592974753096,0,0,1.47066854690177,1.18408864564165,0,1.18408864564165,0,0,5.57623034012498,2.69962725508939,1.18408864564165,2.06156643262364,0,0,0,0,4.31004837460469,0,0,0,0,0,0,0,0,0,0,0,0,1.18408864564165,0,0,1.64183425339069,0,0,0,2.78886628276411,0,0,0,2.78886628276411,0,0,1.76428910538705,0,3.72995979752663,1.85970193991616,1.18408864564165,0,0,0,3.29479049996074,3.86061464911609,0,4.20741194935961,3.25873421428987,0,2.60293400684072,4.40022101710021,0,1.18408864564165,4.70930983500845,0,0,3.63766469084133,0,0,0,0,0,0,0,5.49497789697001,3.37758962915572,4.72733850193642,0,3.57805170195518,0,0,3.93071634334017,0,0,2.53616777189997,0,0,0,0,0,1.18408864564165,0,0,1.18408864564165,0,0,1.18408864564165,0,1.18408864564165,1.18408864564165,0,0,0,0,0,0,0,0,0,0,0,0,0,0,0,0,0,0,0,0,3.53502902213771,0,0,0,0,0,0,0,0,0,0,0,0,0,0,1.47066854690177,1.18408864564165,0,0,1.64183425339069,0,2.00411257050089,1.18408864564165,0,0,2.38692545430508,0,0,0,1.18408864564165,0,0,0,0,0,0,0,1.64183425339069,0,1.18408864564165,3.44931165967928,0,0,0,0,0,0,0,0,0,0,0,0,0,0,0,0,0,0,0,0
091A,urban,0,0,0,2.1670601607174,0,0,0,0,0,0,0,0,2.82749831204901,0,0,0,0,1.47975658344749,1.47975658344749,0,0,5.8712727866392,2.98408859008262,1.77353186942942,2.67017302654895,2.1670601607174,0,1.47975658344749,0,1.77353186942942,1.47975658344749,0,0,0,0,0,0,0,0,0,0,0,0,0,0,1.77353186942942,0,0,0,2.64220617422712,1.77353186942942,0,0,2.07088855317763,2.24574843804721,0,0,0,3.37911921732679,2.37007017581936,0,0,0,0,2.5078674039501,4.44332008084011,0,4.46296195266742,3.52971017854423,0,1.94717770925513,4.29701560663406,0,0,4.89326426239326,0,0,3.48645492441218,0,0,0,0,2.07088855317763,0,0,4.38159590235209,3.99792193436417,4.32965532656776,0,4.16585727691631,1.47975658344749,1.47975658344749,1.94717770925513,0,0,2.42101683704182,0,0,0,1.77353186942942,0,0,1.94717770925513,0,0,0,0,1.77353186942942,0,1.47975658344749,0,0,0,3.37911921732679,0,0,0,0,0,0,0,0,0,0,0,0,0,0,0,0,0,4.12125496822554,0,0,0,2.1670601607174,0,0,0,0,0,0,0,0,0,0,0,0,0,0,0,0,1.47975658344749,0,0,1.47975658344749,1.47975658344749,0,0,0,0,0,0,0,0,0,0,0,0,0,0,1.77353186942942,0,0,0,0,0,0,0,0,0,0,0,0,0,0,0,0,0,3.31043450297822,0,0
098A,urban,0,0,0,0,0,0,1.23282367606773,0,0,0,0,0,3.22393547365516,0,1.23282367606773,1.69266748820026,0,0,0,0,1.23282367606773,5.77450465679802,3.87879800080947,0,2.8407383176316,1.69266748820026,2.88844581533047,3.49458354097469,0,0,1.69266748820026,0,0,0,0,0,0,0,0,0,0,0,0,0,0,1.23282367606773,0,0,0,0,1.23282367606773,1.23282367606773,0,2.28806702206369,0,0,0,0,3.57411445538735,2.25048180122619,0,2.05557892902462,0,0,2.86998682136062,3.66310310943205,0,4.68174157010948,2.88844581533047,0,1.23282367606773,4.53380994682868,0,0,4.00877455000758,0,0,2.43867617948678,0,0,0,0,0,0,0,5.22007247276728,4.17468749090878,4.29124121746511,0,3.24828067413927,1.23282367606773,0,4.41294555578729,0,0,2.28806702206369,0,0,0,0,0,0,0,1.23282367606773,0,0,0,2.16387340065669,0,1.23282367606773,0,0,0,0,0,0,0,0,0,0,0,0,0,0,0,0,0,0,0,0,0,4.59100728074859,0,0,0,0,0,0,0,3.53105306234891,0,0,1.23282367606773,0,0,0,2.11309295696231,0,0,1.52096045451237,0,1.52096045451237,2.25048180122619,2.11309295696231,0,0,3.08206365953493,0,0,0,0,0,1.23282367606773,0,0,0,0,0,2.05557892902462,0,1.69266748820026,2.66997028990796,0,0,0,0,0,0,0,0,0,0,0,0,0,0,0,0,0,4.1642797685253,0,0
100A,urban,0,0,0,1.45092996472351,0,0,0,0,0,0,0,0,3.338563972624,2.3403527987454,0,2.47811420604471,1.74420290115722,0,0,0,0,5.397314197844,3.49231943181719,0,5.5850798388484,0,1.45092996472351,1.45092996472351,0,0,0,0,0,0,0,0,0,0,0,0,0,0,0,1.45092996472351,0,0,0,0,0,2.3403527987454,0,0,0,2.39128487671671,0,0,0,0,2.73710107571518,1.45092996472351,0,0,0,0,2.61242745112646,3.89622776925132,0,3.98432306173299,3.79895575370385,0,0,3.98186271901356,0,0,4.0116584029734,0,0,3.5426092607234,0,0,0,0,1.74420290115722,0,0,4.37730104226584,3.94586897894755,4.09995124962865,0,4.63476575631853,2.66666037501083,1.74420290115722,4.88660621880701,0,0,2.1374212865511,0,0,0,0,0,0,0,0,1.45092996472351,0,2.3403527987454,2.1374212865511,0,2.3403527987454,0,0,0,4.33620786497271,0,1.9176773761236,0,0,0,0,0,0,0,0,0,0,0,0,0,0,0,5.08168209617066,0,0,0,0,0,0,0,3.13456347454369,0,0,0,0,0,0,1.74420290115722,1.45092996472351,0,0,0,0,1.74420290115722,0,0,0,1.45092996472351,0,0,0,0,0,0,0,0,0,0,0,1.74420290115722,0,0,0,1.74420290115722,0,0,0,0,0,0,0,0,0,0,0,0,0,1.45092996472351,0,0,2.47811420604471,0,0
084A,urban,0,0,0,0,0,0,2.02437979684604,0,0,1.5553935997217,0,0,2.69014850062041,0,0,1.85033663265635,1.5553935997217,2.02437979684604,0,0,1.5553935997217,5.76543407323978,4.10546007876758,0,3.22463337257605,0,3.60769832233385,3.42411032864513,0,0,0,0,0,0,0,0,0,0,0,0,0,0,0,0,0,1.5553935997217,0,0,0,1.5553935997217,0,0,0,2.49875514671401,2.32335199322417,0,1.5553935997217,0,3.83766249091592,2.84478445544617,0,0,0,1.5553935997217,3.91425392132937,4.64074740772493,0,4.39866964536493,3.94458303055969,0,1.85033663265635,4.48713616850867,0,0,4.70957173708063,0,0,3.66707827503449,0,0,1.5553935997217,0,0,0,0,4.92334956972736,3.91976234919218,4.87253685048258,0,3.07497764967844,3.18686834843615,1.5553935997217,4.33833766408901,0,0,2.65803199746424,0,0,0,0,0,2.02437979684604,0,0,0,0,1.5553935997217,2.24458308780368,0,2.02437979684604,1.5553935997217,0,0,2.92386221102609,0,0,0,0,0,0,0,0,0,0,0,0,0,0,0,0,0,4.17257193535642,0,0,0,0,0,0,0,0,1.85033663265635,0,0,0,0,0,1.5553935997217,0,0,0,1.85033663265635,2.62334942126357,3.62241800670159,1.5553935997217,0,0,2.94157027693329,0,0,0,0,2.58565483167059,1.5553935997217,1.5553935997217,0,0,0,0,1.5553935997217,0,0,1.5553935997217,1.85033663265635,0,0,0,0,0,0,0,0,0,0,0,2.39000401395926,0,0,0,0,2.32335199322417,0,0
107A,urban,0,0,0,1.69044801147605,0,0,0,0,0,0,0,0,1.69044801147605,0,1.69044801147605,2.52788631642136,1.69044801147605,0,0,0,0,5.84635728142859,4.23661805155936,0,4.19207133393324,0,2.91247892030719,3.50770815944768,0,0,0,0,0,0,0,0,0,0,0,0,0,0,0,0,0,1.98702626218426,0,0,0,0,0,0,0,1.98702626218426,1.98702626218426,0,2.28581315533491,0,3.09681941099317,2.46115413159381,2.28581315533491,0,0,0,3.36292799665014,3.66836336119064,0,3.78537333131888,3.66386383080747,0,0,4.43662657376523,1.69044801147605,0,4.5197307615642,0,1.69044801147605,3.52672561443931,0,0,0,0,1.98702626218426,0,0,4.70885651409204,4.3210056441683,4.24854928658105,0,0,0,2.46115413159381,4.56003217208434,0,0,1.98702626218426,0,0,0,0,0,0,0,0,1.69044801147605,0,2.16162340757744,2.58571724017535,0,4.09817356718237,0,0,0,0,0,0,0,0,0,0,0,0,0,1.69044801147605,0,0,0,0,0,0,0,3.66836336119064,0,0,0,0,0,0,0,3.98689454756218,1.69044801147605,0,1.69044801147605,0,0,0,1.98702626218426,0,1.69044801147605,1.69044801147605,1.69044801147605,3.00414808989341,4.22434975161325,1.69044801147605,0,0,3.45250366223338,0,0,0,1.69044801147605,2.96072767439815,2.79613678444577,0,0,0,0,0,1.98702626218426,0,0,0,1.69044801147605,0,0,0,0,0,0,0,0,0,0,0,0,0,0,0,0,0,0,0
35A,rural,1.47932792186966,0,0,1.47932792186966,0,0,1.47932792186966,0,0,0,0,0,1.77309598347046,0,0,0,0,2.07044896293583,0,0,0,4.48089226247828,3.16394840297065,0,5.88043883937167,1.77309598347046,2.50742542347828,2.42057516153108,0,0,0,0,0,0,0,0,0,0,0,0,0,0,0,0,0,0,2.24530759901359,0,0,0,0,0,0,2.07044896293583,0,0,0,0,3.08828439754434,2.50742542347828,0,0,0,0,2.86321604441824,3.94617234869694,0,4.20978214162767,3.42863028032177,0,2.72077989543908,3.91033815226571,0,0,4.43597232162775,0,0,3.03328472114857,0,0,0,0,0,0,0,4.61452580439292,3.14623204162992,4.011265540322,0,0,3.20531402009214,2.16661982205096,4.16800143386411,0,0,2.46616772514821,0,0,0,0,0,0,0,0,0,3.077827607806,0,1.77309598347046,1.47932792186966,3.11822399327508,0,1.47932792186966,0,3.21313452384858,0,0,1.77309598347046,0,0,0,0,0,0,0,0,0,0,0,0,0,0,3.52926695151827,0,0,0,0,0,0,0,2.64176382724566,2.97029582292831,0,0,0,0,0,1.77309598347046,0,1.47932792186966,2.72077989543908,2.61187137515013,3.96165764609848,3.640871119566,2.88022649579513,0,0,4.63700154407972,1.77309598347046,0,0,2.24530759901359,3.2208166883138,1.47932792186966,2.50742542347828,2.46616772514821,0,0,0,1.94673936075009,0,0,2.80777985493694,1.77309598347046,0,0,0,0,0,0,0,0,0,0,1.94673936075009,0,0,0,0,0,0,0,0
11A,rural,0,0,0,2.29967779661808,0,0,1.4115739548022,0,0,2.1754645350445,0,0,2.65064849008313,0,0,1.87732438108448,0,2.84218715872814,1.4115739548022,0,1.4115739548022,5.14537817667186,3.92337259790333,0,5.74895505442517,0,2.39615194218803,2.71745656991734,0,3.81277221747534,0,0,0,0,0,0,0,0,0,0,0,0,0,0,0,2.00082060050065,0,0,0,4.13558746791717,0,1.70410386145706,1.87732438108448,4.25953195204948,0,0,0,0,3.33412459870832,0,0,0,0,0,1.70410386145706,4.22757691366911,0,3.90634133099064,3.8338004604424,1.4115739548022,1.4115739548022,3.65457169171974,1.4115739548022,1.70410386145706,4.04668943023273,0,0,3.62495601623519,0,0,1.70410386145706,0,0,0,0,4.65733911391682,3.49145418551979,3.09372422378683,2.75689272328156,2.1754645350445,4.33791854758033,4.71828299947148,4.4017422583765,0,0,3.78186568300958,0,1.70410386145706,0,0,0,0,0,0,2.39615194218803,0,0,1.70410386145706,0,2.87210874057213,0,0,0,1.70410386145706,1.4115739548022,0,0,0,0,0,0,0,0,0,0,0,0,0,0,0,0,4.47105920864546,0,0,2.09686279773029,1.4115739548022,0,0,0,3.00761489723651,3.28112220225568,0,0,2.39615194218803,0,0,1.4115739548022,0,0,1.4115739548022,0,2.85740558705917,1.70410386145706,2.1754645350445,0,0,3.66633933784864,0,0,0,2.00082060050065,0,0,0,0,0,0,0,2.00082060050065,0,1.70410386145706,2.24199691591802,0,0,0,0,0,0,0,0,0,0,0,0,0,0,0,0,0,0,0,0
10A,rural,0,0,0,2.29059147461974,0,0,0,0,0,1.52342169565476,0,0,4.54324408822258,0,0,2.35722039118974,0,2.71516779130637,1.81789618485126,0,0,5.66872440523776,3.7727345981417,0,3.50157314803964,1.52342169565476,3.30976363703704,3.12332112755459,0,1.81789618485126,0,0,0,0,0,0,0,0,0,0,0,0,0,0,0,1.81789618485126,0,0,0,4.7224060454572,0,0,0,4.26305034243436,0,0,1.99178009962208,0,4.00718257865535,3.09034667744764,0,1.52342169565476,0,0,3.37962317015682,4.60259075524957,0,4.7124344079999,3.61752496907622,0,4.18509971163551,4.45912706150486,0,1.52342169565476,4.80841482956765,0,0,3.7006284460158,3.19173082737827,0,0,0,0,0,0,5.01550007622581,3.73817628441323,4.67397693587753,0,3.87010426832368,1.99178009962208,1.99178009962208,3.91166398099852,0,0,3.26632034520824,0,0,1.52342169565476,0,1.52342169565476,0,0,1.52342169565476,0,0,0,1.81789618485126,0,1.52342169565476,0,0,0,2.68719485012846,0,0,0,0,0,0,0,0,0,0,0,0,0,0,0,0,0,3.81347300242315,0,1.52342169565476,0,2.46594066762651,0,1.52342169565476,0,2.29059147461974,0,0,0,0,0,0,0,0,0,0,0,1.81789618485126,1.81789618485126,0,0,1.81789618485126,1.81789618485126,0,0,0,0,0,0,0,0,0,0,0,1.81789618485126,0,0,3.71711939922536,0,0,0,0,0,0,0,0,0,0,0,0,0,0,0,0,0,3.30976363703704,0,0
109A,urban,0,0,0,2.51633930160393,0,0,1.48797570922694,0,0,1.48797570922694,0,0,3.72167765628772,0,2.17550090782853,0,0,2.47507886133141,0,0,0,5.82348268232206,3.75016096015947,0,1.7818881219359,0,3.04221791467217,2.47507886133141,0,1.48797570922694,1.48797570922694,0,0,0,0,0,0,0,0,0,0,0,0,0,0,1.48797570922694,0,0,0,3.72897552112616,1.48797570922694,2.51633930160393,2.32079979969252,4.26322635047138,1.48797570922694,0,1.7818881219359,0,3.46940452770955,2.79653562059134,0,0,0,0,1.48797570922694,4.27160482937615,0,4.02754573701773,4.40509690692256,0,0,3.58767754429103,0,2.37853231425763,4.71117413147778,0,1.48797570922694,3.77904555701838,0,0,0,1.48797570922694,0,0,0,4.61003605609326,3.33714467446554,2.47507886133141,0,3.46054410571933,4.48351184701716,2.07931509938796,4.30806401811104,1.48797570922694,1.7818881219359,4.14851394096165,0,2.07931509938796,0,0,0,0,0,0,1.95558069319013,0,0,2.42948294874129,0,2.62079113455272,0,0,0,4.41465290803847,0,0,0,0,0,0,0,0,0,0,0,0,0,0,0,0,0,3.42802657830712,0,0,1.7818881219359,1.48797570922694,0,0,0,3.36590360785219,0,0,2.25419867904759,0,0,0,1.48797570922694,0,0,3.10742965707539,2.25419867904759,2.99257789314977,3.01810675229564,2.55401762765236,0,2.25419867904759,4.28655775579907,0,0,0,2.17550090782853,2.25419867904759,1.48797570922694,1.95558069319013,1.48797570922694,1.48797570922694,0,0,1.7818881219359,1.7818881219359,2.07931509938796,3.93905477469459,1.95558069319013,0,0,0,0,0,0,0,0,0,0,0,0,0,0,0,0,2.32079979969252,0,0
31A,rural,2.22022249802763,2.1239658789322,0,2.00011395240766,0,0,0,0,0,0,0,0,0,0,0,0,0,2.51994274936714,0,0,0,5.15851679995673,3.06307283781694,0,5.77160410333471,0,0,0,0,4.30326793945236,2.7746318755928,0,0,0,0,0,0,0,0,0,0,0,0,0,0,0,0,0,0,0,1.53159063537634,0,0,2.51994274936714,0,0,1.82618818825509,0,4.38315809783114,2.59890532015828,1.82618818825509,0,0,0,3.20014429723258,3.85314370185891,0,4.50853707336253,3.65226468305343,0,0,4.49223264825203,0,0,4.13983679976203,0,0,3.33837228071891,0,0,1.82618818825509,0,2.00011395240766,0,0,4.85967367432535,3.84091098553183,4.00439346409374,0,3.35766877251112,4.16013319133443,1.53159063537634,3.80649858713965,0,0,2.63358329122247,0,1.53159063537634,0,0,0,0,0,0,1.82618818825509,0,0,0,0,0,1.53159063537634,0,0,0,0,0,0,0,0,0,0,0,0,0,0,0,0,0,0,0,0,3.84297384920872,0,0,0,0,0,0,0,3.41089229197239,3.13173368264013,0,0,0,0,0,1.53159063537634,0,0,0,0,0,0,0,0,0,1.53159063537634,0,0,0,0,0,0,0,0,0,0,0,0,1.53159063537634,1.82618818825509,2.29896760136704,1.53159063537634,0,0,0,0,0,0,0,0,0,0,0,2.22022249802763,0,0,0,0,1.53159063537634,0,0
29A,rural,0,0,1.80157322157435,1.80157322157435,0,0,0,0,0,0,0,0,1.97537237100016,0,0,0,0,2.44941853935779,0,0,0,4.10004614295683,3.29319199048099,0,5.80121257404692,0,2.74967634921998,2.53628807906938,0,3.41287625258788,5.21962616097372,0,0,0,0,0,0,0,0,0,0,0,0,0,0,2.09916050030703,2.60864435346588,0,0,2.34071470331112,0,2.27409809557586,2.6986204251152,3.64906376754748,1.97537237100016,0,0,0,4.18029522716646,2.19537868286036,0,2.19537868286036,0,0,3.18411068841096,3.46226306055579,0,3.8400460298901,3.18411068841096,0,0,2.74967634921998,0,1.80157322157435,4.18118786023984,0,0,3.11721126826802,0,0,0,0,0,0,0,4.73692438808687,3.61430978089954,3.54683204082542,0,4.30253779026852,3.25729849467396,2.09916050030703,2.999215558935,0,1.50734785306305,3.39143374989326,0,1.80157322157435,1.80157322157435,0,0,0,0,0,2.09916050030703,3.44317685132516,0,0,0,3.43330969575658,0,0,0,2.19537868286036,0,0,0,0,0,0,0,0,0,0,0,0,0,1.50734785306305,0,0,0,3.97797581332284,0,2.39845884902571,1.97537237100016,0,1.80157322157435,0,1.50734785306305,2.6986204251152,3.36305029302768,0,1.97537237100016,0,3.52314428881883,0,1.50734785306305,1.50734785306305,0,1.50734785306305,1.97537237100016,2.85596363182328,2.60864435346588,2.49502170255621,0,0,4.26303130988139,0,0,0,1.80157322157435,1.50734785306305,0,1.50734785306305,0,0,0,0,1.97537237100016,0,2.816512714429,2.9255099076035,0,0,0,0,0,0,0,0,0,0,0,0,1.50734785306305,1.50734785306305,0,0,0,0,0,0
101A,urban,0,0,0,1.3575598901051,0,0,0,0,0,1.3575598901051,0,0,4.08628796134917,0,0,2.29451673564178,0,0,1.3575598901051,0,0,5.81121608297662,4.31259716633551,0,3.53131672762308,2.75380391465401,3.68254681856783,3.26771777690654,0,0,2.59444318837097,0,0,0,0,0,0,0,0,0,0,0,0,0,0,1.6489514909998,0,0,0,2.04100408736482,0,1.82178182356649,0,2.61786612526461,0,1.6489514909998,1.3575598901051,0,4.43948346697089,1.945080868906,1.3575598901051,0,0,2.1860016054746,1.3575598901051,4.29232899324965,1.82178182356649,4.03183164002353,3.87341657865455,1.3575598901051,1.3575598901051,4.69160472270278,0,1.3575598901051,4.75504513552568,2.1195262225223,1.3575598901051,3.74638217710918,0,0,0,0,2.71910560054695,2.1195262225223,0,4.50951166631654,4.3938423305876,4.17757123188502,0,3.54230891737823,0,0,1.6489514909998,0,0,2.04100408736482,0,0,0,0,0,0,0,0,0,0,0,2.59444318837097,0,2.59444318837097,0,0,0,2.951334249372,0,0,0,0,0,0,0,0,0,2.04100408736482,0,0,0,0,0,0,0,4.71300429283393,0,0,0,0,0,0,0,0,0,0,0,0,0,0,0,0,0,0,0,1.82178182356649,1.6489514909998,0,0,0,2.24363966134279,0,0,0,1.3575598901051,0,0,0,0,0,0,0,1.3575598901051,0,0,1.945080868906,1.3575598901051,0,0,0,0,0,0,0,0,0,0,0,0,0,0,0,0,0,0,0
083A,urban,0,0,0,0,0,0,0,0,0,0,0,0,3.9549261967655,0,0,0,0,0,0,0,0,5.834707075292,2.6912076809872,0,1.74398220226951,1.45071317378207,0,2.51555832362416,0,0,0,0,0,0,0,0,0,0,0,0,0,0,0,0,0,1.45071317378207,0,0,0,0,0,0,1.45071317378207,3.07886502454903,2.28242053839721,0,0,0,3.44804206334431,2.55021849247146,0,0,0,0,2.58231578187062,4.22324436726442,0,3.62267429490368,2.88277728764187,1.45071317378207,4.11903017154368,3.74262461874068,0,1.45071317378207,4.71540907765975,0,0,2.8670040889154,0,0,0,0,1.45071317378207,0,0,5.08370629803392,3.61413257845039,3.74475836319221,0,0,0,0,4.0902237401241,0,0,1.74398220226951,0,0,0,0,0,0,0,0,0,0,0,1.74398220226951,0,2.61220324957735,0,0,0,2.51555832362416,0,0,0,0,0,0,0,0,0,0,0,0,0,0,0,0,0,4.75810333703351,0,0,0,0,0,0,0,3.20617227137916,0,0,0,0,0,0,0,0,0,0,0,1.45071317378207,1.45071317378207,0,0,0,2.73687673722666,0,0,0,0,0,0,0,0,0,0,0,1.45071317378207,1.45071317378207,1.74398220226951,3.68555961564263,0,0,0,0,0,0,0,0,0,0,0,0,1.45071317378207,0,0,0,0,0,0,0
13A,rural,0,0,0,2.18459617592703,0,0,0,0,0,1.49683682031822,0,0,3.44197608961702,0,0,0,1.49683682031822,0,2.18459617592703,0,1.49683682031822,5.85369830239889,3.990677947665,0,3.52033527331513,0,2.9304457607509,0,0,0,2.26330397255538,0,0,0,0,0,0,0,0,0,0,0,0,0,0,1.49683682031822,2.26330397255538,0,0,1.79089414510345,0,0,0,3.5510856760966,2.56314808164751,0,3.00172443089282,0,3.61321730317866,3.22340011664326,2.48420427211074,0,1.49683682031822,0,0,4.65800904740534,0,4.03911989302857,4.59539372895085,2.65982052826295,1.49683682031822,3.93461462628249,0,0,4.52220487041067,0,0,3.77731645586934,0,0,1.49683682031822,0,0,0,0,4.12428443489715,3.75002666219425,2.78452156845468,0,4.435586074665,1.49683682031822,1.49683682031822,1.79089414510345,0,0,4.27519243788633,0,1.49683682031822,0,0,0,0,0,0,1.49683682031822,0,1.79089414510345,2.9304457607509,0,2.68778983995435,0,0,0,4.38966894284752,0,0,0,0,0,0,1.79089414510345,1.49683682031822,0,0,0,0,0,0,0,0,0,4.25144014522413,0,0,0,0,0,0,1.49683682031822,0,0,0,1.49683682031822,0,0,0,0,0,0,0,0,2.84512636174209,1.96463607946151,0,0,0,2.89830028546116,0,0,0,0,0,0,0,0,0,0,0,1.49683682031822,0,0,3.26116703969951,0,0,0,0,0,0,0,0,0,0,0,0,0,0,0,0,0,0,0,0
093A,urban,0,0,0,1.8863027305883,0,0,0,0,0,0,0,0,2.44645091857451,0,0,0,1.42032260234732,0,2.18450220724293,0,0,5.61518399853888,4.9608935030643,0,1.8863027305883,0,2.63495848629484,0,0,0,0,0,0,0,0,0,0,0,0,0,0,0,0,0,0,0,0,0,0,0,0,1.42032260234732,0,2.70538855514351,0,0,0,0,3.57387945202468,0,0,0,0,1.71302366199558,0,3.81010930178676,0,3.20994974021413,4.0120701435054,1.42032260234732,0,2.35964584552309,0,1.42032260234732,2.25104312684386,0,0,3.47919293003099,0,0,0,0,1.8863027305883,0,0,2.18450220724293,3.48642895752833,3.456732062103,0,1.42032260234732,5.29842903070278,1.71302366199558,4.92254709833572,0,0,0,0,0,0,0,0,0,0,0,1.42032260234732,0,0,0,1.42032260234732,2.85127199445357,0,0,0,4.76125371948444,0,0,0,0,0,0,0,0,0,0,0,0,0,0,0,0,0,5.08320583544562,0,0,0,0,0,0,0,0,0,0,0,0,0,0,1.8863027305883,0,0,0,0,1.42032260234732,2.40521356355331,0,0,0,1.42032260234732,0,0,0,0,0,0,0,0,0,0,0,2.44645091857451,0,0,0,1.42032260234732,0,0,0,0,0,0,0,0,0,0,0,0,0,0,0,0,2.25104312684386,0,0
094A,urban,0,0,0,1.71025052167817,0,0,0,0,0,0,0,0,4.00709788543306,0,0,0,0,0,1.4176023041378,0,0,5.87080544232883,4.26875354527453,0,2.65690428338882,0,0,1.4176023041378,0,0,1.71025052167817,0,0,0,0,0,0,0,0,0,0,0,0,0,0,1.4176023041378,1.4176023041378,0,0,2.00702817490751,0,0,0,2.63213698599774,2.00702817490751,0,0,0,1.71025052167817,1.4176023041378,0,0,0,0,0,3.52137848288241,0,3.09122203146019,2.70256607043671,0,0,3.438258635912,0,1.71025052167817,0,0,0,2.24823096757953,0,0,0,0,1.71025052167817,0,0,1.71025052167817,3.66084002081325,2.35683016470257,0,0,5.11391559529111,0,4.1298707879539,0,0,2.00702817490751,0,0,0,0,0,0,0,0,0,0,0,0,0,3.30937188002995,0,0,0,2.18169268337037,0,0,0,0,0,0,0,0,0,0,0,0,0,0,0,0,0,4.81931306391466,0,0,1.4176023041378,0,0,0,0,0,0,0,0,0,0,0,0,0,0,1.71025052167817,0,1.71025052167817,1.71025052167817,0,0,0,3.23977299658703,0,0,0,0,1.88351151705388,0,0,0,0,0,0,1.71025052167817,0,0,2.72371434725853,0,0,0,0,0,0,0,0,0,0,0,0,0,0,0,0,0,0,0,0
085A,urban,0,0,0,1.24119161828661,0,0,0,0,0,0,0,0,3.01528538317074,0,1.24119161828661,0,0,0,1.24119161828661,0,0,4.91718492891765,2.67883411738178,0,5.86754008476278,0,0,0,0,0,2.21816132527046,0,0,0,0,0,0,0,0,0,0,0,0,0,0,0,0,0,0,1.99806104169053,0,1.99806104169053,1.24119161828661,2.06438418693908,0,0,2.36353785808662,0,4.4475198809449,1.91975139598538,2.33149779552484,0,0,2.73483976548676,2.70773911199996,3.87454817715464,1.24119161828661,2.64786727166723,3.20256958075448,1.52957806084781,1.70137165990885,3.61703080437937,0,0,4.50244436594144,0,0,2.82895360899365,0,0,0,0,1.91975139598538,0,0,4.60381503340628,3.52740817301441,3.33299843591026,2.87885758720598,3.45120749599343,2.55914818852667,1.70137165990885,1.24119161828661,0,0,3.45372426397298,0,0,1.24119161828661,0,0,1.24119161828661,0,1.24119161828661,1.52957806084781,0,2.29690435269844,0,0,2.21816132527046,0,0,0,0,0,0,0,1.24119161828661,0,0,0,0,0,0,0,0,0,0,0,0,0,3.99875760336255,0,0,0,0,0,0,1.24119161828661,3.22861920266365,0,0,0,0,0,0,1.24119161828661,0,0,1.24119161828661,1.24119161828661,1.99806104169053,2.06438418693908,1.99806104169053,0,0,3.89772539763202,2.36353785808662,1.24119161828661,0,1.24119161828661,1.24119161828661,0,0,0,0,0,0,1.52957806084781,0,0,1.52957806084781,0,0,0,0,0,0,0,0,0,0,0,0,2.33149779552484,0,0,0,0,4.45907454904483,0,0
