Sample_ID,ruralurban,Puniceicoccaceae,Micrococcaceae,Moraxellaceae,Paenibacillaceae_1,Actinomycetaceae,Methylocystaceae,Acidaminococcaceae,Cytophagaceae,Sphingomonadaceae,Dermabacteraceae,Methanobacteriaceae,Enterobacteriaceae,Campylobacteraceae,Aeromonadaceae,Ruminococcaceae,Bacillaceae_1,Vibrionaceae,Rhodospirillaceae,Pasteurellaceae,Rubritaleaceae,Bacteroidales_incertae_sedis,Porphyromonadaceae,Rhizobiaceae,Coxiellaceae,Corynebacteriaceae,Coriobacteriaceae,Francisellaceae,Verrucomicrobiaceae,Flavobacteriaceae,Bifidobacteriaceae,Victivallaceae,Rikenellaceae,Methylobacteriaceae,Burkholderiales_incertae_sedis,Streptococcaceae,Leptotrichiaceae,Oxalobacteraceae,Comamonadaceae,Fusobacteriaceae,Shewanellaceae,Desulfovibrionaceae,Neisseriaceae,Erythrobacteraceae,Peptococcaceae_1,Aerococcaceae,Thiotrichales_incertae_sedis,Leuconostocaceae,Clostridiaceae_1,Promicromonosporaceae,Prevotellaceae,Bacteroidaceae,Erysipelotrichaceae,Helicobacteraceae,Microbacteriaceae,Brevibacteriaceae,Pseudomonadaceae,Cardiobacteriaceae,Bdellovibrionaceae,Mycoplasmataceae,Carnobacteriaceae,Halomonadaceae,Clostridiales_Incertae_Sedis_XIII,Rhodobacteraceae,Enterococcaceae,Staphylococcaceae,Veillonellaceae,Chloroplast,Phycisphaeraceae,Aurantimonadaceae,Succinivibrionaceae,Lactobacillaceae,Lachnospiraceae,Clostridiales_Incertae_Sedis_XI,Alcaligenaceae,Thermaceae,Alcanivoracaceae,Synergistaceae,Caulobacteraceae,Pseudoalteromonadaceae,Brucellaceae,Sutterellaceae,Eubacteriaceae,Peptostreptococcaceae,Xanthomonadaceae,Bacillales_Incertae_Sedis_XI
25A,rural,0,0,0,0,1.76485627605202,0,4.48993698518575,0,0,0,0,3.77755467346872,1.18462799248788,0,5.02678680443983,0,0,0,2.60350966233689,0,0,3.91799918422421,0,0,1.18462799248788,2.11287262452389,0,0,1.47122612938058,3.49979785787811,0,3.37816648178213,0,0,1.86027106792575,0,0,0,0,0,3.24893473824615,0,0,0,1.18462799248788,0,0,3.76706573068002,0,2.77924006549316,5.62761600655322,3.69443204145237,0,0,0,0,0,0,0,1.76485627605202,1.47122612938058,1.18462799248788,0,0,0,2.06213852211296,2.00468395208394,0,0,0,0,5.52587505740735,1.76485627605202,1.18462799248788,0,0,0,0,0,0,4.82496336926365,1.47122612938058,3.26609327407366,1.18462799248788,1.64239819156278
35A,rural,0,0,1.27375385494112,0,1.27375385494112,0,4.11334961490288,0,0,0,1.27375385494112,5.04070454226091,0,1.27375385494112,4.94372519325435,0,0,0,2.85266342681915,0,0,3.64278911924982,0,0,1.56306604769962,2.29360056156941,0,1.27375385494112,0,1.56306604769962,1.85811640864459,3.1745632339516,0,0,1.85811640864459,0,0,1.27375385494112,3.1533884621453,1.73518004547857,3.11955492937732,0,0,0,0,0,0,2.25242871416753,0,5.76590760899548,4.36827662678529,3.55546555685707,0,0,0,0,0,0,0,1.27375385494112,1.95382055108814,0,0,2.03219601926431,0,3.47544793024622,0,0,0,0,0,5.20894191739511,0,0,0,0,0,0,0,0,3.53115451570558,0,2.74214210485045,1.73518004547857,1.27375385494112
091A,urban,0,0,0,0,1.85288340879481,0,2.38003924882061,0,0,0,0,3.14372350620317,0,0,5.11378046652186,0,0,0,1.75749422440038,0,0,2.72837235373197,0,0,0,1.99726680825417,0,3.16925978558812,0,2.65389090827334,0,3.49426842412125,0,0,1.75749422440038,0,2.15085567629158,0,3.22721496601223,0,1.63507842680244,0,0,0,0,0,1.75749422440038,2.15085567629158,0,3.15667930878156,5.63576360269448,3.79912325650713,0,0,0,0,0,0,0,1.17762980259403,1.46398949757097,0,0,0,0,3.96273677105903,1.85288340879481,0,0,0,2.40476224994795,5.61345753611278,1.93104780229916,0,0,0,0,0,0,0,1.93104780229916,0,2.15085567629158,0,0
29A,rural,1.24370791877932,1.24370791877932,0,0,1.70398775646182,0,3.11615397436978,0,0,0,0,4.48255418310452,1.70398775646182,1.24370791877932,5.08501675306339,0,0,0,3.14278638437387,0,0,3.50388782167083,0,0,0,2.65053030849437,0,0,0,2.00070333649073,1.92238840924297,3.14278638437387,0,0,3.48550812695151,0,1.70398775646182,2.12455673877573,2.00070333649073,1.24370791877932,2.69619068042196,1.70398775646182,0,0,0,0,2.33415441558869,2.39603397159534,0,5.84861269880136,3.95063679909949,3.78997365541782,0,0,0,0,1.24370791877932,0,0,2.00070333649073,1.82677464282288,1.82677464282288,0,2.29955994437991,0,4.56397192514829,1.82677464282288,0,0,3.5215211526558,2.17534687953703,4.81960901912385,1.24370791877932,0,0,0,1.70398775646182,0,0,0,3.88570384003826,1.53216847356389,2.56180986858746,0,1.53216847356389
28A,rural,0,0,0,0,1.19934146067349,0,4.63623642251763,0,0,0,0,2.69039304978178,0,0,5.03336625062781,0,0,0,2.60343969909524,0,0,3.45894500003177,0,0,0,2.31920779541175,0,1.19934146067349,0,2.37693935693802,0,3.38335958224831,0,0,1.95399878415026,0,0,0,0,0,3.15806593029275,0,0,0,0,0,0,3.3964759128418,0,5.84822562202128,4.05977109945034,3.91923262788586,0,0,0,0,0,0,0,0,1.48642814716734,1.48642814716734,0,0,0,2.76280740117298,0,0,0,0,0,5.0235983743242,1.48642814716734,0,0,0,0,0,0,0,3.78911097280492,0,2.91970312712126,0,0
099A,urban,0,1.8686825778587,0,0,2.07059334981326,0,2.39599360405181,0,0,0,0,3.90342277966283,1.65073377825172,0,4.67542137712842,0,0,0,3.23223654085696,0,0,2.56292593813418,0,0,1.19260363450131,2.12133552304229,0,0,0,3.54593679810538,0,3.23593053032714,0,0,2.79795674969941,0,1.19260363450131,0,5.3478077860425,1.19260363450131,1.77323915323696,1.8686825778587,0,0,0,0,0,1.19260363450131,0,2.96360924637163,5.57230866389577,3.24322556466278,0,0,0,0,1.19260363450131,0,0,1.19260363450131,1.47946871795162,0,0,0,0,4.58623312344662,0,0,0,1.19260363450131,2.48743147281691,5.47381084480467,0,0,0,0,2.20788813418179,0,0,0,1.77323915323696,1.19260363450131,1.47946871795162,0,1.65073377825172
20A,rural,0,0,1.0764244007575,0,2.29585990836091,1.0764244007575,4.69005881758871,0,0,0,0,4.1573403319048,1.0764244007575,0,4.89324226325801,0,1.82311151925841,1.35885072999639,2.48695991129521,0,0,4.43616651211988,0,0,0,3.27161288557905,1.0764244007575,1.0764244007575,1.52855935810502,4.10845604759256,0,3.69264903077828,0,0,3.41330040702902,0,0,0,2.84518506139172,2.57103098019827,4.2779569686359,1.0764244007575,1.0764244007575,0,0,0,2.6076592244624,2.36249265914545,1.0764244007575,5.52766895890503,5.25523854384776,3.39649352695651,0,0,0,1.0764244007575,0,0,1.0764244007575,1.65027125507837,2.93651438493056,1.52855935810502,1.0764244007575,2.1553751178085,1.7452335929261,4.81041923293281,1.35885072999639,0,0,0,2.04234183662252,5.29905406599093,0,0,0,0,0,0,1.0764244007575,0,3.29145942099765,1.7452335929261,2.98331855485925,0,1.65027125507837
084A,urban,0,1.13561349816043,1.59101298489156,0,0,0,4.29770024007372,0,0,0,0,4.99006230494228,0,0,5.30329789733956,0,0,0,1.13561349816043,0,0,4.14835428366321,0,0,0,2.21918247314101,0,2.25117984371256,0,2.42645847911117,0,4.05106094079267,0,0,2.14710823797848,0,0,0,2.64765603324279,1.13561349816043,1.71315848824974,0,0,1.59101298489156,0,0,0,2.60882960059889,0,3.22996998412535,5.5093381881052,3.56810963030171,0,0,0,0,0,0,0,0,1.59101298489156,0,0,0,0,3.29316223265343,0,0,0,0,1.13561349816043,5.49828652526316,2.1846387964226,0,0,0,2.10602495357143,0,0,0,3.88728295657178,1.13561349816043,2.89555377285189,0,1.13561349816043
086A,urban,0,0,0,0,1.84414170043156,0,2.56605878332961,0,0,0,0,4.09439102897806,1.09601749495645,0,5.23746858940605,0,0,0,3.95795195595408,0,0,3.8507773407123,0,0,0,1.91019931129333,0,2.10454758766957,1.5492854976759,2.60487573116783,0,2.52342881076015,0,0,2.75945395463425,0,0,0,1.84414170043156,0,1.37928149557333,0,0,0,0,0,1.09601749495645,4.24980347695766,0,3.7707643746099,5.58412487890189,3.75353118526041,0,0,0,0,0,0,0,1.67114830832342,0,0,0,0,0,3.81490640538738,1.5492854976759,0,0,0,0,5.55636793065812,1.09601749495645,0,0,0,0,0,0,0,4.10897944056645,1.37928149557333,3.57835624455995,0,1.67114830832342
15A,rural,0,1.22793271533271,0,0,1.39537332950736,0,4.18510067520778,0,0,0,0,4.06806583672974,1.22793271533271,0,5.40291315028327,0,0,0,3.81323610667257,0,0,4.20836661669613,0,0,0,2.64177071749414,0,0,0,3.49273246632955,0.951866475732265,3.8772819847185,0,0,3.02467817224421,0,2.01854088908307,0,0,0,3.03753511857877,0,0,0,0,0,1.61017531734811,3.12345945936907,0,5.39107845117034,5.2877546980414,3.32057942035194,0,0,0.951866475732265,0,0,0,0,0.951866475732265,1.51592125711997,0.951866475732265,0,0,0,4.12264482508937,1.75324795528801,0,0,0,1.90584417720669,5.32032431645544,1.22793271533271,0,0,0,0,0,0,0,4.24286354130174,0.951866475732265,2.6721928572962,0,1.22793271533271
1A,rural,0,1.81219148072677,0,0,2.83139345782639,0,3.90793420287808,0,0,0,0,4.71884505028875,1.13919909114358,0,5.37669148408022,0,0,0,3.65802226030648,0,0,4.09994753816704,0,0,2.28482794622723,3.41414023213781,0,2.81471287382663,0,3.95100259964012,0,3.55375619993218,0,0,5.02597738356446,0,0,0,2.75070121763828,0,3.58080710293554,0,0,3.38995501098811,0,0,0,2.98773735898226,0,5.02414393733538,4.23490136051255,3.45493404741016,0,0,0,0,0,0,0,2.36363336091375,1.89025586380436,2.43031150030703,0,0,0,4.83312890275486,1.13919909114358,0,0,3.86544790333204,4.94759078936149,5.41331080435222,2.06447927809121,0,0,0,2.15094824084398,0,0,0,3.36434311036144,1.42417605686472,3.19311512481167,0,2.22302667229852
100A,urban,0,0,1.53109698632864,0,1.24266703494127,0,4.91892259936343,0,0,0,0,3.45024058046244,0,0,5.13143680056458,0,0,0,0,0,0,3.63216509666348,0,0,0,2.57996218614833,0,2.4738240755582,0,3.31072452537027,0,3.83728966180509,0,0,2.17425031640012,1.70290566423309,0,1.24266703494127,4.24201127098725,1.53109698632864,3.11505087561181,0,0,0,1.24266703494127,0,0,1.53109698632864,0,5.47262972352216,5.30953247530718,3.37261066193229,0,0,0,0,1.24266703494127,0,0,0,1.82568716898405,0,0,0,0,4.56793145333473,0,0,0,0,2.12346109140021,5.03854242776137,0,0,0,0,1.24266703494127,0,0,0,4.9823908869736,1.24266703494127,1.99961042724509,0,1.53109698632864
11A,rural,0,1.98799761817448,0,0,2.09614880981191,0,4.31278356128547,0,0,1.16889375272177,0,3.95137376247163,0,0,4.98629730798978,0,0,0,2.3166031429237,0,0,4.0601361191093,0,0,1.16889375272177,2.78258157430467,0,0,0,2.57094354349585,0,2.89484031552451,0,0,4.09075507891581,1.16889375272177,1.16889375272177,0,1.45495016154155,1.16889375272177,3.33726872452236,0,0,0,0,0,1.62593326083788,0,0,5.64846157731291,5.02099741990483,3.86110555192808,0,0,0,0,0,0,1.62593326083788,1.16889375272177,1.84365177774735,2.3166031429237,1.16889375272177,0,0,4.94716770548916,0,0,0,2.4188242109859,3.95403785705968,5.21907700721754,0,0,0,0,0,0,0,0,4.38072280802466,0,2.2867895356437,0,1.45495016154155
37A,rural,0,1.95883956492102,1.49116420779539,0,2.21990524721358,0,4.44471469064719,0,0,0,3.23304605838512,4.87128713806643,1.49116420779539,0,5.25372971267716,0,0,0,3.78341372833126,0,0,3.31597612700006,0,0,1.49116420779539,3.08472967234352,0,0,0,2.73299357195106,0,3.33445079088507,0,0,4.81557949045721,2.59197320898382,1.20392866941527,1.8806122075873,1.78512911074757,0,2.91677622398333,0,0,2.57498431734173,0,0,3.69841840010477,2.84860091971757,0,5.62481085942318,3.87317469327688,4.1802372412133,0,0,0,0,1.20392866941527,0,0,1.20392866941527,1.8806122075873,1.66255819856187,0,3.02139883978802,1.20392866941527,4.03984418970752,1.20392866941527,0,0,4.15226775425081,4.05673889312274,5.16786893024086,0,0,0,0,0,0,0,0,3.31281913914891,0,2.43276597362451,0,1.95883956492102
081A,urban,0,1.39148987276409,1.10774307806999,0,0,0,0,0,0,0,0,3.76095539876022,1.39148987276409,0,5.24823537611273,0,0,0,2.52092901738687,0,0,4.38655608964542,0,0,1.10774307806999,2.30506591837168,0,0,0,2.32976996418752,0,3.62644594825266,0,0,2.74533945401491,0,0,0,1.10774307806999,1.68361330606019,0,0,0,0,0,0,1.39148987276409,2.48884499510113,0,5.30311567259715,5.36030865901448,3.71698219194838,0,1.39148987276409,0,0,0,0,0,0,1.68361330606019,1.39148987276409,0,0,0,4.49094130858333,1.92277762207407,0,0,1.68361330606019,1.10774307806999,5.47623404676316,0,0,0,0,2.37532416476118,0,0,0,4.29545870987672,0,2.8723838452028,0,1.68361330606019
094A,urban,0,0,0,0,1.51325843644812,0,4.24948997835472,0,0,0,0,3.56617307905396,0,0,3.83020719554417,0,0,0,2.67673564954537,0,0,4.42608793973068,0,0,0,1.51325843644812,0,0,0,3.96886117053607,0,1.22534890279302,0,0,2.54236939053698,0,0,1.22534890279302,2.10521122594345,0,0,0,0,0,0,0,1.22534890279302,2.24258331590768,0,3.01865938076861,5.82145254070938,3.54517597564184,0,0,0,0,0,0,0,0,1.68488661986799,1.22534890279302,0,1.22534890279302,0,5.18390391761416,0,0,0,0,1.80757650049935,4.67799564780572,0,0,0,0,0,0,0,0,4.82081613694507,1.22534890279302,2.61472836859141,0,0
093A,urban,0,0,1.18083977586008,0,1.63843657505509,0,4.90472561907876,0,0,0,0,4.08574785459242,0,0,3.97798196437342,0,0,0,1.18083977586008,0,0,4.96739342579722,0,0,0,2.23294250419171,0,2.15426897072099,0,2.19538479532856,0,4.05052560253884,0,0,2.45377404455101,0,0,0,4.62863465472095,1.46730933422481,0,0,0,0,0,0,1.18083977586008,0,0,2.45377404455101,5.44466626547531,3.22701828489201,0,0,0,0,0,0,0,0,2.38346246348715,0,0,0,0,5.26150274057191,1.18083977586008,0,0,0,0,5.30261641537583,0,0,0,0,0,0,0,0,4.93747316506311,1.63843657505509,1.63843657505509,0,0
3A,rural,0,0,0,0,2.03929611163511,0,4.0859307232971,0,0,0.8680918434674,0,3.28076049165407,0,0,5.05227413386602,0,0.8680918434674,0,2.36305080759428,0,0,4.37914269175604,0,0,1.13865649403874,3.26898854717695,0,1.13865649403874,0.8680918434674,2.83891524979106,0,3.87900379694712,0,0,3.1416350048081,0.8680918434674,0,0,0.8680918434674,0,2.28424589715966,0,0,3.22009677829281,0,0,0,3.03057596198883,0,5.66587703881979,4.22302320798839,4.55592183079145,0,0,0,0,0,0,0,0,1.59421147705389,0,1.30409847120367,0,0,4.79342766648416,0.8680918434674,0,0,0.8680918434674,2.13031016252192,5.40479014905181,0,0,0,0,0,0,0,0,3.03057596198883,0.8680918434674,2.97850456057863,0,1.13865649403874
6A,rural,0,0,0,0,1.65835762676158,0,4.33232154159192,0,0,0,0,4.35698399713115,0,0,5.37713455919341,0,0,0,2.60403867564708,0,0,3.81014926694429,0,0,0,2.34962995157084,0,0,0,2.06742183117454,0,3.77067564884681,0,0,2.39863989842004,0,0,0,1.27449303373419,0.995953456760713,3.70646550332808,0,0,0,0,0,0,2.9187509192196,0,2.31358657878985,5.61281435227767,3.65570369479126,0,0,0,0,0,0,0,0.995953456760713,1.65835762676158,0.995953456760713,0,0,0,3.82429092347827,0,0,0,0,1.56382542428094,5.37544305693466,0.995953456760713,0,0,0,0,0,0,0,4.55774689642474,1.27449303373419,3.48770441183305,0,0
098A,urban,0,0,0,0,0,0,4.44190347195211,0,0,0,0,3.80000171012817,0.872570657925279,0,5.54703328696965,0,0,0,2.49267850691759,0,0,4.30393599148645,0,0,0.872570657925279,1.77169039697107,0,4.07038518923888,0,3.05346052216011,2.24388600621393,4.33224183716816,0,0,1.99059046817228,0,0,0.872570657925279,0,1.72145524584871,3.37132443013978,0,0,0,0,0,1.42859554100857,2.01834172397491,0,3.00359383774032,5.56462479163725,3.11786554354663,0,0,0,0,0,0,0,0,1.85750274565914,0,0,0,0,3.14278948687547,0,0,0,0,0,5.19835544792409,0,0,0,0,0,0,0,0,4.42956518306052,0,2.61044514194546,0,0.872570657925279
085A,urban,0,0,0,0,1.24534586603151,0,2.99851848360304,0,0,0,0,4.07244798778737,0,0,5.09028013480815,0,0,0,1.70569034219102,0,0,3.29569808258856,0,0,0,1.53385442606426,0,4.41362902119448,0,3.0056899242611,0,1.41312974155657,0,0,1.82848566885156,0,0,0,0,0,3.19793025884081,0.968325116238832,0,0,0,0,1.77141362177313,3.59661814952617,0,5.79088912875903,4.77750583430858,2.69792404797951,0,0,0,0,0,0,0,0,1.41312974155657,0,0,0,0,4.44731918324033,0,0,0,0,1.77141362177313,5.07027478461774,0.968325116238832,0,0,0,2.30128810457057,0,0,0,3.66172101937169,2.60123165129015,2.45191702149332,0,0
119A,urban,0,0,0,0,1.06487309747366,0,4.1634604598364,0,0,0,0,5.50809183813436,0,0,5.52784696148514,0,0,0,1.06487309747366,0,0,4.10605976210124,0,0,0,2.87144245163708,0,0,0,3.84536605795424,0,4.54704131372005,0,0,2.25860993668029,0,0,0,2.20457139400377,1.06487309747366,3.52420057980866,0,0,0,0,0,1.7328396010508,0,0,2.02983378349549,5.27073190270812,3.61245343790874,1.06487309747366,0,0,1.7328396010508,1.06487309747366,0,0,0,1.63793351722186,0,0,0,0,2.17480180749883,0,0,0,0,0,4.86962140043696,1.06487309747366,0,0,0,1.51631425060724,0,0,0,2.97560974659448,2.02983378349549,2.62884211071545,0,0
082A,urban,0,1.35893239751272,0,0,1.07650264409979,0,1.65035474958544,0,0,0,0,3.1069952076037,0,0,5.47526971680022,0,0,0,2.24506690305887,0,0,4.00371451547407,0,0,0,2.60774441881725,0,2.84527034453271,1.35893239751272,2.12095075903922,0,4.26328539626351,0,0,2.68282485312568,0,0,0,0,1.07650264409979,1.07650264409979,0,0,2.04242646709475,0,0,0,3.2205747615463,0,4.48827070951197,5.53490246522582,4.12379299032134,0,1.35893239751272,0,0,0,0,0,1.07650264409979,1.65035474958544,0,0,0,0,4.48796227173812,1.35893239751272,0,0,0,1.07650264409979,5.34186220346572,1.07650264409979,0,0,0,0,0,0,1.07650264409979,4.47655169890852,0,2.67286159652654,0,0
21A,rural,0,0.926406830683306,0,0,1.36779845148907,0,3.37014176660268,0,0,0,2.58035901813919,3.3728893065708,0,0,5.4176964989745,0,0,0,3.05387335870697,0,0,4.43264406616149,0,0,0,3.28349183327525,0,0.926406830683306,0.926406830683306,3.28180613039259,1.95566377856776,4.33645350661176,0,0,2.48585099176099,0,2.58877023575693,0,1.36779845148907,0.926406830683306,3.38370887527253,0,0,0,0,0,1.36779845148907,3.52691351016616,0,5.35369210016763,5.42216947695346,3.54294323911108,0,0,0,0,0,0,0,0,1.65941707269194,1.20091893624098,0,0,0,4.50794670954046,0,0,0,0,0,5.09303763144101,0,0,0,0,2.07939841546506,0,0,0,4.3480622857794,0.926406830683306,2.84539426687343,0,0
120A,urban,0,1.08211419672867,0,0,1.53458377894644,0,4.38505329832682,0,0,0,0,3.70648935004643,0,2.30203566476642,5.37529091666786,0,0,0,3.10938700466661,0,0,4.68018462439365,0,0,0,2.80869447386772,0,1.75132971817794,0,2.77771021262842,0,4.47500342702643,0,0,2.25115386415809,0,2.67897022129188,0,4.19904272472532,1.08211419672867,3.46304213998031,1.08211419672867,0,0,0,0,1.75132971817794,2.76134766322206,0,3.25967404365682,5.63038004261638,3.42856857271017,0,0,0,0,0,0,0,1.08211419672867,1.6563402920353,1.36478785807586,0,0,0,3.89529279710761,0,0,0,0,1.08211419672867,5.22606586168708,2.00316673328981,0,0,0,1.08211419672867,0,0,0,4.39485680237935,1.36478785807586,2.04849287043927,0,1.08211419672867
7A,rural,0,1.17282009070323,0,0,2.44521307749899,0,3.67163147941057,0,0,0,0,3.20734976267473,0.900023990092581,0,5.61753855067154,0,0,0,3.03232729769123,0,0.900023990092581,3.44380859673835,0,0,0,2.24202689834606,0,0,0,2.42301867576119,0,2.87559476059003,0,0,4.45881746572096,0,0,0,0,0,2.36199738809136,2.10032566750467,0,0,0.900023990092581,0,0,3.79007566478831,0,4.07182246134506,5.35243400178621,3.94817206200425,0,0,0,0,0,0,0,1.33907688063034,1.33907688063034,1.55289449757739,0,0,0,3.04338258180997,0,0,0,0,1.17282009070323,5.46339298939759,1.17282009070323,0,0,0,0.900023990092581,0,0,0,0.900023990092581,0.900023990092581,2.89904541598243,0,1.80272920106423
083A,urban,0,0,0,0,0,0,4.22408858440941,0,0,0,0,3.31138969503011,0,0,5.31709884784972,0,0,0,3.65599557990966,0,0,3.20814981325705,0,0,0,0,0,0,1.66115921184848,3.8673629122224,0,3.71109996467289,0,0,2.90738866142021,0,0,0,2.49805805224582,0,3.13381768630599,0,0,0,0,0,0,2.2560534089374,0,2.29063021315778,5.72747872195434,3.51503384572137,0,0,0,0,0,0,0,1.20258808959952,1.20258808959952,0,0,0,0,1.66115921184848,1.20258808959952,0,0,0,0,5.2062316561129,0,0,0,0,1.48978029479602,0,0,0,4.72088457280235,0,3.1524864620444,0,1.20258808959952
10A,rural,0,1.20265500728906,0,0,1.95749578040292,0,3.97184232454,0,0,0,0,3.29202149352887,0,0,5.35151825069272,0,0,0,3.54200905547693,0,0,4.06218338048276,0,0,0,2.874079205408,0,3.1525578071125,0,4.34889848913727,0,4.0803604176789,0,0,4.01530360510804,0,2.17742449927031,1.20265500728906,2.55594872249333,0,2.13198760389442,1.20265500728906,0,2.94587267264169,0,0,0,2.80867212524633,0,3.43475945710046,5.4791065725495,3.6340218123216,0,0,0,0,0,0,0,0,1.48984937882299,0,0,0,0,3.82780552357949,1.20265500728906,0,0,1.48984937882299,4.46989031085036,5.54367129740387,1.20265500728906,0,0,0,0,0,0,0,3.61711309928062,0,3.09915351183036,0,1.20265500728906
101A,urban,0,1.17423205518038,0,0,1.46047454136871,0,1.63152258309591,0,0,0,0,3.38236192906366,0,0,5.11587864324088,0,0,0,2.05110380547075,0,0,4.50436393626412,0,0,0,2.32229960989848,0,0,0,4.01749804471169,0,4.00690600119885,0,0,2.48797263258016,0,0,0,2.83496733451434,0,0,0,0,0,0,0,1.75391757813685,2.35019908385877,0,3.7462736199808,5.6894684761548,3.92088902048841,0,0,0,0,0,0,0,1.46047454136871,1.63152258309591,0,0,0,0,4.36556868082474,3.16973548914463,0,0,1.17423205518038,1.84929416375282,5.38861254605128,0,0,0,0,0,0,0,0,4.59944842110976,2.37641394682851,2.35019908385877,0,0
116A,urban,0,0,0,0,1.58423185608212,0,4.91297104238318,0,0,0,0,4.28712175841199,1.01484818287204,0,4.74763635339662,0,0,0,1.01484818287204,0,0,4.62470379863691,0,0,1.29436938019511,2.97976500394046,0,0,0,3.43921491261885,0,3.2719718165328,0,0,2.62495330769587,0,0,0,3.99276948598397,1.58423185608212,4.24442991142345,0,0,0,0,0,1.01484818287204,1.97533086276616,0,2.85780326219436,5.62399068308183,3.6826070177036,0,0,0,0,0,0,0,1.01484818287204,1.97533086276616,1.29436938019511,0,0,0,2.56296383131444,1.29436938019511,0,0,0,2.29513562226588,5.52968329423687,1.46304762368669,0,0,0,1.97533086276616,0,0,0,1.82239449532536,2.77761488333876,2.90067475001755,0,0
24A,rural,0,1.6718202484813,0,0,1.21280855032693,0,2.75431998144242,0,0,0,0,3.42104612560974,1.21280855032693,0,5.54000035313627,1.21280855032693,0,0,2.18817792836267,0,0,4.78261637773621,0,0,1.21280855032693,2.30147098720175,0,4.90286243687246,0,3.25005517915827,0,4.74430920143026,0,0,3.25747505839222,0,3.1633747708643,0,2.18817792836267,1.21280855032693,3.38418936058059,0,0,0,0,0,1.79444125734277,2.39124068910991,0,4.93238118264477,5.13391578324067,3.25747505839222,0,0,0,0,0,1.21280855032693,0,0,1.6718202484813,1.50032766424388,0,1.21280855032693,0,4.98614320464613,1.9682023530871,0,0,0,1.50032766424388,5.08969325533728,1.21280855032693,0,0,0,1.6718202484813,0,0,0,3.21903903324214,0,2.52906197975261,0,0
39A,rural,0,0,0,0,2.28896760041474,0,4.46461344701645,0,0,0,0,3.49098943255453,0,0,4.8076727632079,0,0,0,1.20102190954241,0,0,4.19975490624479,0,0,0,3.06525432931374,0,2.35081772112528,0,2.53578028907728,0,3.08695534906712,0,0,2.57189127009882,0,0,1.78207882597528,2.25439150679495,0,2.81690107990524,0,0,0,0,0,1.20102190954241,3.82412898984505,0,4.30889328282756,5.5914362229664,4.06658487975338,0,0,0,0,0,0,0,1.20102190954241,1.65952455710754,1.95577245320375,0,0,0,2.89761183683829,0,0,0,2.45307223517365,0,5.64138523206246,2.13025790558271,0,0,0,2.02203176688296,0,0,0,3.92411668797018,1.87755184887733,3.80531115173237,0,1.20102190954241
118A,urban,0,0,0,0,1.1585242615993,0,4.60987707114509,0,0,0,0,3.7526678522785,0,0,4.86296331791753,0,1.1585242615993,0,0,0,0,4.29491333381102,0,0,0,1.97698034339105,0,0,0,1.73736329889694,0,3.99947839436928,0,0,1.97698034339105,0,0,0,1.1585242615993,1.44421238334644,1.73736329889694,0,0,1.1585242615993,0,0,1.44421238334644,3.16896574191975,0,3.80586492991016,5.61871141838387,3.76783420360892,0,0,0,0,0,0,0,0,1.91079610913092,0,0,0,0,2.27571460628788,0,0,0,0,1.1585242615993,5.62384956262483,1.44421238334644,0,0,0,0,0,0,0,1.44421238334644,0,2.47117142152484,0,0
109A,urban,0,1.21485053624091,0,0,2.26905279381168,0,4.33584198328021,0,0,0,0,4.61453735207543,1.97035392246072,0,4.81397753380846,0,0,0,3.81496020538576,0,0,3.85128993680944,0,1.21485053624091,1.21485053624091,2.23147667112029,0,2.26905279381168,0,3.55871569105355,0,3.81802175660204,0,0,4.04969795783012,0,1.21485053624091,0,4.24673706800546,1.21485053624091,3.22121263588212,0,0,0,0,0,2.4443642225421,3.05714048349254,0,2.69355819366011,5.68670701211061,3.26694402979504,0,0,0,0,0,0,0,0,1.97035392246072,1.89210163386518,0,0,0,4.71837592833506,1.21485053624091,0,0,1.21485053624091,3.48869881849312,5.42862747139521,0,0,0,0,0,0,0,0,3.3115914662165,1.21485053624091,3.05123683965115,1.50243401849651,1.50243401849651
108A,urban,0,0,0,0,0,0,2.38702839582069,0,0,0,0,5.46656813805549,0,0,5.04192034433067,0,0,0,1.81786849285484,0,0,4.1818462610701,0,0,0,2.21182691331464,0,1.23518663661831,0,2.44117643376008,0,2.96549741106191,0,0,2.21182691331464,0,0,0,3.07284234473117,1.23518663661831,3.30973553113195,0,0,0,0,0,0,2.71513972580312,0,4.21134485419749,5.5807013291876,3.6579538884096,0,0,0,0,0,0,0,0,1.69512607788389,2.1663656102951,0,0,0,4.40589787535602,0,0,0,1.52339441853234,2.77807836977658,5.15121284588195,0,0,0,0,2.46591264412083,0,0,0,3.77389126234397,0,2.68716678822993,0,0
34A,rural,0,0,0.840770841596282,0,1.68524717572153,0,3.98639550778496,0,0,0,0,3.50803331133423,1.10928149977405,0,5.68366525407154,0,0,0,3.31984929367369,0,0,2.83818746091146,0,0,0,2.07777476069084,0,0,0,4.83673851190881,0,2.65487471198995,0,0,2.47353077082826,0,0,0,0,1.10928149977405,0,0,0,0,0.840770841596282,0,0,2.57360001049576,0,4.26153211361023,5.38141248910963,3.38393825176188,0,0,0,0,0.840770841596282,0,0,0.840770841596282,1.3930906371341,0,0,0,0.840770841596282,3.44164167481808,1.56328644824703,0,0,0,2.50684638943415,5.22084828503891,1.10928149977405,0,0,0,1.62853401966176,0,0,0,2.69305812156408,0,2.43744550712182,0,1.56328644824703
18A,rural,0,0,1.84314576174583,1.09508816001174,1.37831331206672,0,4.67509685268917,2.2075466316721,1.37831331206672,0,0,3.00363076826784,1.37831331206672,0,5.16654043051357,1.67015945655818,2.66172459480017,0,1.76520916234457,1.09508816001174,0,4.70463905194536,1.09508816001174,0,1.37831331206672,3.05909641158056,1.37831331206672,3.34671444290106,2.23733028404879,2.52242141999984,0,4.62540063055849,1.09508816001174,1.09508816001174,2.7670306131543,0,0,1.09508816001174,3.62466810067393,2.29139202041755,3.94806785476163,0,0,0,0,1.09508816001174,0,2.10354511760163,0,4.80961785636214,5.56083129141641,3.63630935521037,0,0,0,0,0,0,0,1.09508816001174,2.56505110919114,0,1.37831331206672,0,0,3.75776307601058,1.37831331206672,1.37831331206672,1.37831331206672,1.54830363268522,2.7670306131543,5.39107662185966,1.37831331206672,1.09508816001174,1.09508816001174,1.09508816001174,1.37831331206672,1.37831331206672,1.96652365706445,0,3.84125242614065,0,2.7670306131543,0,1.09508816001174
107A,urban,0,0,1.2039714013223,0,1.2039714013223,0,4.23133659718686,0,0,0,0,5.59906500322855,1.2039714013223,0,5.0314559656856,0,0,0,1.2039714013223,0,0,4.12584298008394,0,0,0,2.25752096209203,0,0,0,1.49120831870797,0,3.94903630349345,0,0,1.78517394508681,0,0,0,1.49120831870797,1.2039714013223,3.65024621675913,0,0,0,0,0,1.2039714013223,2.8297884418714,0,4.06694959407824,5.47169919755953,3.95988398454275,0,0,0,0,0,0,0,1.2039714013223,2.02514887214668,1.2039714013223,0,0,0,2.53891806837207,1.2039714013223,0,0,1.2039714013223,0,5.11500585299209,0,0,0,0,0,0,0,0,3.30000212780543,0,2.73303906955127,0,0
31A,rural,0,0,1.24269403553256,0,1.82571537959731,0,3.98801573151786,0,0,0,2.21974541578094,3.45531742113646,0,0,5.23669479331639,0,0,0,2.39496299078199,0,0,3.30723830240038,0,0,0,2.51946422537102,0,1.53112478172823,0,1.24269403553256,0,4.0386723326371,0,0,2.17427876309273,0,1.24269403553256,0,0,1.24269403553256,3.34442041645636,0,0,0,0,0,1.24269403553256,3.25478718264023,0,5.71966991730548,5.00280905626476,3.03706196162898,0,0,0,0,0,0,0,1.24269403553256,0,1.24269403553256,0,0,0,4.61939088821833,0,0,0,0,0,5.10810205598377,0,0,0,0,2.12348951430723,0,0,0,1.70293373507028,1.53112478172823,2.80885861686118,0,0
13A,rural,0,1.20246037010182,0,0,1.95729040819874,1.48964843965728,1.78358843831631,0,0,0,0,3.34183583310421,1.20246037010182,0,5.15113218375744,0,0,0,3.1141740561424,0,0,4.04476386292221,1.20246037010182,0,0,2.29049464354504,0,0,0,3.28175780917466,0,4.18422483025911,0,0,3.32374602256876,0,0,0,4.21257003940979,0,1.20246037010182,1.20246037010182,0,0,0,0,1.20246037010182,3.6643733307571,0,3.50487037885916,5.69031465945256,4.08922796241397,0,0,0,0,0,0,0,0,1.20246037010182,1.20246037010182,0,1.95729040819874,0,4.55254909821287,0,0,0,1.48964843965728,1.48964843965728,5.4118913323048,0,0,0,0,0,0,0,0,2.98095475454331,1.48964843965728,3.38934185537336,0,1.48964843965728
