ID	SRR5947807_reads	SRR5947808_reads	SRR5947809_reads	SRR5947810_reads	SRR5947811_reads	SRR5947812_reads	SRR5947813_reads	SRR5947814_reads	SRR5947815_reads	SRR5947816_reads	SRR5947817_reads	SRR5947818_reads	SRR5947819_reads	SRR5947820_reads	SRR5947821_reads	SRR5947822_reads	SRR5947823_reads	SRR5947824_reads	SRR5947825_reads	SRR5947826_reads	SRR5947827_reads	SRR5947828_reads	SRR5947829_reads	SRR5947830_reads	SRR5947831_reads	SRR5947832_reads	SRR5947833_reads	SRR5947834_reads	SRR5947835_reads	SRR5947836_reads	SRR5947837_reads	SRR5947838_reads	SRR5947839_reads	SRR5947840_reads	SRR5947841_reads	SRR5947842_reads	SRR5947843_reads	SRR5947844_reads	SRR5947845_reads	SRR5947846_reads	SRR5947847_reads	SRR5947848_reads	SRR5947849_reads	SRR5947850_reads	SRR5947851_reads	SRR5947852_reads	SRR5947853_reads	SRR5947854_reads	SRR5947855_reads	SRR5947856_reads	SRR5947857_reads	SRR5947858_reads	SRR5947859_reads	SRR5947860_reads	SRR5947861_reads	SRR5947862_reads	SRR5947863_reads	SRR5947864_reads	SRR5947865_reads	SRR5947866_reads	SRR5947867_reads	SRR5947868_reads	SRR5947869_reads	SRR5947870_reads	SRR5947871_reads	SRR5947872_reads	SRR5947873_reads	SRR5947874_reads	SRR5947875_reads	SRR5947876_reads	SRR5947877_reads	SRR5947878_reads	SRR5947879_reads	SRR5947880_reads	SRR5947881_reads	SRR5947882_reads	SRR5947883_reads	SRR5947884_reads	SRR5947895_reads	SRR5947896_reads	SRR5947897_reads	SRR5947898_reads	SRR5947899_reads	SRR5947900_reads	SRR5947901_reads	SRR5947902_reads	SRR5947903_reads	SRR5947904_reads	SRR5947905_reads	SRR5947906_reads	SRR5947907_reads	SRR5947908_reads	SRR5947909_reads	SRR5947910_reads	SRR5947911_reads	SRR5947912_reads	SRR5947913_reads	SRR5947914_reads	SRR5947915_reads	SRR5947916_reads	SRR5947917_reads	SRR5947918_reads	SRR5947919_reads	SRR5947920_reads	SRR5947921_reads	SRR5947922_reads	SRR5947923_reads	SRR5947924_reads	SRR5947925_reads	SRR5947926_reads	SRR5947927_reads	SRR5947928_reads	SRR5947929_reads	SRR5947930_reads	SRR5947931_reads	SRR5947932_reads	SRR5947933_reads	SRR5947934_reads	SRR5947935_reads	SRR5947936_reads	SRR5947937_reads	SRR5947938_reads	SRR5947939_reads	SRR5947940_reads	SRR5947941_reads	SRR5947942_reads	SRR5947943_reads	SRR5947944_reads	SRR5947945_reads	SRR5947946_reads	SRR5947947_reads	SRR5947948_reads	SRR5947949_reads	SRR5947950_reads	SRR5947951_reads	SRR5947952_reads	SRR5947953_reads	SRR5947954_reads	SRR5947955_reads	SRR5947956_reads	SRR5947957_reads	SRR5947958_reads	SRR5947959_reads	SRR5947960_reads	SRR5947961_reads	SRR5947962_reads	SRR5947963_reads	SRR5947964_reads	SRR5947965_reads	SRR5947966_reads	SRR5947967_reads	SRR5947968_reads	SRR5947969_reads	SRR5947970_reads	SRR5947971_reads	SRR5947972_reads	SRR5983264_reads	SRR5983265_reads	SRR5983266_reads	SRR5983267_reads	SRR5983268_reads	SRR5983269_reads	SRR5983270_reads	SRR5983271_reads	SRR5983272_reads	SRR5983273_reads	SRR5983274_reads	SRR5983275_reads	SRR5983276_reads	SRR5983277_reads	SRR5983278_reads	SRR5983279_reads	SRR5983280_reads	SRR5983281_reads	SRR5983282_reads	SRR5983283_reads	SRR5983284_reads	SRR5983285_reads	SRR5983286_reads	SRR5983287_reads	SRR5983288_reads	SRR5983289_reads	SRR5983290_reads	SRR5983291_reads	SRR5983292_reads	SRR5983293_reads	SRR5983294_reads	SRR5983295_reads	SRR5983296_reads	SRR5983297_reads	SRR5983298_reads	SRR5983299_reads	SRR5983300_reads	SRR5983301_reads	SRR5983302_reads	SRR5983303_reads	SRR5983304_reads	SRR5983305_reads	SRR5983306_reads	SRR5983307_reads	SRR5983308_reads	SRR5983309_reads	SRR5983310_reads	SRR5983311_reads	SRR5983312_reads	SRR5983313_reads	SRR5983314_reads	SRR5983315_reads	SRR5983316_reads	SRR5983317_reads	SRR5983318_reads	SRR5983319_reads	SRR5983320_reads	SRR5983321_reads	SRR5983322_reads	SRR5983323_reads	SRR5983324_reads	SRR5983325_reads	SRR5983326_reads	SRR5983327_reads	SRR5983328_reads	SRR5983329_reads	SRR5983330_reads	SRR5983331_reads	SRR5983332_reads	SRR5983333_reads	SRR5983334_reads	SRR5983335_reads	SRR5983336_reads	SRR5983337_reads	SRR5983338_reads	SRR5983339_reads	SRR5983340_reads	SRR5983341_reads	SRR5983342_reads	SRR5983343_reads	SRR5983344_reads	SRR5983345_reads	SRR5983346_reads	SRR5983347_reads	SRR5983348_reads	SRR5983349_reads	SRR5983350_reads	SRR5983351_reads	SRR5983352_reads	SRR5983353_reads	SRR5983354_reads	SRR5983355_reads	SRR5983356_reads	SRR5983357_reads	SRR5983358_reads	SRR5983359_reads	SRR5983360_reads	SRR5983361_reads	SRR5983362_reads	SRR5983363_reads	SRR5983364_reads	SRR5983365_reads	SRR5983366_reads	SRR5983367_reads	SRR5983368_reads	SRR5983369_reads	SRR5983370_reads	SRR5983371_reads	SRR5983372_reads	SRR5983373_reads	SRR5983374_reads	SRR5983375_reads	SRR5983376_reads	SRR5983377_reads	SRR5983378_reads	SRR5983379_reads	SRR5983380_reads	SRR5983381_reads	SRR5983382_reads	SRR5983383_reads	SRR5983384_reads	SRR5983385_reads	SRR5983386_reads	SRR5983387_reads	SRR5983388_reads	SRR5983389_reads	SRR5983390_reads	SRR5983391_reads	SRR5983392_reads	SRR5983393_reads	SRR5983394_reads	SRR5983395_reads	SRR5983396_reads	SRR5983397_reads	SRR5983398_reads	SRR5983399_reads	SRR5983400_reads	SRR5983401_reads	SRR5983402_reads	SRR5983403_reads	SRR5983404_reads	SRR5983405_reads	SRR5983406_reads	SRR5983407_reads	SRR5983408_reads	SRR5983409_reads	SRR5983410_reads	SRR5983411_reads	SRR5983412_reads	SRR5983413_reads	SRR5983414_reads	SRR5983415_reads	SRR5983416_reads	SRR5983417_reads	SRR5983418_reads	SRR5983419_reads	SRR5983420_reads	SRR5983421_reads	SRR5983422_reads	SRR5983423_reads	SRR5983424_reads	SRR5983425_reads	SRR5983426_reads	SRR5983427_reads	SRR5983428_reads	SRR5983429_reads	SRR5983430_reads	SRR5983431_reads	SRR5983432_reads	SRR5983433_reads	SRR5983434_reads	SRR5983435_reads	SRR5983436_reads	SRR5983437_reads	SRR5983438_reads	SRR5983439_reads	SRR5983440_reads	SRR5983441_reads	SRR5983442_reads	SRR5983443_reads	SRR5983444_reads	SRR5983445_reads	SRR5983446_reads	SRR5983447_reads	SRR5983448_reads	SRR5983449_reads	SRR5983450_reads	SRR5983451_reads	SRR5983452_reads	SRR5983453_reads	SRR5983454_reads	SRR5983455_reads	SRR5983456_reads	SRR5983457_reads	SRR5983458_reads	SRR5983459_reads	SRR5983460_reads	SRR5983461_reads	SRR5983462_reads	SRR5983463_reads	SRR5983464_reads	SRR5983465_reads	SRR5983466_reads	SRR5983467_reads
Methanobacteriales	0.0	0.0	0.0	0.0	0.0	0.0	0.0	0.0	0.0	0.0	0.0	0.0	0.0	0.0	0.0	0.0	0.0	0.0	0.0	0.0	0.0	0.0	0.0	0.0	0.0	0.0	0.0	0.0	0.0	0.0	0.0	0.0	0.0	0.0	1666	0.0	0.0	0.0	0.0	0.0	0.0	210	0.0	0.0	0.0	0.0	0.0	0.0	443	0.0	8038	0.0	0.0	0.0	0.0	0.0	0.0	0.0	0.0	0.0	0.0	0.0	0.0	0.0	0.0	0.0	0.0	2909	0.0	0.0	0.0	0.0	0.0	0.0	0.0	0.0	0.0	0.0	860	0.0	0.0	0.0	0.0	0.0	0.0	0.0	0.0	0.0	0.0	0.0	0.0	0.0	0.0	0.0	0.0	0.0	0.0	0.0	0.0	223	0.0	0.0	0.0	0.0	0.0	0.0	0.0	0.0	0.0	0.0	0.0	0.0	0.0	0.0	0.0	0.0	0.0	0.0	0.0	790	0.0	0.0	0.0	0.0	0.0	0.0	0.0	0.0	0.0	0.0	0.0	0.0	0.0	0.0	0.0	0.0	0.0	0.0	0.0	0.0	0.0	0.0	0.0	1769	0.0	0.0	0.0	0.0	0.0	0.0	0.0	0.0	0.0	0.0	0.0	0.0	0.0	0.0	0.0	0.0	0.0	0.0	0.0	0.0	0.0	0.0	0.0	0.0	0.0	0.0	0.0	0.0	0.0	0.0	0.0	0.0	0.0	0.0	0.0	0.0	0.0	0.0	111	0.0	0.0	0.0	0.0	0.0	0.0	0.0	0.0	0.0	0.0	0.0	0.0	0.0	0.0	0.0	0.0	0.0	0.0	0.0	0.0	0.0	0.0	0.0	0.0	0.0	0.0	0.0	0.0	0.0	0.0	0.0	0.0	0.0	0.0	0.0	0.0	0.0	0.0	0.0	0.0	0.0	0.0	0.0	0.0	3521	0.0	0.0	0.0	0.0	0.0	0.0	0.0	0.0	0.0	0.0	0.0	0.0	0.0	0.0	0.0	0.0	0.0	0.0	0.0	0.0	0.0	0.0	0.0	0.0	0.0	0.0	0.0	0.0	0.0	0.0	0.0	0.0	0.0	0.0	0.0	0.0	0.0	941	0.0	0.0	2793	0.0	0.0	0.0	0.0	0.0	0.0	0.0	0.0	0.0	0.0	0.0	0.0	0.0	0.0	0.0	0.0	0.0	0.0	0.0	0.0	0.0	0.0	0.0	0.0	0.0	0.0	21990	0.0	7463	0.0	0.0	0.0	0.0	0.0	0.0	0.0	0.0	0.0	0.0	0.0	0.0	43	0.0	0.0	0.0	0.0	0.0	0.0	0.0	0.0	0.0	0.0	0.0	0.0	0.0	0.0	0.0	0.0	0.0	0.0	0.0	0.0	0.0	0.0	0.0	0.0	0.0	0.0	0.0	0.0	0.0	0.0	0.0	0.0	0.0	0.0	0.0	0.0	0.0	0.0	0.0	0.0	0.0	0.0	0.0	0.0	0.0	0.0	0.0	0.0	0.0
Acidobacteriales	0.0	0.0	0.0	0.0	0.0	0.0	0.0	0.0	0.0	0.0	0.0	0.0	0.0	0.0	0.0	0.0	0.0	0.0	0.0	0.0	0.0	0.0	0.0	0.0	0.0	0.0	0.0	0.0	0.0	0.0	0.0	0.0	0.0	0.0	0.0	0.0	0.0	0.0	0.0	0.0	0.0	0.0	0.0	0.0	682	0.0	0.0	0.0	0.0	0.0	0.0	0.0	0.0	0.0	0.0	0.0	0.0	0.0	0.0	0.0	0.0	0.0	0.0	0.0	0.0	0.0	0.0	0.0	0.0	0.0	0.0	0.0	0.0	0.0	0.0	0.0	0.0	0.0	0.0	0.0	0.0	0.0	0.0	0.0	0.0	0.0	0.0	0.0	0.0	0.0	0.0	0.0	0.0	0.0	0.0	0.0	0.0	0.0	0.0	0.0	0.0	0.0	0.0	0.0	0.0	0.0	0.0	0.0	0.0	0.0	0.0	0.0	0.0	0.0	0.0	0.0	0.0	0.0	0.0	0.0	0.0	0.0	0.0	0.0	0.0	0.0	0.0	0.0	0.0	0.0	0.0	0.0	0.0	0.0	0.0	0.0	0.0	0.0	0.0	0.0	0.0	0.0	0.0	0.0	0.0	0.0	0.0	0.0	0.0	0.0	0.0	0.0	0.0	0.0	0.0	0.0	0.0	0.0	0.0	0.0	0.0	0.0	0.0	0.0	0.0	0.0	0.0	0.0	0.0	0.0	0.0	0.0	0.0	0.0	0.0	0.0	0.0	0.0	0.0	0.0	0.0	0.0	0.0	0.0	0.0	0.0	0.0	0.0	0.0	0.0	0.0	0.0	0.0	0.0	0.0	0.0	0.0	0.0	0.0	0.0	0.0	0.0	0.0	0.0	0.0	0.0	0.0	0.0	0.0	0.0	0.0	0.0	0.0	0.0	0.0	0.0	0.0	0.0	0.0	0.0	0.0	0.0	0.0	0.0	0.0	0.0	0.0	0.0	0.0	0.0	0.0	0.0	0.0	0.0	0.0	0.0	0.0	0.0	0.0	0.0	0.0	0.0	0.0	0.0	0.0	0.0	0.0	0.0	0.0	0.0	0.0	0.0	0.0	0.0	0.0	0.0	0.0	0.0	0.0	0.0	0.0	0.0	0.0	0.0	0.0	0.0	0.0	0.0	0.0	0.0	0.0	0.0	0.0	0.0	0.0	0.0	0.0	0.0	0.0	0.0	0.0	0.0	0.0	0.0	0.0	0.0	0.0	0.0	0.0	0.0	0.0	0.0	0.0	0.0	0.0	0.0	0.0	0.0	0.0	0.0	0.0	0.0	0.0	0.0	0.0	0.0	0.0	0.0	0.0	0.0	0.0	0.0	0.0	0.0	0.0	0.0	0.0	0.0	0.0	0.0	0.0	0.0	0.0	0.0	0.0	0.0	0.0	0.0	0.0	0.0	0.0	0.0	0.0	0.0	0.0	0.0	0.0	0.0	0.0	0.0	0.0	0.0	0.0	0.0	0.0	0.0	0.0	0.0	0.0	0.0	0.0	0.0	0.0	0.0	0.0	0.0	0.0	0.0	0.0	0.0
Actinomycetales	0.0	0.0	0.0	763	0.0	0.0	0.0	65	0.0	1324	1324	0.0	0.0	0.0	0.0	0.0	0.0	0.0	0.0	0.0	0.0	0.0	0.0	0.0	0.0	0.0	0.0	0.0	0.0	0.0	0.0	0.0	0.0	0.0	0.0	0.0	0.0	0.0	0.0	0.0	0.0	130	0.0	0.0	0.0	0.0	0.0	0.0	2648	0.0	0.0	0.0	0.0	0.0	0.0	0.0	0.0	0.0	422	0.0	0.0	0.0	0.0	0.0	0.0	0.0	0.0	974	0.0	0.0	0.0	0.0	0.0	0.0	0.0	0.0	0.0	0.0	0.0	0.0	0.0	0.0	0.0	0.0	0.0	0.0	0.0	0.0	0.0	0.0	0.0	0.0	0.0	0.0	0.0	0.0	0.0	0.0	0.0	0.0	0.0	0.0	0.0	0.0	0.0	0.0	0.0	0.0	0.0	0.0	0.0	0.0	0.0	0.0	0.0	0.0	0.0	0.0	0.0	0.0	0.0	0.0	0.0	0.0	0.0	0.0	0.0	0.0	0.0	0.0	0.0	0.0	0.0	0.0	0.0	0.0	0.0	0.0	0.0	0.0	0.0	0.0	0.0	0.0	0.0	0.0	0.0	0.0	0.0	0.0	0.0	0.0	0.0	0.0	0.0	0.0	0.0	0.0	0.0	1324	0.0	0.0	0.0	0.0	2648	0.0	1324	0.0	0.0	0.0	0.0	0.0	0.0	0.0	196	0.0	0.0	0.0	0.0	0.0	0.0	0.0	0.0	0.0	0.0	0.0	0.0	0.0	0.0	0.0	0.0	0.0	0.0	0.0	0.0	0.0	0.0	0.0	0.0	0.0	0.0	0.0	0.0	0.0	0.0	2648	2450	0.0	0.0	0.0	0.0	0.0	0.0	0.0	0.0	0.0	0.0	0.0	0.0	0.0	0.0	0.0	0.0	7103	0.0	0.0	0.0	0.0	0.0	0.0	0.0	0.0	0.0	0.0	0.0	0.0	1324	0.0	0.0	0.0	0.0	0.0	0.0	0.0	0.0	0.0	0.0	0.0	0.0	0.0	0.0	33	0.0	1324	0.0	0.0	0.0	0.0	0.0	0.0	0.0	0.0	0.0	0.0	1324	0.0	0.0	0.0	0.0	0.0	0.0	0.0	0.0	0.0	0.0	0.0	0.0	0.0	0.0	0.0	0.0	0.0	0.0	0.0	0.0	0.0	0.0	0.0	0.0	0.0	0.0	0.0	0.0	0.0	0.0	0.0	0.0	0.0	0.0	0.0	1324	2648	0.0	0.0	0.0	0.0	0.0	0.0	0.0	0.0	0.0	0.0	0.0	0.0	0.0	0.0	0.0	1448	0.0	44098	0.0	0.0	0.0	130	0.0	242	0.0	0.0	0.0	0.0	0.0	0.0	0.0	0.0	0.0	0.0	0.0	0.0	0.0	0.0	0.0	0.0	0.0	0.0	0.0	0.0	0.0	0.0	0.0	0.0	0.0	0.0	0.0	0.0	0.0	598	0.0	0.0	0.0	0.0
Bifidobacteriales	0.0	0.0	0.0	62219	232	28	196	0.0	70167	0.0	255	0.0	0.0	2217	7156	5661	0.0	0.0	0.0	0.0	7391	2221	138	1982	11300	0.0	1855	2193	409	0.0	0.0	0.0	556	28245	0.0	1216	276	0.0	4521	35862	9947	28	0.0	81632	0.0	0.0	0.0	0.0	229	225	141	40668	3102	4146	0.0	18153	1073	92	676	234	3978	2287	1447	4078	56832	85705	0.0	6630	0.0	0.0	19216	11356	26443	1550	0.0	7616	0.0	1088	0.0	0.0	0.0	0.0	0.0	0.0	0.0	8810	0.0	0.0	0.0	0.0	0.0	0.0	0.0	0.0	0.0	0.0	0.0	1907	0.0	0.0	0.0	0.0	0.0	0.0	0.0	0.0	0.0	0.0	0.0	0.0	0.0	0.0	0.0	0.0	0.0	0.0	0.0	0.0	5030	0.0	0.0	0.0	0.0	0.0	0.0	0.0	0.0	0.0	0.0	0.0	0.0	0.0	0.0	0.0	0.0	1788	21094	0.0	0.0	0.0	0.0	0.0	115	0.0	0.0	0.0	0.0	0.0	0.0	0.0	0.0	0.0	0.0	0.0	0.0	0.0	120	4350	0.0	0.0	16992	49185	7495	0.0	12847	655	4151	389	55	0.0	0.0	767	482	86608	0.0	0.0	7592	53025	0.0	14634	42367	0.0	4572	0.0	0.0	0.0	1006	31660	41393	624	85	0.0	0.0	925	4721	35014	0.0	77080	0.0	21745	224	21685	0.0	1097	76176	222	108	0.0	3837	17196	0.0	4264	382	7883	24549	87356	0.0	2980	2986	214	5230	11329	18218	3571	197	0.0	0.0	0.0	5437	604	14	0.0	290	0.0	529	0.0	0.0	1499	4615	56889	8447	2101	980	2362	0.0	3402	6727	12231	2565	78947	0.0	6269	5097	8943	15320	93031	143	0.0	140	2329	1628	0.0	657	3520	3746	287	9156	52704	17855	5314	0.0	0.0	69557	0.0	8906	9290	140	7346	1532	44105	0.0	1875	308	0.0	14	302	0.0	15259	5297	196786	12070	0.0	4599	0.0	47006	0.0	5668	0.0	42	0.0	0.0	2203	13790	0.0	0.0	0.0	0.0	0.0	27863	0.0	0.0	0.0	4973	17911	636	237	16521	94005	1263	7384	0.0	151	4350	138	6004	11820	24	45916	0.0	67374	179915	0.0	181014	749	3060	102047	202	50349	9109	27983	58499	0.0	230	49313	10594	3737	0.0	69429	15099	58317	795	0.0	352	0.0	11568	69176	34059	1055	5883	6936
Coriobacteriales	177	349	1595	3791	0.0	437	3361	193	3867	3946	1243	0.0	0.0	52	767	833	2693	0.0	0.0	0.0	30725	0.0	376	0.0	1472	0.0	261	936	2811	0.0	0.0	373	736	36518	0.0	215	0.0	0.0	962	4163	937	271	2092	12999	74	763	426	472	384	0.0	3131	1331	445	946	0.0	0.0	0.0	0.0	15823	1322	5638	0.0	2543	489	247	34178	0.0	2010	0.0	0.0	1657	17690	3678	2500	0.0	1676	0.0	1311	2357	0.0	0.0	0.0	0.0	0.0	0.0	0.0	36	0.0	0.0	0.0	0.0	0.0	0.0	0.0	583	0.0	4324	0.0	356	0.0	0.0	0.0	0.0	0.0	0.0	1198	0.0	0.0	1302	0.0	2162	0.0	0.0	0.0	0.0	0.0	0.0	0.0	4858	0.0	0.0	0.0	4211	1751	0.0	0.0	0.0	0.0	0.0	0.0	0.0	0.0	0.0	0.0	0.0	0.0	0.0	0.0	0.0	0.0	0.0	0.0	7614	0.0	0.0	0.0	0.0	0.0	5529	0.0	1860	572	0.0	0.0	0.0	0.0	886	5397	0.0	0.0	11406	5075	26	0.0	3083	700	52	0.0	0.0	0.0	4894	923	0.0	14605	1220	0.0	5015	2499	0.0	0.0	0.0	0.0	1730	1302	0.0	50	158	2635	0.0	379	866	348	0.0	1609	1353	2796	6326	27568	2034	2521	0.0	6977	608	4192	11373	6243	0.0	0.0	0.0	2270	0.0	974	0.0	0.0	4784	8731	1413	74	2104	194	5232	1602	11301	2139	2271	0.0	884	576	1245	1791	815	141	0.0	111	3164	72	735	1476	0.0	36383	406	0.0	0.0	296	193	74	273	1040	1165	418	719	7900	231	1491	3094	27444	0.0	0.0	0.0	309	356	4592	0.0	455	638	2921	5742	14895	654	0.0	3187	0.0	2748	375	3130	739	124	209	0.0	1406	0.0	0.0	212	3229	199	357	441	912	0.0	17975	1721	0.0	404	1312	15084	6174	610	0.0	0.0	0.0	0.0	283	302	0.0	0.0	97	0.0	0.0	2030	4294	227	3429	391	5452	384	0.0	1205	19042	0.0	1024	0.0	0.0	2055	0.0	109	2917	124	2255	224	2881	27248	364	11650	2057	0.0	3148	0.0	4071	308	7085	6678	0.0	4066	8491	5557	0.0	0.0	10074	6396	1189	0.0	416	477	0.0	0.0	21323	1667	0.0	20517	469
Bacteroidales	4371858	4244087	130050	2613555	2144582	771317	2969525	1137575	3573059	2869766	1223668	93307	8768	5948381	2329289	4778180	5189780	730444	54042	3300632	3875253	308194	4318913	3155747	1268929	1986090	518612	1410883	1101247	3056015	90137	1612423	973019	5422022	3414742	1442205	358251	616520	2331921	2402697	698196	3747142	2620921	2853244	4180954	5332030	2889984	4024833	4673640	342170	2252229	5787248	3116818	1931664	154214	1774853	3056820	1354521	836372	3270458	2832783	2185830	3586445	2380321	1959238	1960958	5148533	1065510	2622750	3990037	4231858	2285661	1497074	4338287	563656	5495068	2468410	3334951	1155346	564466	139722	16159	1427636	94020	14820	0.0	205691	178547	1311297	593635	242492	247667	30611	149081	1016464	230534	21323	95689	476471	264591	255163	290163	116682	206914	218059	473692	279778	32285	814917	288643	5916916	137307	184418	23665	602749	66720	272641	1220860	182180	469859	260312	5016	512549	560252	479064	236932	67262	6783	0.0	382285	46950	1577236	133568	36396	16544	806706	1853083	167488	687312	0.0	469375	1111010	119132	159351	1407	117123	1864259	6790	1708864	356166	1548943	1597208	45914	343513	1907	3083632	1572639	5000936	2838761	5015467	574451	3699642	1261207	3752619	1520719	555688	1732965	561069	1701907	2315767	2814454	826548	1485978	4984	1647934	0.0	2888111	731144	2271464	1186318	1717090	73922	4653395	1163915	64910	2035392	306158	1604834	1189664	2877386	2677918	2459027	2867694	4514372	1148079	2669378	2135913	1033619	2026303	2684988	3342179	2409914	2492231	33307	1319259	2651662	164053	3233993	275515	1474096	4744394	2444250	1887527	25795	913902	291165	1615375	4006094	2982981	1032880	3242594	2920412	2270308	1134727	1767636	1926006	3476177	1823736	1145454	4542988	2603609	809362	5816819	4772	823486	3598669	1729210	1360160	3247649	4601961	964828	929727	451692	1396922	2643720	278861	2045030	464963	935900	2556504	3127235	1880388	1475918	571132	2456109	1678013	290276	790413	279113	2794801	2692679	2866624	564548	929424	3085434	1240392	1233330	1087175	769427	415244	1810048	1661624	275593	2388679	733653	608459	1847224	161687	2046984	11440743	2699431	4666506	1955456	6202754	3816896	3931174	3924097	2883492	2948348	450781	2504056	925282	2953100	2066441	1934830	459087	1980498	1965488	294806	1671298	1694711	2687334	4103791	84207	1539096	2158195	4326446	5015918	6343376	2453	1184083	1154917	952487	1631381	1914041	8314	662004	388336	227427	1980506	2273038	2820177	2622957	357220	2247360	1772930	1066137	1624502	2255096	1314900	1901308	2374440	1054532	2397120	151291	298960	1987424	570062	3846114	1603553	1044051	6545381	2444762	539577	5231546	3291709	5340784	1756986	1913564	3825217	6184721	0.0	2044139	4550528	2062050	2887902	1881951	20697	1754119	913928
Sphingobacteriales	0.0	0.0	0.0	0.0	0.0	0.0	0.0	0.0	0.0	0.0	0.0	0.0	0.0	0.0	0.0	0.0	0.0	0.0	0.0	0.0	0.0	0.0	0.0	0.0	0.0	0.0	0.0	0.0	0.0	0.0	0.0	0.0	0.0	0.0	0.0	0.0	0.0	0.0	0.0	0.0	0.0	0.0	0.0	0.0	0.0	0.0	0.0	0.0	0.0	0.0	0.0	0.0	0.0	0.0	0.0	0.0	0.0	0.0	0.0	0.0	0.0	0.0	0.0	0.0	0.0	0.0	0.0	0.0	0.0	0.0	0.0	0.0	0.0	0.0	0.0	0.0	0.0	0.0	0.0	0.0	0.0	0.0	0.0	0.0	0.0	0.0	0.0	0.0	0.0	0.0	0.0	0.0	0.0	0.0	0.0	0.0	0.0	0.0	0.0	0.0	0.0	0.0	0.0	0.0	0.0	0.0	0.0	0.0	0.0	0.0	5193	0.0	0.0	0.0	0.0	0.0	0.0	0.0	0.0	0.0	0.0	0.0	0.0	0.0	0.0	0.0	0.0	0.0	0.0	0.0	0.0	0.0	0.0	0.0	0.0	0.0	0.0	0.0	0.0	0.0	0.0	0.0	0.0	0.0	0.0	0.0	0.0	0.0	0.0	0.0	0.0	0.0	0.0	0.0	0.0	0.0	0.0	0.0	0.0	0.0	0.0	0.0	0.0	0.0	0.0	0.0	0.0	0.0	0.0	0.0	0.0	0.0	0.0	0.0	0.0	0.0	0.0	0.0	0.0	0.0	0.0	0.0	0.0	0.0	0.0	0.0	0.0	0.0	0.0	0.0	0.0	0.0	0.0	0.0	0.0	0.0	0.0	0.0	0.0	0.0	0.0	0.0	0.0	0.0	0.0	0.0	0.0	0.0	0.0	0.0	0.0	0.0	0.0	0.0	0.0	0.0	0.0	0.0	0.0	0.0	0.0	0.0	0.0	0.0	0.0	0.0	0.0	0.0	0.0	0.0	0.0	0.0	0.0	0.0	0.0	0.0	0.0	0.0	0.0	0.0	0.0	0.0	0.0	0.0	0.0	0.0	0.0	0.0	0.0	0.0	0.0	0.0	0.0	0.0	0.0	0.0	0.0	0.0	0.0	0.0	0.0	0.0	0.0	0.0	0.0	0.0	0.0	0.0	0.0	0.0	0.0	0.0	0.0	0.0	0.0	0.0	0.0	0.0	0.0	0.0	0.0	0.0	0.0	0.0	0.0	0.0	0.0	0.0	0.0	0.0	0.0	0.0	0.0	0.0	0.0	0.0	0.0	0.0	0.0	0.0	0.0	0.0	0.0	0.0	0.0	0.0	0.0	0.0	0.0	0.0	0.0	0.0	0.0	0.0	0.0	0.0	0.0	0.0	0.0	0.0	0.0	0.0	0.0	0.0	0.0	0.0	0.0	0.0	0.0	0.0	0.0	0.0	0.0	0.0	0.0	0.0	0.0	0.0	0.0	0.0	0.0	0.0	0.0	0.0	0.0	0.0	0.0	0.0	0.0	0.0	0.0	0.0	0.0	0.0	0.0	0.0	0.0	0.0	0.0	0.0
Oscillatoriales	0.0	0.0	0.0	0.0	0.0	0.0	0.0	0.0	0.0	0.0	0.0	0.0	0.0	0.0	0.0	0.0	0.0	0.0	0.0	0.0	0.0	0.0	0.0	0.0	0.0	0.0	0.0	0.0	0.0	0.0	0.0	0.0	0.0	0.0	0.0	0.0	0.0	0.0	0.0	0.0	0.0	0.0	0.0	0.0	0.0	0.0	0.0	0.0	0.0	0.0	0.0	0.0	0.0	0.0	0.0	0.0	0.0	0.0	0.0	0.0	0.0	0.0	0.0	0.0	0.0	0.0	0.0	0.0	0.0	0.0	0.0	0.0	0.0	0.0	0.0	0.0	0.0	0.0	0.0	0.0	0.0	0.0	0.0	0.0	0.0	0.0	0.0	0.0	0.0	0.0	0.0	0.0	0.0	0.0	0.0	0.0	0.0	0.0	0.0	0.0	0.0	0.0	0.0	0.0	0.0	0.0	0.0	0.0	0.0	0.0	0.0	0.0	0.0	0.0	0.0	0.0	0.0	0.0	0.0	0.0	0.0	0.0	0.0	0.0	0.0	0.0	0.0	0.0	0.0	0.0	0.0	0.0	0.0	0.0	0.0	0.0	0.0	0.0	0.0	0.0	0.0	0.0	0.0	0.0	0.0	0.0	0.0	0.0	0.0	0.0	0.0	0.0	0.0	0.0	0.0	0.0	0.0	0.0	0.0	0.0	0.0	0.0	0.0	0.0	0.0	0.0	0.0	0.0	0.0	0.0	0.0	0.0	0.0	0.0	0.0	0.0	0.0	0.0	0.0	0.0	0.0	619	0.0	0.0	0.0	0.0	0.0	0.0	0.0	0.0	0.0	0.0	0.0	0.0	0.0	0.0	0.0	0.0	0.0	0.0	0.0	0.0	0.0	0.0	0.0	0.0	0.0	0.0	0.0	0.0	0.0	0.0	0.0	0.0	0.0	0.0	0.0	0.0	0.0	0.0	0.0	0.0	0.0	0.0	0.0	0.0	0.0	0.0	0.0	0.0	0.0	0.0	0.0	0.0	0.0	0.0	0.0	0.0	0.0	0.0	0.0	0.0	0.0	0.0	0.0	0.0	0.0	0.0	0.0	0.0	0.0	0.0	0.0	0.0	0.0	0.0	0.0	0.0	0.0	0.0	0.0	0.0	0.0	0.0	0.0	0.0	0.0	0.0	0.0	0.0	0.0	0.0	0.0	0.0	0.0	0.0	0.0	0.0	0.0	0.0	0.0	0.0	0.0	0.0	0.0	0.0	0.0	0.0	0.0	0.0	0.0	0.0	0.0	0.0	0.0	0.0	0.0	0.0	0.0	0.0	0.0	0.0	0.0	0.0	0.0	0.0	0.0	0.0	0.0	0.0	0.0	0.0	0.0	0.0	0.0	0.0	0.0	0.0	0.0	0.0	0.0	0.0	0.0	0.0	0.0	0.0	0.0	0.0	0.0	0.0	0.0	0.0	0.0	0.0	0.0	0.0	0.0	0.0	0.0	0.0	0.0	0.0	0.0	0.0	0.0	0.0	0.0	0.0	0.0	0.0	0.0	0.0	0.0	0.0	0.0	0.0	0.0	0.0	0.0	0.0
Deinococcales	0.0	0.0	0.0	0.0	0.0	0.0	0.0	0.0	0.0	0.0	0.0	0.0	0.0	0.0	0.0	0.0	0.0	0.0	0.0	0.0	0.0	0.0	0.0	0.0	0.0	0.0	0.0	0.0	0.0	0.0	0.0	0.0	0.0	0.0	0.0	0.0	0.0	0.0	0.0	0.0	0.0	0.0	0.0	0.0	0.0	0.0	0.0	0.0	0.0	0.0	0.0	0.0	0.0	0.0	0.0	0.0	0.0	0.0	0.0	0.0	0.0	0.0	0.0	0.0	0.0	0.0	0.0	0.0	0.0	0.0	0.0	0.0	0.0	0.0	0.0	0.0	0.0	0.0	0.0	0.0	0.0	0.0	0.0	0.0	0.0	0.0	0.0	0.0	0.0	0.0	0.0	0.0	0.0	0.0	0.0	0.0	0.0	0.0	0.0	0.0	0.0	0.0	512	512	1024	0.0	0.0	0.0	0.0	0.0	0.0	0.0	0.0	0.0	0.0	0.0	0.0	0.0	0.0	0.0	0.0	0.0	0.0	0.0	0.0	0.0	0.0	0.0	0.0	0.0	0.0	0.0	0.0	0.0	0.0	0.0	0.0	0.0	0.0	0.0	0.0	0.0	0.0	0.0	0.0	0.0	0.0	0.0	0.0	0.0	0.0	0.0	0.0	0.0	0.0	0.0	0.0	0.0	0.0	0.0	0.0	0.0	0.0	0.0	0.0	0.0	0.0	0.0	0.0	0.0	0.0	0.0	0.0	0.0	0.0	0.0	0.0	0.0	0.0	0.0	0.0	0.0	0.0	0.0	0.0	0.0	0.0	0.0	0.0	0.0	0.0	0.0	0.0	0.0	0.0	0.0	0.0	0.0	0.0	0.0	0.0	0.0	0.0	0.0	0.0	0.0	0.0	0.0	0.0	0.0	0.0	0.0	0.0	0.0	0.0	0.0	0.0	0.0	0.0	0.0	0.0	0.0	0.0	0.0	0.0	0.0	0.0	0.0	0.0	0.0	0.0	0.0	0.0	0.0	0.0	0.0	0.0	0.0	0.0	0.0	0.0	0.0	0.0	0.0	0.0	0.0	0.0	0.0	0.0	0.0	0.0	0.0	0.0	0.0	0.0	0.0	0.0	0.0	0.0	0.0	0.0	0.0	0.0	0.0	0.0	0.0	0.0	0.0	0.0	0.0	0.0	0.0	0.0	0.0	0.0	0.0	0.0	0.0	0.0	0.0	0.0	0.0	0.0	0.0	0.0	0.0	0.0	0.0	0.0	0.0	0.0	0.0	0.0	0.0	0.0	0.0	0.0	0.0	0.0	0.0	0.0	0.0	0.0	0.0	0.0	0.0	0.0	0.0	0.0	0.0	0.0	0.0	0.0	0.0	0.0	0.0	0.0	0.0	0.0	0.0	0.0	0.0	0.0	0.0	0.0	0.0	0.0	0.0	0.0	0.0	0.0	0.0	0.0	0.0	0.0	0.0	0.0	0.0	0.0	0.0	0.0	0.0	0.0	0.0	0.0	0.0	0.0	0.0	0.0	0.0	0.0	0.0	0.0	0.0	0.0	0.0	0.0	0.0	0.0	0.0
Bacillales	0.0	0.0	0.0	0.0	0.0	0.0	0.0	0.0	0.0	0.0	0.0	0.0	0.0	0.0	0.0	0.0	0.0	0.0	0.0	0.0	0.0	0.0	0.0	0.0	0.0	0.0	0.0	0.0	0.0	0.0	0.0	0.0	0.0	0.0	0.0	0.0	0.0	0.0	0.0	0.0	0.0	0.0	0.0	0.0	0.0	0.0	0.0	0.0	0.0	0.0	0.0	0.0	0.0	0.0	0.0	0.0	0.0	0.0	0.0	0.0	0.0	0.0	0.0	0.0	0.0	0.0	0.0	0.0	0.0	0.0	0.0	0.0	0.0	0.0	0.0	0.0	0.0	0.0	0.0	0.0	0.0	0.0	0.0	0.0	0.0	0.0	0.0	0.0	0.0	0.0	0.0	0.0	0.0	0.0	0.0	0.0	0.0	0.0	0.0	0.0	0.0	0.0	0.0	0.0	0.0	0.0	0.0	0.0	0.0	0.0	0.0	0.0	0.0	0.0	0.0	0.0	0.0	0.0	0.0	0.0	0.0	0.0	0.0	0.0	0.0	0.0	0.0	0.0	0.0	0.0	0.0	0.0	0.0	0.0	0.0	0.0	0.0	0.0	0.0	0.0	0.0	0.0	0.0	0.0	0.0	0.0	0.0	0.0	0.0	0.0	0.0	0.0	0.0	0.0	0.0	0.0	0.0	0.0	0.0	0.0	0.0	0.0	0.0	0.0	0.0	0.0	0.0	0.0	0.0	0.0	0.0	0.0	0.0	0.0	0.0	0.0	0.0	0.0	0.0	0.0	0.0	0.0	0.0	0.0	0.0	0.0	0.0	0.0	0.0	0.0	0.0	0.0	0.0	0.0	0.0	0.0	0.0	0.0	0.0	0.0	0.0	0.0	0.0	0.0	0.0	0.0	0.0	0.0	0.0	0.0	0.0	0.0	0.0	0.0	0.0	0.0	0.0	0.0	0.0	0.0	0.0	0.0	0.0	0.0	0.0	0.0	0.0	0.0	0.0	0.0	0.0	0.0	0.0	0.0	0.0	0.0	0.0	0.0	0.0	0.0	0.0	0.0	0.0	0.0	0.0	0.0	0.0	0.0	0.0	10863	0.0	0.0	0.0	0.0	0.0	0.0	0.0	0.0	0.0	0.0	82	0.0	0.0	0.0	0.0	0.0	0.0	0.0	0.0	0.0	0.0	0.0	0.0	0.0	0.0	0.0	0.0	0.0	0.0	0.0	0.0	0.0	0.0	0.0	0.0	0.0	0.0	0.0	0.0	0.0	0.0	0.0	0.0	0.0	0.0	0.0	0.0	0.0	0.0	0.0	0.0	0.0	0.0	0.0	0.0	0.0	0.0	0.0	0.0	0.0	0.0	0.0	0.0	0.0	0.0	0.0	0.0	0.0	0.0	0.0	0.0	0.0	0.0	0.0	0.0	0.0	0.0	0.0	0.0	0.0	0.0	0.0	0.0	0.0	0.0	0.0	0.0	0.0	0.0	0.0	0.0	0.0	0.0	0.0	0.0	0.0	0.0	0.0	0.0	0.0	0.0	0.0	0.0	0.0	0.0	0.0	0.0	0.0	0.0	0.0
Lactobacillales	0.0	0.0	3431	13426	0.0	1044	0.0	538	0.0	0.0	1860	0.0	0.0	0.0	3151	1268	0.0	0.0	0.0	0.0	0.0	3344	0.0	427	429	0.0	0.0	0.0	0.0	0.0	0.0	1433	0.0	0.0	0.0	2583	2133	0.0	0.0	12540	440	0.0	51	12950	0.0	0.0	965	0.0	0.0	0.0	0.0	100	5227	20	0.0	3434	0.0	1383	691	0.0	2362	85	0.0	54	210	48358	0.0	8588	0.0	0.0	0.0	176	3009	273	0.0	0.0	0.0	138	0.0	0.0	0.0	0.0	0.0	0.0	0.0	0.0	0.0	0.0	0.0	0.0	0.0	0.0	0.0	0.0	0.0	0.0	0.0	0.0	0.0	0.0	0.0	0.0	0.0	0.0	0.0	0.0	0.0	0.0	0.0	0.0	0.0	0.0	0.0	0.0	0.0	0.0	0.0	0.0	0.0	0.0	0.0	0.0	0.0	0.0	0.0	0.0	0.0	0.0	0.0	0.0	0.0	0.0	0.0	0.0	0.0	0.0	0.0	0.0	0.0	0.0	0.0	0.0	0.0	0.0	0.0	0.0	0.0	0.0	0.0	0.0	0.0	0.0	0.0	0.0	0.0	0.0	0.0	0.0	60	0.0	22474	0.0	0.0	0.0	59	496	0.0	0.0	0.0	0.0	0.0	0.0	0.0	32768	0.0	372	0.0	2160	0.0	0.0	193	2114	191	1016	0.0	0.0	0.0	5720	10773	0.0	0.0	0.0	0.0	0.0	0.0	2035	0.0	447	0.0	50	0.0	0.0	51	522	2122	0.0	0.0	0.0	487	1325	0.0	0.0	0.0	0.0	2379	4312	0.0	0.0	1024	24696	0.0	0.0	0.0	0.0	0.0	0.0	0.0	0.0	0.0	0.0	778	0.0	602	0.0	8537	0.0	0.0	0.0	0.0	0.0	7146	660	0.0	0.0	0.0	0.0	0.0	2132	2442	7949	0.0	3199	0.0	0.0	0.0	1392	366	0.0	0.0	263	1622	0.0	577	309	0.0	793	0.0	4291	2323	15	0.0	0.0	2424	0.0	12119	0.0	208	173	0.0	0.0	0.0	57	0.0	0.0	0.0	0.0	0.0	0.0	270	12529	0.0	0.0	0.0	0.0	23801	993	747	13972	0.0	763	0.0	0.0	0.0	554	0.0	0.0	0.0	1683	0.0	0.0	8919	0.0	0.0	238	0.0	0.0	497	2919	0.0	1232	0.0	434	751	0.0	286	2080	763	2595	0.0	21652	0.0	0.0	5592	0.0	0.0	5091	655	5567	0.0	9787	4696	1201	0.0	1484	0.0	0.0	0.0	246	80	98	1420	352	2749	0.0	0.0	12129	0.0	0.0	13391	444
Clostridiales	693540	492647	3201725	1535880	323055	2658598	537703	342636	1768105	634791	1157748	10871	2636	2964140	982708	1125175	2123716	218715	23497	240022	2023038	448577	516596	438670	798441	109136	188497	276193	2280467	341762	19512	660048	28462	2260360	275708	902588	268284	143074	331273	1565391	2439529	1043024	796135	1643726	558091	338258	114650	223927	622117	88938	1854411	489584	553089	877703	38557	904948	130512	1085469	3046221	973269	390695	377392	1134633	781276	1443428	1804895	429896	1382770	165074	463000	724852	1381657	634276	1632815	112328	1074482	78263	1096369	237598	246955	11758	42366	150745	17249	0.0	662482	114236	93580	633604	276839	67473	5376	38498	0.0	190631	127681	54582	1347095	180815	52486	122746	309672	123902	483126	452961	389995	58022	18590	21894	16871	3468224	36589	283873	23200	74702	24445	508345	171899	1490841	216345	691050	17522	334076	84630	77632	10430	71766	72054	2207	182439	517573	128437	62332	450958	46274	185500	445249	32922	69849	65879	56568	79921	147626	11808	87473	137265	171863	49244	522710	103470	422978	354997	76562	22230	61009	336919	101912	1886868	396658	82623	1591912	367781	948716	870670	578610	72401	557486	259174	580758	291782	151748	467301	1219937	66530	358370	9560	868720	559879	403725	332920	30211	213681	296770	131091	12438	281658	687337	902484	132305	418451	455819	487134	312467	480727	828251	733822	300267	3478737	178238	1382075	37375	891145	830961	2330709	1169432	763250	31356	201608	121541	858386	27775	611956	225216	2022	571873	538925	282140	285554	750691	1403700	1074399	627981	872862	348466	941986	240613	225709	540678	228303	488919	2117882	36850	340506	462811	230083	234627	303056	662180	416468	2263984	611014	625487	154250	372465	64822	79731	211919	343673	126122	231708	353962	283504	325103	271818	1517847	548196	55801	244116	30735	390630	91744	1042192	754694	385281	500628	2094163	99812	1972683	909608	134239	285638	405526	658103	85295	49664	232884	134476	238198	182123	984676	115404	63370	1051542	633906	355804	271849	398116	939571	160659	658014	767862	409475	351498	766322	712856	630295	284278	524487	127306	668464	84601	207600	601082	638797	284731	421631	208160	261286	743372	393003	776303	1958261	349718	441090	206256	1246	362459	561642	13534	279564	1586371	1254777	236976	78487	496635	331650	366101	740259	86215	1629163	1477895	227613	680311	484687	58206	228008	568481	286048	341557	1581601	1142974	1647684	282225	1162831	843552	999828	1118153	951428	1234765	949184	1961515	668479	1921719	1389513	843493	5043578	532989	63375	370022	216075
Erysipelotrichales	0.0	546	143312	945	3464	24338	5223	0.0	3032	1892	454	0.0	0.0	2449	744	2003	3557	0.0	0.0	125	4625	0.0	0.0	704	0.0	0.0	24	0.0	2661	4483	0.0	2441	0.0	2566	1416	0.0	16787	0.0	760	2867	0.0	4714	5185	5281	8391	389	0.0	2024	3477	0.0	8979	353	0.0	0.0	0.0	59444	0.0	0.0	51717	1734	874	2794	5161	2055	0.0	1931	0.0	2323	1519	849	1806	4522	1015	10057	253	275	0.0	8053	20286	0.0	284	0.0	0.0	0.0	0.0	0.0	0.0	0.0	2235	17346	0.0	0.0	0.0	0.0	0.0	0.0	0.0	0.0	14454	0.0	0.0	0.0	0.0	0.0	0.0	3228	0.0	0.0	0.0	0.0	1868	0.0	0.0	0.0	0.0	0.0	0.0	0.0	13381	0.0	0.0	0.0	0.0	0.0	0.0	0.0	0.0	0.0	0.0	0.0	0.0	0.0	0.0	0.0	526	28716	0.0	0.0	94	0.0	0.0	0.0	0.0	2239	0.0	0.0	0.0	57	3707	0.0	0.0	0.0	1085	0.0	4336	0.0	366	12392	3220	172	76573	0.0	875	922	3973	0.0	377	0.0	426	0.0	2486	1591	22	0.0	271	260	1322	0.0	839	1329	1258	265	0.0	0.0	0.0	1188	536	92	26	2176	10899	26	24	1858	24	0.0	2162	0.0	483	659	0.0	4870	1958	5621	395	4450	0.0	0.0	0.0	0.0	0.0	0.0	0.0	3982	398	0.0	7231	3501	4137	41686	0.0	242	0.0	0.0	4387	1111	933	369	0.0	282	1990	0.0	0.0	0.0	246	313	265	322	96	2512	0.0	84775	288	0.0	0.0	0.0	0.0	2223	51	0.0	0.0	532	93	0.0	93	7218	0.0	0.0	0.0	125	0.0	11608	9664	12032	1391	0.0	0.0	1183	206	636	5281	0.0	3271	2486	0.0	0.0	0.0	0.0	0.0	736	0.0	0.0	0.0	724	82	0.0	1837	0.0	0.0	245	0.0	93	1443	0.0	2816	46	0.0	486	0.0	76	0.0	602	1040	972	0.0	0.0	0.0	0.0	1212	16603	0.0	61220	0.0	606	332	0.0	417	4597	0.0	805	0.0	0.0	266	0.0	205	546	4193	611	0.0	1381	2965	4412	1295	6605	0.0	0.0	498	0.0	9649	122	51	1760	222	10941	259	1305	820	11091	2804	522	0.0	1160	1491	944	1138	2309	804	0.0	1175	0.0
Selenomonadales	103367	248542	106602	107586	7618	328261	37215	14367	36858	6374	50829	2867	0.0	25494	144061	175224	243928	58944	2301	70426	44006	32287	20899	111648	279246	55371	2682	164086	139710	5870	5940	20	15949	79256	10160	327925	66810	30599	157468	53352	122233	0.0	206302	418605	58	40995	72996	3535	35452	19989	0.0	17605	140888	58158	4527	15773	55382	24064	77338	0.0	6096	0.0	324	27362	46159	59193	7826	52241	0.0	17816	20405	1585	82683	1412	10040	20	15333	5446	24879	13359	0.0	0.0	0.0	0.0	0.0	24424	4675	0.0	0.0	21513	0.0	36008	376	0.0	0.0	1887	0.0	2414	15370	0.0	2780	989	0.0	0.0	0.0	0.0	0.0	0.0	3605	0.0	0.0	0.0	0.0	0.0	0.0	13991	0.0	134942	0.0	0.0	0.0	0.0	77560	185	0.0	0.0	0.0	841	0.0	0.0	0.0	0.0	0.0	0.0	0.0	14914	80459	0.0	0.0	0.0	0.0	169	21754	4597	0.0	0.0	61691	0.0	0.0	4144	405	0.0	0.0	0.0	0.0	0.0	591	8054	6681	43120	138546	0.0	41002	46749	8920	50594	53551	8998	21069	5177	0.0	720	8930	11152	6703	30910	9003	19174	23436	655	23339	15583	25715	6877	0.0	8275	27194	102616	25012	1007	14504	0.0	0.0	98	11541	26453	0.0	12476	88974	11030	160	0.0	13745	46468	28504	128770	1689	68475	2349	36939	1345	40837	19245	13471	1090	47991	8469	1958	29426	44804	43808	3238	26211	14084	46157	5032	27314	732	50655	0.0	0.0	34614	90592	12424	75257	94315	71456	17646	17744	39115	19671	2617	48342	15805	75061	5204	4167	10616	6026	194	938	37196	553983	4254	35255	2120743	6037	26504	19369	97063	76674	36052	32196	1557	7661	11499	592	107065	0.0	0.0	15214	159	6932	11729	37680	0.0	67290	6350	0.0	19778	155	120710	253886	391755	144418	0.0	0.0	62395	24814	54664	21822	0.0	478	9462	48216	78786	6576	124969	4220	179	26952	87200	0.0	409884	32982	26565	110834	12108	8649	6310	88196	132116	229310	39286	3528	0.0	303064	38352	6201	26904	61756	3866	6871	5204	60852	36060	74146	312000	5098	113039	62070	9564	78718	32188	0.0	37923	2802	91913	41160	90483	79678	349	180419	153794	157144	18580	887	214970	88229	8227	69799	43886	0.0	4320	88209	50441	47864	337	70694	7764
Fusobacteriales	0.0	0.0	0.0	0.0	0.0	3717	0.0	0.0	0.0	0.0	0.0	0.0	0.0	0.0	0.0	0.0	0.0	356	0.0	0.0	0.0	0.0	0.0	0.0	0.0	0.0	0.0	0.0	0.0	0.0	0.0	0.0	0.0	0.0	0.0	0.0	58879	0.0	0.0	0.0	0.0	0.0	0.0	0.0	0.0	0.0	0.0	0.0	0.0	0.0	0.0	0.0	870	0.0	0.0	0.0	0.0	0.0	0.0	0.0	0.0	163	0.0	0.0	0.0	0.0	0.0	0.0	99010	40524	0.0	0.0	0.0	0.0	199	0.0	0.0	0.0	0.0	0.0	0.0	0.0	0.0	0.0	0.0	0.0	5877	0.0	0.0	0.0	0.0	0.0	0.0	0.0	0.0	0.0	0.0	0.0	0.0	0.0	0.0	2334	0.0	0.0	0.0	0.0	0.0	0.0	0.0	0.0	0.0	0.0	0.0	0.0	0.0	0.0	0.0	0.0	0.0	0.0	280833	0.0	0.0	0.0	0.0	0.0	0.0	0.0	0.0	0.0	0.0	0.0	0.0	0.0	0.0	0.0	0.0	0.0	0.0	0.0	0.0	0.0	0.0	0.0	0.0	0.0	0.0	0.0	0.0	0.0	0.0	0.0	0.0	0.0	0.0	0.0	0.0	0.0	0.0	0.0	0.0	0.0	0.0	0.0	0.0	0.0	0.0	0.0	0.0	0.0	0.0	0.0	0.0	0.0	0.0	0.0	0.0	0.0	0.0	0.0	0.0	0.0	0.0	0.0	0.0	0.0	0.0	25	0.0	0.0	0.0	0.0	0.0	0.0	0.0	0.0	0.0	0.0	0.0	0.0	150914	16967	0.0	0.0	0.0	0.0	0.0	0.0	0.0	0.0	0.0	0.0	0.0	0.0	0.0	0.0	0.0	0.0	0.0	0.0	0.0	0.0	0.0	0.0	0.0	0.0	0.0	0.0	0.0	0.0	0.0	0.0	0.0	0.0	782	0.0	0.0	0.0	0.0	0.0	0.0	0.0	0.0	0.0	0.0	0.0	0.0	0.0	0.0	0.0	0.0	0.0	1832	0.0	0.0	0.0	453	0.0	0.0	0.0	686	0.0	0.0	0.0	0.0	0.0	0.0	0.0	0.0	0.0	0.0	0.0	0.0	0.0	0.0	0.0	0.0	0.0	0.0	0.0	0.0	0.0	0.0	0.0	0.0	0.0	0.0	0.0	0.0	0.0	0.0	0.0	0.0	0.0	0.0	0.0	0.0	0.0	0.0	0.0	0.0	0.0	0.0	4427	0.0	0.0	0.0	0.0	0.0	0.0	0.0	0.0	0.0	0.0	0.0	0.0	0.0	0.0	0.0	0.0	0.0	0.0	1662	0.0	0.0	0.0	0.0	0.0	0.0	0.0	0.0	0.0	0.0	0.0	0.0	0.0	0.0	0.0	0.0	0.0	0.0	0.0	0.0	0.0	0.0	0.0	0.0	0.0	0.0	0.0	5586	0.0	0.0	0.0	0.0	0.0	0.0	0.0	81	0.0
Burkholderiales	32787	0.0	0.0	49421	53758	0.0	209412	2806	4683	98944	3828	131	0.0	361	52030	22070	0.0	0.0	269	0.0	9312	39612	18882	0.0	28563	77971	24732	2674	12265	101287	0.0	818	1870	3231	92416	58577	0.0	1498	26497	38767	119854	39694	0.0	24726	33341	0.0	39133	180349	94740	1584	14558	46335	46650	70203	0.0	256897	7603	69175	1179	25589	28005	0.0	58886	2858	235123	14483	8109	1199	22094	5567	34477	80314	33561	84648	0.0	27764	126760	74513	440384	2691	102285	0.0	3456	0.0	0.0	0.0	0.0	0.0	2802	490998	115279	361	99857	329935	2746	3382	94609	3430763	133949	0.0	0.0	0.0	347	974	3828	154619	0.0	0.0	4163	0.0	9439	0.0	0.0	200354	347	0.0	9327	2004	8147	2740	1683574	0.0	3828	4361	0.0	0.0	2082	0.0	0.0	128094	0.0	308830	8312	2007370	0.0	457725	0.0	0.0	94750	6889	7990	270013	0.0	30958	5523	0.0	1735	410	625431	0.0	1623	89971	2579	190881	0.0	16350	2533	152834	84112	4709	19090	24748	123043	81	35377	0.0	20566	1733	34577	3209	6207	14344	4173	0.0	72592	0.0	11852	1949	100769	5249	45454	0.0	5288	20069	0.0	51723	9160	13136	1445171	7135	136866	25416	2174	102551	12388	183242	10362	77265	1039	6238	75157	0.0	0.0	40494	77049	296061	2508	4838	63	6543	40146	261847	8106	0.0	10674	7294	37373	12263	5232	11920	34710	117567	22860	7641	134595	64017	134706	3472	10298	20298	10463	11237	0.0	1368	0.0	0.0	201685	0.0	5888	2384	10363	0.0	1416	9204	35585	6033	70181	30610	2391	182461	0.0	4180	32411	7913	23852	56367	6652	449	2064	6426	23544	103621	0.0	5635	122375	39088	18353	5898	0.0	0.0	284408	11070	27994	91693	33643	5611	47756	604	3477	40443	152027	24032	284523	0.0	176585	6117	1271	141230	6206	3173	24076	16771	17492	31784	11349	6152	5688	801	0.0	194	0.0	0.0	45929	46923	0.0	7850	0.0	0.0	48256	0.0	27723	0.0	41220	26068	1249	0.0	14321	81621	352	34226	0.0	13806	1581	1407	509	6278	63291	51310	7816	9648	6663	108943	20012	113833	700	1437	5628	1992	1100	20144	19180	10662	3830	130182	199349	18049	19874	106755	56997	6312	31202	0.0	694	15449	11725	1095	2866	0.0	0.0	44454
Neisseriales	0.0	0.0	0.0	0.0	0.0	0.0	0.0	493	0.0	0.0	0.0	0.0	0.0	0.0	0.0	0.0	0.0	0.0	0.0	0.0	0.0	0.0	0.0	0.0	72	0.0	0.0	1712	0.0	0.0	0.0	0.0	0.0	0.0	0.0	0.0	0.0	0.0	0.0	0.0	0.0	0.0	0.0	0.0	0.0	0.0	0.0	0.0	0.0	0.0	0.0	0.0	0.0	0.0	0.0	0.0	0.0	0.0	0.0	0.0	0.0	0.0	0.0	0.0	0.0	0.0	0.0	0.0	0.0	0.0	0.0	0.0	0.0	0.0	0.0	0.0	0.0	0.0	0.0	0.0	0.0	0.0	0.0	0.0	0.0	0.0	0.0	0.0	0.0	0.0	0.0	0.0	0.0	0.0	0.0	0.0	0.0	0.0	0.0	0.0	0.0	0.0	0.0	0.0	0.0	0.0	0.0	0.0	0.0	0.0	0.0	0.0	0.0	0.0	0.0	0.0	0.0	0.0	0.0	0.0	0.0	0.0	0.0	0.0	0.0	0.0	0.0	0.0	0.0	0.0	0.0	0.0	0.0	0.0	0.0	0.0	0.0	0.0	0.0	0.0	0.0	0.0	0.0	0.0	0.0	0.0	0.0	0.0	0.0	0.0	0.0	0.0	0.0	0.0	0.0	0.0	0.0	0.0	0.0	0.0	0.0	0.0	0.0	0.0	0.0	0.0	0.0	0.0	0.0	0.0	0.0	0.0	0.0	0.0	0.0	0.0	0.0	0.0	0.0	0.0	0.0	0.0	0.0	0.0	0.0	0.0	0.0	523	1572	0.0	0.0	0.0	0.0	0.0	0.0	0.0	0.0	0.0	0.0	0.0	0.0	0.0	0.0	0.0	0.0	0.0	0.0	0.0	0.0	0.0	0.0	0.0	0.0	0.0	0.0	1217	0.0	0.0	0.0	0.0	0.0	0.0	0.0	0.0	0.0	0.0	0.0	0.0	0.0	0.0	0.0	0.0	0.0	0.0	0.0	0.0	0.0	0.0	0.0	0.0	0.0	0.0	0.0	0.0	0.0	0.0	0.0	0.0	0.0	0.0	0.0	0.0	0.0	0.0	0.0	0.0	0.0	0.0	0.0	0.0	0.0	0.0	0.0	0.0	0.0	0.0	0.0	0.0	0.0	0.0	0.0	0.0	0.0	0.0	0.0	0.0	0.0	0.0	0.0	0.0	0.0	0.0	0.0	0.0	0.0	0.0	0.0	0.0	0.0	245	0.0	0.0	0.0	0.0	0.0	420	0.0	0.0	0.0	0.0	0.0	0.0	0.0	0.0	0.0	0.0	0.0	0.0	0.0	0.0	0.0	0.0	0.0	0.0	0.0	0.0	0.0	0.0	0.0	0.0	0.0	0.0	0.0	0.0	0.0	0.0	0.0	0.0	0.0	0.0	0.0	0.0	0.0	0.0	0.0	0.0	0.0	0.0	0.0	0.0	0.0	0.0	0.0	0.0	0.0	0.0	0.0	0.0	0.0	0.0	0.0	0.0	0.0	0.0	0.0	0.0	0.0	0.0	0.0	0.0
Desulfovibrionales	33213	3766	0.0	41595	374	0.0	89035	6713	3107	1670	2116	0.0	0.0	15944	38829	10411	23044	0.0	0.0	0.0	9148	0.0	5263	0.0	0.0	0.0	313	26402	9922	32	0.0	42636	720	19364	34	0.0	0.0	2174	10599	4299	0.0	73425	982	17266	0.0	0.0	10198	0.0	2402	2756	76332	7207	31555	0.0	0.0	0.0	7798	0.0	0.0	42723	35418	0.0	6648	10367	0.0	27785	10300	18367	0.0	0.0	687	244288	71333	7576	0.0	46827	0.0	2658	0.0	1174	0.0	0.0	28895	0.0	0.0	0.0	0.0	481	977	0.0	0.0	4329	0.0	0.0	21035	0.0	8562	0.0	0.0	0.0	289	0.0	0.0	347	2793	0.0	0.0	0.0	10303	162	1447	0.0	96	0.0	0.0	32	7589	4922	0.0	0.0	0.0	0.0	0.0	2926	2649	0.0	0.0	0.0	0.0	0.0	0.0	23856	0.0	0.0	0.0	0.0	3668	0.0	0.0	0.0	0.0	0.0	0.0	0.0	0.0	2454	63	0.0	994	0.0	6416	4209	0.0	2874	0.0	52378	0.0	35375	6224	13021	0.0	0.0	30890	0.0	7384	0.0	5748	0.0	751	1276	0.0	499	2060	0.0	2200	0.0	6329	413	4009	0.0	0.0	0.0	388	0.0	159	2765	0.0	251	1577	0.0	8323	10149	724	0.0	66	0.0	23379	0.0	2228	2938	0.0	914	65590	0.0	3083	0.0	5357	0.0	197	317	0.0	0.0	0.0	993	0.0	0.0	19417	14604	5059	4687	1755	4622	647	914	1985	1756	7007	21681	7194	57639	16769	5248	0.0	0.0	0.0	0.0	0.0	0.0	7355	12127	19042	24648	4330	0.0	4267	0.0	4123	0.0	33799	2475	0.0	32870	12618	0.0	0.0	149868	0.0	0.0	2052	5702	0.0	4389	0.0	6874	160	511	0.0	0.0	694	0.0	3993	2132	3297	33692	0.0	0.0	2526	0.0	0.0	5403	0.0	10565	0.0	29775	0.0	19534	9049	0.0	963	582	2403	5171	6648	0.0	9803	3035	9412	6206	0.0	0.0	0.0	0.0	0.0	0.0	0.0	1763	0.0	0.0	4817	0.0	1035	0.0	16507	19341	0.0	0.0	10352	128222	0.0	1605	0.0	2869	10006	0.0	676	41843	4494	28868	0.0	0.0	8010	21048	1123	1494	0.0	0.0	14864	0.0	0.0	0.0	2880	0.0	0.0	104230	23173	10282	20209	100073	41373	1295	0.0	0.0	0.0	49784	12450	1038	99	0.0	0.0	0.0
Campylobacterales	0.0	0.0	0.0	0.0	0.0	2678	0.0	0.0	0.0	0.0	0.0	0.0	0.0	0.0	0.0	0.0	0.0	0.0	0.0	0.0	0.0	0.0	0.0	2633	0.0	0.0	0.0	0.0	0.0	0.0	0.0	0.0	0.0	0.0	0.0	111652	0.0	0.0	0.0	0.0	0.0	0.0	0.0	0.0	0.0	0.0	0.0	0.0	0.0	0.0	0.0	0.0	0.0	0.0	0.0	0.0	0.0	0.0	0.0	0.0	0.0	0.0	0.0	0.0	0.0	0.0	0.0	0.0	0.0	0.0	0.0	0.0	0.0	0.0	0.0	0.0	0.0	0.0	0.0	0.0	0.0	0.0	0.0	0.0	0.0	0.0	0.0	0.0	0.0	0.0	0.0	0.0	0.0	0.0	0.0	1038	0.0	0.0	0.0	0.0	0.0	0.0	0.0	0.0	0.0	0.0	0.0	0.0	0.0	0.0	0.0	0.0	0.0	0.0	0.0	0.0	0.0	0.0	0.0	0.0	0.0	0.0	0.0	0.0	0.0	0.0	0.0	0.0	0.0	0.0	0.0	0.0	0.0	0.0	0.0	0.0	0.0	0.0	0.0	0.0	0.0	4829	0.0	0.0	0.0	0.0	0.0	0.0	0.0	0.0	0.0	0.0	0.0	0.0	0.0	0.0	0.0	0.0	0.0	0.0	0.0	0.0	0.0	0.0	0.0	0.0	0.0	0.0	0.0	0.0	0.0	0.0	0.0	0.0	0.0	0.0	0.0	0.0	0.0	0.0	0.0	0.0	0.0	0.0	0.0	0.0	0.0	0.0	0.0	0.0	0.0	0.0	0.0	0.0	0.0	0.0	0.0	0.0	0.0	0.0	0.0	0.0	178	0.0	0.0	0.0	0.0	0.0	0.0	0.0	0.0	0.0	0.0	0.0	0.0	0.0	0.0	0.0	0.0	0.0	0.0	0.0	0.0	0.0	0.0	0.0	0.0	0.0	0.0	0.0	0.0	0.0	287	0.0	0.0	0.0	0.0	0.0	0.0	0.0	0.0	0.0	0.0	0.0	0.0	0.0	0.0	0.0	0.0	0.0	0.0	0.0	0.0	0.0	0.0	0.0	0.0	0.0	0.0	0.0	0.0	0.0	0.0	0.0	0.0	0.0	0.0	0.0	0.0	0.0	0.0	0.0	0.0	0.0	0.0	0.0	0.0	0.0	0.0	0.0	0.0	0.0	0.0	0.0	0.0	0.0	0.0	0.0	0.0	0.0	0.0	0.0	0.0	0.0	0.0	0.0	0.0	0.0	0.0	0.0	0.0	0.0	0.0	0.0	0.0	0.0	0.0	0.0	0.0	0.0	0.0	2802	0.0	0.0	0.0	0.0	0.0	0.0	0.0	0.0	565	0.0	0.0	0.0	0.0	0.0	0.0	0.0	0.0	0.0	0.0	0.0	0.0	0.0	0.0	0.0	0.0	0.0	0.0	0.0	0.0	0.0	0.0	0.0	0.0	0.0	0.0	0.0	0.0	0.0	0.0	0.0	0.0	0.0	0.0	0.0	0.0	0.0	0.0	0.0
Aeromonadales	0.0	0.0	0.0	0.0	0.0	0.0	0.0	0.0	0.0	0.0	0.0	0.0	0.0	0.0	0.0	0.0	0.0	0.0	0.0	0.0	0.0	0.0	0.0	0.0	0.0	0.0	0.0	0.0	0.0	0.0	0.0	0.0	0.0	0.0	0.0	0.0	0.0	0.0	0.0	0.0	0.0	0.0	0.0	0.0	0.0	0.0	0.0	0.0	0.0	0.0	0.0	0.0	0.0	0.0	0.0	0.0	0.0	0.0	0.0	0.0	0.0	0.0	0.0	0.0	0.0	0.0	0.0	0.0	0.0	0.0	0.0	0.0	0.0	0.0	0.0	0.0	0.0	0.0	0.0	0.0	0.0	0.0	0.0	0.0	0.0	0.0	0.0	0.0	0.0	0.0	0.0	0.0	0.0	0.0	0.0	0.0	0.0	0.0	0.0	0.0	0.0	0.0	0.0	0.0	0.0	0.0	0.0	0.0	0.0	0.0	0.0	0.0	0.0	0.0	0.0	0.0	0.0	0.0	0.0	0.0	0.0	0.0	0.0	0.0	0.0	0.0	0.0	0.0	0.0	0.0	0.0	0.0	0.0	0.0	0.0	0.0	0.0	0.0	0.0	0.0	0.0	0.0	0.0	0.0	0.0	0.0	0.0	0.0	0.0	0.0	0.0	0.0	0.0	0.0	0.0	0.0	0.0	0.0	0.0	0.0	0.0	0.0	0.0	0.0	0.0	0.0	0.0	0.0	0.0	0.0	0.0	0.0	0.0	0.0	0.0	0.0	0.0	0.0	0.0	0.0	0.0	0.0	0.0	0.0	0.0	0.0	0.0	0.0	0.0	0.0	0.0	0.0	0.0	0.0	0.0	0.0	0.0	0.0	0.0	0.0	0.0	0.0	0.0	0.0	0.0	0.0	0.0	0.0	0.0	0.0	0.0	0.0	0.0	0.0	0.0	0.0	0.0	0.0	0.0	0.0	0.0	0.0	0.0	0.0	0.0	0.0	0.0	0.0	0.0	0.0	0.0	0.0	0.0	0.0	5517	0.0	0.0	0.0	0.0	0.0	0.0	0.0	0.0	0.0	0.0	0.0	0.0	0.0	0.0	0.0	0.0	0.0	0.0	0.0	0.0	0.0	0.0	0.0	0.0	0.0	0.0	0.0	0.0	0.0	0.0	0.0	0.0	0.0	0.0	0.0	0.0	0.0	0.0	0.0	0.0	0.0	0.0	0.0	0.0	0.0	0.0	0.0	0.0	0.0	0.0	0.0	0.0	0.0	0.0	0.0	0.0	0.0	0.0	0.0	0.0	0.0	0.0	0.0	0.0	0.0	0.0	0.0	0.0	0.0	0.0	0.0	0.0	0.0	0.0	0.0	0.0	0.0	0.0	0.0	0.0	0.0	0.0	0.0	0.0	0.0	0.0	0.0	0.0	0.0	0.0	0.0	0.0	0.0	0.0	0.0	0.0	0.0	0.0	0.0	0.0	0.0	0.0	0.0	0.0	0.0	0.0	0.0	0.0	0.0	0.0	0.0	0.0	0.0	0.0	0.0	0.0	0.0	0.0	0.0	0.0	0.0	0.0	0.0	0.0	0.0
Enterobacteriales	0.0	1080	238501	49910	53998	35143	3812	0.0	0.0	642	0.0	2281	0.0	1080	4320	2160	540	540	0.0	540	3240	6480	540	71384	180145	0.0	540	23829	26894	0.0	2407	12352	7020	0.0	1620	1305	159559	3780	309	65094	19114	752759	540	43788	0.0	56377	16789	68037	18476	0.0	79377	9008	397545	0.0	1620	67122	125275	9146	15023	1193771	1620	0.0	540	13500	4003	62435	0.0	6755	734819	309875	540	1620	257645	21964	540	0.0	66958	0.0	0.0	0.0	0.0	2700	0.0	0.0	0.0	33975	0.0	0.0	176	0.0	0.0	1843	0.0	0.0	0.0	323	0.0	1578	0.0	0.0	4320	0.0	1080	0.0	0.0	0.0	0.0	0.0	295	0.0	3780	0.0	0.0	0.0	0.0	0.0	0.0	1225	0.0	0.0	144276	0.0	2160	0.0	0.0	0.0	0.0	5400	0.0	0.0	0.0	5491	0.0	0.0	0.0	0.0	10260	0.0	0.0	0.0	0.0	0.0	0.0	0.0	0.0	0.0	23194	0.0	0.0	0.0	0.0	0.0	2160	0.0	0.0	0.0	0.0	28600	0.0	23209	58318	1853	4320	5926	52378	21524	0.0	1620	0.0	806	0.0	14579	309	2160	0.0	97906	22139	24373	0.0	3240	2015	15688	2873	0.0	2160	0.0	6564	9600	1198488	540	540	81235	11340	10410	28619	635	1620	0.0	2700	6539	611797	0.0	34559	82617	39959	540	56158	3257	7020	0.0	80173	540	0.0	571779	540	45898	0.0	41378	90968	3991597	7867	0.0	540	3100	1620	0.0	0.0	46978	1324	0.0	634830	8100	48931	1506	9234	5445	540	3780	9512	12035	37799	85944	1080	540	0.0	0.0	0.0	79917	58014	2651	0.0	535567	40496	4210	2160	9720	1620	0.0	3240	714351	0.0	0.0	0.0	1767	1620	0.0	1080	5367	307	0.0	0.0	0.0	0.0	0.0	0.0	1080	612	1155	10800	13500	146452	6337	103970	0.0	100688	1080	540	0.0	15187	30779	0.0	395	16199	0.0	70197	34086	11435	540	0.0	0.0	0.0	1080	0.0	695466	1080	12420	3155	9269	0.0	6480	19333	68626	2700	24647	13500	1080	6020	294829	0.0	1080	3483	15394	414100	540	4309	146973	10992	1080	540	13598	28619	0.0	26999	7020	3240	5022	30004	20335	3240	128583	67394	540	223552	651885	1080	0.0	540	245345	4295	6480	21607	588232	1637	0.0	76825	1257	1080	9720	20104	540
Pasteurellales	0.0	0.0	12127	29558	282	864	0.0	4529	0.0	0.0	17361	607	0.0	492	14444	0.0	0.0	5834	0.0	0.0	21040	9397	786	0.0	22478	0.0	0.0	0.0	4307	0.0	406	0.0	52	6119	3695	78675	10696	676	1159	3414	3193	0.0	0.0	945	0.0	0.0	947	0.0	10809	2261	0.0	0.0	20315	1765	428	12630	0.0	3185	6927	0.0	52	0.0	6665	2600	26	12835	0.0	12535	0.0	0.0	0.0	0.0	434	604	1473	0.0	0.0	18244	0.0	0.0	0.0	0.0	0.0	0.0	0.0	0.0	2698	0.0	0.0	0.0	0.0	0.0	0.0	0.0	0.0	0.0	0.0	0.0	0.0	0.0	0.0	0.0	0.0	0.0	0.0	0.0	0.0	0.0	0.0	0.0	0.0	0.0	0.0	0.0	0.0	0.0	0.0	0.0	0.0	0.0	0.0	0.0	0.0	0.0	0.0	0.0	0.0	0.0	0.0	0.0	0.0	0.0	0.0	0.0	0.0	0.0	0.0	0.0	0.0	0.0	0.0	3331	0.0	0.0	0.0	0.0	0.0	0.0	0.0	0.0	17121	0.0	0.0	0.0	0.0	0.0	658	3873	0.0	0.0	0.0	0.0	0.0	0.0	57212	2517	1244	0.0	0.0	0.0	0.0	742	1228	5160	7109	0.0	0.0	1131	0.0	128	285	28365	3079	459	0.0	0.0	0.0	9565	1525	13833	0.0	79	0.0	0.0	0.0	6440	0.0	259	0.0	0.0	0.0	0.0	0.0	3547	2081	0.0	0.0	0.0	0.0	5993	0.0	0.0	0.0	2556	4774	5481	0.0	0.0	6201	0.0	0.0	2522	0.0	486	2911	0.0	267	3214	0.0	0.0	0.0	0.0	0.0	0.0	17213	0.0	0.0	104	9972	2779	1053	38203	104	0.0	634	0.0	0.0	333	0.0	0.0	0.0	1550	0.0	0.0	0.0	1391	9888	0.0	0.0	205	11255	0.0	1067	0.0	29961	4681	0.0	5834	0.0	0.0	0.0	1994	519	0.0	3243	269	7115	0.0	0.0	0.0	0.0	0.0	16331	0.0	0.0	0.0	0.0	2863	1725	9593	0.0	0.0	831	0.0	931	15808	0.0	35581	415	5704	1878	0.0	0.0	66750	0.0	2156	0.0	5262	0.0	342	4541	7941	0.0	1448	0.0	0.0	0.0	14769	0.0	1531	306	958	0.0	3285	0.0	504	10819	855	0.0	93677	181	0.0	7846	0.0	0.0	6111	428	13066	1029	21871	10439	0.0	0.0	4917	0.0	4198	0.0	9675	1667	3294	14809	27	0.0	0.0	1742	17347	0.0	155	30803	1481
Pseudomonadales	0.0	0.0	1962	0.0	0.0	0.0	0.0	0.0	0.0	0.0	0.0	0.0	0.0	0.0	0.0	0.0	0.0	0.0	0.0	0.0	0.0	0.0	0.0	0.0	47	0.0	0.0	0.0	0.0	0.0	0.0	0.0	0.0	0.0	0.0	0.0	0.0	0.0	0.0	0.0	1962	304	0.0	0.0	0.0	0.0	0.0	0.0	3924	0.0	252662	0.0	0.0	0.0	0.0	51	0.0	0.0	0.0	29822	0.0	0.0	0.0	0.0	0.0	0.0	0.0	0.0	0.0	0.0	0.0	0.0	0.0	0.0	0.0	0.0	0.0	0.0	0.0	29433	0.0	5887	0.0	5887	23546	0.0	0.0	3924	0.0	5887	0.0	0.0	10437	0.0	0.0	0.0	0.0	17660	0.0	47092	0.0	0.0	0.0	3924	0.0	0.0	0.0	0.0	0.0	0.0	23546	3924	9811	13735	0.0	0.0	15697	0.0	5887	9811	0.0	0.0	3924	0.0	0.0	0.0	13735	0.0	0.0	0.0	0.0	0.0	0.0	9811	0.0	19622	0.0	5887	0.0	0.0	0.0	0.0	0.0	0.0	7849	0.0	13735	0.0	9811	13735	15697	0.0	0.0	0.0	0.0	0.0	0.0	0.0	0.0	0.0	0.0	0.0	0.0	0.0	0.0	0.0	0.0	0.0	0.0	0.0	0.0	0.0	0.0	0.0	0.0	0.0	0.0	0.0	0.0	0.0	0.0	0.0	0.0	0.0	0.0	0.0	0.0	0.0	0.0	0.0	0.0	0.0	0.0	0.0	0.0	0.0	0.0	0.0	0.0	0.0	0.0	0.0	0.0	0.0	0.0	0.0	0.0	0.0	0.0	0.0	0.0	0.0	0.0	0.0	0.0	0.0	0.0	0.0	0.0	0.0	0.0	1962	0.0	0.0	0.0	0.0	0.0	0.0	0.0	0.0	5887	0.0	0.0	0.0	0.0	0.0	0.0	0.0	0.0	0.0	0.0	0.0	0.0	0.0	0.0	0.0	0.0	0.0	0.0	0.0	0.0	0.0	0.0	0.0	0.0	0.0	0.0	0.0	0.0	0.0	0.0	0.0	0.0	0.0	0.0	0.0	0.0	0.0	0.0	0.0	0.0	0.0	0.0	0.0	0.0	0.0	0.0	0.0	0.0	0.0	0.0	0.0	0.0	0.0	0.0	0.0	0.0	0.0	0.0	0.0	0.0	0.0	0.0	0.0	0.0	46234	0.0	0.0	0.0	0.0	0.0	0.0	0.0	0.0	0.0	0.0	0.0	0.0	0.0	0.0	0.0	0.0	0.0	0.0	0.0	0.0	0.0	0.0	0.0	0.0	0.0	0.0	0.0	0.0	0.0	0.0	0.0	0.0	0.0	0.0	0.0	0.0	0.0	0.0	0.0	0.0	0.0	0.0	0.0	0.0	0.0	0.0	0.0	0.0	0.0	0.0	0.0	0.0	0.0	0.0	0.0	0.0	0.0	0.0	0.0	0.0	0.0	0.0	0.0	0.0
Xanthomonadales	0.0	0.0	0.0	0.0	0.0	0.0	0.0	0.0	0.0	0.0	0.0	0.0	0.0	0.0	0.0	0.0	0.0	0.0	0.0	0.0	0.0	0.0	0.0	0.0	0.0	0.0	0.0	0.0	0.0	0.0	0.0	0.0	0.0	639	0.0	0.0	0.0	0.0	0.0	0.0	0.0	0.0	0.0	0.0	0.0	0.0	0.0	0.0	0.0	0.0	0.0	0.0	0.0	0.0	0.0	0.0	0.0	0.0	0.0	0.0	0.0	0.0	0.0	0.0	0.0	0.0	0.0	0.0	0.0	0.0	0.0	0.0	0.0	0.0	0.0	0.0	0.0	0.0	0.0	0.0	0.0	0.0	0.0	0.0	0.0	0.0	0.0	0.0	0.0	0.0	0.0	0.0	0.0	0.0	0.0	0.0	0.0	0.0	0.0	0.0	0.0	0.0	0.0	0.0	0.0	0.0	0.0	0.0	0.0	0.0	0.0	0.0	0.0	0.0	0.0	0.0	0.0	0.0	0.0	0.0	0.0	0.0	0.0	0.0	0.0	0.0	0.0	0.0	0.0	0.0	0.0	0.0	0.0	0.0	0.0	0.0	0.0	0.0	0.0	0.0	0.0	0.0	0.0	0.0	0.0	0.0	0.0	0.0	0.0	0.0	0.0	0.0	0.0	0.0	0.0	0.0	0.0	0.0	0.0	0.0	0.0	0.0	0.0	0.0	0.0	0.0	0.0	0.0	0.0	0.0	0.0	0.0	0.0	0.0	0.0	0.0	0.0	0.0	0.0	0.0	0.0	0.0	0.0	0.0	0.0	0.0	0.0	0.0	0.0	0.0	0.0	0.0	0.0	0.0	0.0	0.0	0.0	0.0	0.0	0.0	0.0	0.0	0.0	0.0	0.0	0.0	0.0	0.0	0.0	0.0	0.0	0.0	0.0	0.0	0.0	0.0	0.0	0.0	0.0	0.0	0.0	0.0	0.0	0.0	0.0	0.0	0.0	0.0	0.0	0.0	0.0	0.0	0.0	0.0	0.0	0.0	0.0	0.0	0.0	0.0	0.0	0.0	0.0	0.0	0.0	0.0	0.0	0.0	0.0	0.0	0.0	0.0	0.0	0.0	0.0	0.0	0.0	0.0	0.0	0.0	0.0	0.0	0.0	0.0	0.0	0.0	0.0	0.0	0.0	0.0	0.0	0.0	0.0	0.0	0.0	0.0	0.0	0.0	0.0	0.0	0.0	0.0	0.0	0.0	0.0	0.0	0.0	0.0	0.0	0.0	0.0	0.0	0.0	0.0	0.0	0.0	0.0	0.0	0.0	0.0	0.0	0.0	0.0	0.0	0.0	0.0	0.0	0.0	0.0	0.0	0.0	0.0	0.0	0.0	0.0	0.0	0.0	0.0	0.0	0.0	0.0	0.0	0.0	0.0	0.0	0.0	0.0	0.0	0.0	0.0	0.0	0.0	0.0	0.0	0.0	0.0	0.0	0.0	0.0	0.0	0.0	0.0	0.0	0.0	0.0	0.0	0.0	0.0	0.0	0.0	0.0	0.0	0.0	0.0	0.0	413	0.0	0.0	0.0	0.0
Mycoplasmatales	0.0	0.0	0.0	0.0	0.0	0.0	0.0	0.0	0.0	0.0	0.0	0.0	0.0	0.0	0.0	0.0	0.0	0.0	0.0	0.0	0.0	0.0	0.0	0.0	0.0	0.0	0.0	0.0	0.0	0.0	0.0	0.0	0.0	0.0	0.0	0.0	0.0	0.0	0.0	0.0	0.0	0.0	0.0	0.0	0.0	0.0	0.0	0.0	0.0	0.0	0.0	0.0	0.0	0.0	0.0	0.0	0.0	0.0	0.0	0.0	0.0	0.0	0.0	0.0	0.0	0.0	0.0	0.0	0.0	0.0	0.0	0.0	0.0	0.0	0.0	0.0	0.0	0.0	0.0	0.0	0.0	0.0	0.0	0.0	0.0	0.0	0.0	0.0	0.0	0.0	0.0	0.0	0.0	0.0	0.0	0.0	0.0	0.0	0.0	0.0	48	0.0	0.0	0.0	0.0	0.0	0.0	0.0	0.0	0.0	0.0	0.0	0.0	0.0	0.0	0.0	0.0	0.0	0.0	0.0	0.0	0.0	0.0	0.0	0.0	0.0	0.0	0.0	0.0	0.0	0.0	0.0	0.0	0.0	0.0	0.0	0.0	0.0	0.0	0.0	0.0	0.0	0.0	0.0	0.0	0.0	0.0	0.0	0.0	0.0	0.0	0.0	0.0	0.0	0.0	0.0	0.0	0.0	0.0	0.0	0.0	0.0	0.0	0.0	0.0	0.0	0.0	0.0	0.0	0.0	0.0	0.0	0.0	0.0	0.0	0.0	0.0	0.0	0.0	0.0	0.0	0.0	0.0	0.0	0.0	0.0	0.0	0.0	0.0	0.0	0.0	0.0	0.0	0.0	0.0	0.0	0.0	0.0	0.0	0.0	0.0	0.0	0.0	0.0	0.0	0.0	0.0	0.0	0.0	0.0	0.0	0.0	0.0	0.0	0.0	0.0	0.0	0.0	0.0	0.0	0.0	0.0	0.0	0.0	0.0	0.0	0.0	0.0	0.0	0.0	0.0	0.0	0.0	0.0	0.0	0.0	0.0	0.0	0.0	0.0	0.0	0.0	0.0	0.0	0.0	0.0	0.0	0.0	0.0	0.0	0.0	0.0	0.0	0.0	0.0	0.0	0.0	0.0	0.0	0.0	0.0	0.0	0.0	0.0	0.0	0.0	0.0	0.0	0.0	0.0	0.0	0.0	0.0	0.0	0.0	0.0	0.0	0.0	0.0	0.0	0.0	0.0	0.0	0.0	0.0	0.0	0.0	0.0	0.0	0.0	0.0	0.0	0.0	0.0	0.0	0.0	0.0	0.0	0.0	0.0	0.0	0.0	0.0	0.0	0.0	0.0	0.0	0.0	0.0	0.0	0.0	0.0	0.0	0.0	0.0	0.0	0.0	0.0	0.0	0.0	0.0	0.0	0.0	0.0	0.0	0.0	0.0	0.0	0.0	0.0	0.0	0.0	0.0	0.0	0.0	0.0	0.0	0.0	0.0	0.0	0.0	0.0	0.0	0.0	0.0	0.0	0.0	0.0	0.0	0.0	0.0	0.0	0.0	0.0	0.0	0.0	0.0	0.0	0.0	0.0
Verrucomicrobiales	115984	0.0	11131	6401	5787	996882	0.0	0.0	0.0	0.0	0.0	0.0	0.0	0.0	71769	1081887	0.0	0.0	0.0	505298	411	0.0	82454	3208	0.0	0.0	0.0	173618	0.0	0.0	0.0	29442	0.0	19050	1872	4902	0.0	0.0	18585	0.0	368687	6641	0.0	11552	0.0	17898	0.0	0.0	1158	0.0	44965	0.0	0.0	0.0	273	437	0.0	0.0	12323	2053	2132664	0.0	0.0	0.0	0.0	1294	260462	0.0	0.0	97643	0.0	1212760	37514	0.0	0.0	471766	0.0	0.0	0.0	0.0	0.0	0.0	1122	24241	0.0	0.0	0.0	2159	0.0	0.0	0.0	6679	0.0	0.0	30674	3932	0.0	0.0	0.0	0.0	0.0	0.0	0.0	17921	78662	0.0	0.0	0.0	0.0	0.0	0.0	0.0	7749	0.0	0.0	0.0	0.0	0.0	0.0	0.0	0.0	0.0	0.0	0.0	0.0	9533	14864	0.0	0.0	0.0	0.0	0.0	0.0	0.0	0.0	0.0	0.0	0.0	0.0	0.0	0.0	27533	0.0	0.0	0.0	0.0	0.0	0.0	0.0	0.0	0.0	0.0	46638	0.0	0.0	18418	0.0	0.0	0.0	0.0	0.0	0.0	0.0	0.0	0.0	0.0	46384	489012	0.0	15241	0.0	0.0	5941	0.0	0.0	0.0	0.0	0.0	0.0	0.0	0.0	0.0	250141	1207	0.0	0.0	0.0	0.0	0.0	0.0	0.0	1480	0.0	0.0	0.0	0.0	232771	0.0	98811	772	0.0	0.0	0.0	0.0	1997	0.0	223186	493977	146	0.0	0.0	0.0	0.0	0.0	0.0	2105	0.0	2001	1419	7004	0.0	1870	0.0	103	0.0	0.0	0.0	0.0	38558	174601	675	0.0	25762	0.0	0.0	346074	0.0	0.0	0.0	5574	5890	0.0	45360	0.0	40879	0.0	2309	0.0	17034	69879	0.0	44191	13437	0.0	0.0	20094	0.0	58131	4651	8600	0.0	0.0	0.0	0.0	0.0	6770	0.0	0.0	0.0	0.0	0.0	281654	0.0	0.0	0.0	0.0	0.0	0.0	0.0	0.0	0.0	0.0	0.0	0.0	4042	7132	0.0	0.0	0.0	0.0	0.0	399833	7465	0.0	43596	1911	4974	31390	5066	0.0	0.0	0.0	0.0	0.0	0.0	5794	116824	92496	2589	0.0	1458	168891	37636	23595	0.0	0.0	123077	37255	0.0	7011	0.0	44098	25655	0.0	2604	5055	0.0	183858	99109	0.0	0.0	0.0	14621	837	0.0	0.0	0.0	0.0	8656	2744	1413	3072	0.0	24742	0.0	24670	0.0	31977	42084	0.0	394043	0.0	0.0	0.0	0.0	8342	0.0	0.0	0.0	0.0
Saccharomycetales	0.0	0.0	0.0	0.0	0.0	0.0	0.0	0.0	0.0	0.0	0.0	0.0	0.0	0.0	0.0	0.0	0.0	0.0	0.0	0.0	0.0	0.0	0.0	0.0	0.0	0.0	0.0	0.0	0.0	0.0	0.0	0.0	0.0	0.0	0.0	0.0	0.0	0.0	0.0	0.0	0.0	0.0	0.0	0.0	0.0	0.0	0.0	0.0	0.0	0.0	0.0	0.0	0.0	0.0	0.0	0.0	0.0	0.0	0.0	0.0	0.0	0.0	0.0	0.0	0.0	0.0	0.0	0.0	0.0	0.0	0.0	0.0	0.0	0.0	0.0	0.0	0.0	0.0	0.0	0.0	0.0	0.0	160837	3099	0.0	0.0	0.0	0.0	943	115584	0.0	0.0	0.0	0.0	0.0	0.0	0.0	0.0	0.0	0.0	0.0	0.0	0.0	0.0	0.0	0.0	0.0	0.0	0.0	0.0	0.0	0.0	0.0	0.0	0.0	0.0	0.0	4610	2028	0.0	0.0	0.0	0.0	0.0	0.0	0.0	0.0	0.0	0.0	0.0	0.0	0.0	0.0	0.0	0.0	0.0	0.0	0.0	0.0	0.0	0.0	0.0	0.0	18320	0.0	0.0	0.0	0.0	0.0	0.0	0.0	0.0	0.0	0.0	0.0	110879	0.0	0.0	0.0	0.0	0.0	0.0	0.0	0.0	0.0	0.0	0.0	0.0	0.0	0.0	0.0	0.0	0.0	0.0	0.0	0.0	0.0	0.0	0.0	0.0	0.0	0.0	0.0	0.0	0.0	0.0	0.0	0.0	0.0	0.0	0.0	0.0	0.0	0.0	0.0	0.0	0.0	0.0	0.0	0.0	0.0	0.0	0.0	0.0	0.0	0.0	0.0	0.0	0.0	0.0	0.0	0.0	0.0	0.0	0.0	0.0	0.0	0.0	0.0	0.0	0.0	0.0	0.0	0.0	0.0	0.0	0.0	0.0	0.0	0.0	0.0	0.0	0.0	0.0	0.0	0.0	0.0	0.0	0.0	0.0	0.0	0.0	0.0	0.0	0.0	0.0	0.0	0.0	0.0	0.0	0.0	0.0	0.0	0.0	0.0	7603	0.0	0.0	0.0	0.0	0.0	0.0	0.0	0.0	0.0	0.0	0.0	0.0	0.0	0.0	0.0	0.0	0.0	0.0	0.0	0.0	0.0	0.0	0.0	0.0	0.0	0.0	0.0	0.0	0.0	0.0	0.0	0.0	0.0	0.0	0.0	0.0	0.0	0.0	0.0	0.0	0.0	0.0	0.0	0.0	0.0	0.0	0.0	0.0	0.0	0.0	0.0	0.0	0.0	0.0	0.0	0.0	0.0	0.0	0.0	0.0	0.0	0.0	0.0	0.0	0.0	0.0	0.0	0.0	0.0	0.0	0.0	0.0	0.0	0.0	0.0	0.0	0.0	0.0	0.0	0.0	0.0	0.0	0.0	0.0	0.0	0.0	0.0	0.0	0.0	0.0	0.0	0.0	0.0	0.0	0.0	0.0	0.0	0.0	0.0	0.0	0.0	0.0	0.0	0.0
Viroids_noname	0.0	0.0	0.0	0.0	0.0	0.0	0.0	0.0	0.0	0.0	0.0	0.0	0.0	0.0	0.0	0.0	0.0	0.0	0.0	0.0	0.0	0.0	0.0	0.0	0.0	0.0	0.0	0.0	0.0	0.0	0.0	0.0	0.0	0.0	0.0	0.0	0.0	0.0	0.0	0.0	0.0	0.0	0.0	0.0	0.0	0.0	0.0	0.0	0.0	0.0	0.0	0.0	0.0	0.0	0.0	0.0	0.0	0.0	0.0	0.0	0.0	0.0	0.0	0.0	0.0	0.0	0.0	0.0	0.0	0.0	0.0	0.0	0.0	0.0	0.0	0.0	0.0	0.0	0.0	0.0	0.0	0.0	0.0	0.0	0.0	0.0	0.0	0.0	0.0	0.0	0.0	0.0	0.0	0.0	5	0.0	0.0	0.0	0.0	0.0	0.0	0.0	0.0	0.0	0.0	0.0	0.0	0.0	0.0	0.0	0.0	0.0	0.0	0.0	0.0	0.0	0.0	0.0	0.0	0.0	0.0	0.0	0.0	0.0	0.0	0.0	0.0	0.0	0.0	0.0	0.0	0.0	0.0	0.0	0.0	0.0	0.0	0.0	0.0	0.0	0.0	0.0	0.0	0.0	0.0	0.0	3	0.0	0.0	0.0	0.0	0.0	0.0	0.0	0.0	0.0	0.0	0.0	0.0	0.0	0.0	0.0	0.0	0.0	0.0	0.0	0.0	0.0	0.0	0.0	0.0	0.0	0.0	0.0	0.0	0.0	0.0	0.0	0.0	0.0	0.0	0.0	0.0	0.0	0.0	0.0	0.0	0.0	0.0	0.0	0.0	0.0	0.0	0.0	0.0	0.0	0.0	0.0	0.0	0.0	0.0	0.0	0.0	0.0	0.0	0.0	0.0	0.0	0.0	0.0	0.0	0.0	0.0	0.0	0.0	0.0	0.0	0.0	0.0	0.0	0.0	0.0	0.0	0.0	0.0	0.0	0.0	0.0	0.0	0.0	0.0	0.0	0.0	0.0	0.0	0.0	0.0	0.0	0.0	0.0	0.0	0.0	0.0	0.0	0.0	0.0	0.0	0.0	0.0	0.0	0.0	0.0	0.0	0.0	0.0	0.0	0.0	0.0	0.0	0.0	0.0	0.0	0.0	0.0	0.0	0.0	0.0	0.0	0.0	0.0	0.0	0.0	0.0	0.0	0.0	0.0	0.0	0.0	0.0	0.0	0.0	0.0	0.0	0.0	0.0	0.0	0.0	0.0	0.0	0.0	0.0	0.0	0.0	0.0	0.0	0.0	0.0	0.0	0.0	0.0	0.0	0.0	0.0	0.0	0.0	0.0	0.0	0.0	0.0	0.0	0.0	0.0	0.0	0.0	0.0	0.0	0.0	0.0	0.0	0.0	0.0	0.0	0.0	0.0	0.0	0.0	0.0	0.0	0.0	0.0	0.0	0.0	0.0	0.0	0.0	0.0	0.0	0.0	0.0	0.0	0.0	0.0	0.0	0.0	0.0	0.0	0.0	0.0	0.0	0.0	0.0	0.0	0.0	0.0	0.0	0.0	0.0	0.0	0.0	0.0
Caudovirales	0.0	0.0	0.0	0.0	0.0	0.0	3	0.0	0.0	0.0	0.0	11	0.0	0.0	0.0	0.0	0.0	3	0.0	0.0	34	0.0	0.0	0.0	0.0	0.0	0.0	0.0	0.0	0.0	0.0	126	0.0	128	36	0.0	0.0	1848	7	0.0	115	31	16	0.0	0.0	0.0	0.0	253	0.0	0.0	3333	0.0	0.0	0.0	0.0	0.0	0.0	3	0.0	0.0	0.0	10	0.0	0.0	39	0.0	0.0	448	0.0	0.0	0.0	0.0	0.0	0.0	139	0.0	121	0.0	0.0	0.0	28	0.0	0.0	0.0	0.0	0.0	0.0	0.0	0.0	0.0	0.0	0.0	0.0	0.0	0.0	0.0	0.0	0.0	0.0	0.0	0.0	0.0	0.0	0.0	0.0	0.0	0.0	0.0	0.0	0.0	0.0	0.0	0.0	0.0	0.0	0.0	0.0	0.0	0.0	0.0	0.0	0.0	0.0	0.0	0.0	0.0	0.0	0.0	0.0	0.0	0.0	0.0	0.0	0.0	0.0	0.0	0.0	0.0	0.0	0.0	0.0	0.0	0.0	0.0	0.0	0.0	0.0	0.0	0.0	0.0	0.0	0.0	0.0	0.0	0.0	0.0	0.0	0.0	0.0	0.0	0.0	0.0	0.0	0.0	0.0	4123	0.0	177	0.0	0.0	0.0	0.0	0.0	0.0	0.0	0.0	0.0	0.0	0.0	0.0	23	0.0	0.0	0.0	0.0	0.0	3	10	10	0.0	0.0	0.0	0.0	0.0	0.0	0.0	0.0	0.0	21	0.0	0.0	0.0	156	10	0.0	0.0	0.0	0.0	0.0	0.0	0.0	0.0	0.0	0.0	0.0	0.0	0.0	0.0	211	465	0.0	3	0.0	3	0.0	0.0	0.0	0.0	0.0	0.0	519	0.0	0.0	0.0	128	11	2141	114	14	46	21	16	0.0	0.0	0.0	0.0	0.0	0.0	0.0	0.0	0.0	0.0	0.0	0.0	9	0.0	0.0	0.0	0.0	307	128	0.0	3	0.0	28	0.0	0.0	0.0	0.0	0.0	0.0	0.0	0.0	21	10	17	0.0	0.0	0.0	0.0	10	0.0	0.0	0.0	0.0	985	138	0.0	101	0.0	35	0.0	52	0.0	7	0.0	0.0	4	0.0	38	408	0.0	16	0.0	149	0.0	0.0	0.0	28	99	0.0	0.0	0.0	0.0	0.0	0.0	0.0	0.0	7	54	0.0	0.0	0.0	13	0.0	10	0.0	0.0	0.0	0.0	282	0.0	0.0	0.0	0.0	0.0	0.0	0.0	0.0	0.0	90	3	10	3409	0.0	0.0	0.0	14665	316	62	35	126	0.0	0.0	0.0	0.0	0.0	0.0	0.0	0.0
Herpesvirales	0.0	0.0	0.0	0.0	0.0	0.0	0.0	109	0.0	0.0	0.0	0.0	0.0	0.0	0.0	0.0	0.0	0.0	0.0	0.0	0.0	0.0	0.0	0.0	0.0	0.0	0.0	0.0	0.0	0.0	0.0	0.0	0.0	0.0	0.0	0.0	0.0	0.0	0.0	0.0	0.0	0.0	0.0	0.0	0.0	0.0	0.0	0.0	0.0	0.0	0.0	0.0	0.0	0.0	0.0	0.0	0.0	0.0	0.0	0.0	0.0	0.0	0.0	0.0	0.0	0.0	0.0	0.0	0.0	0.0	0.0	0.0	0.0	0.0	0.0	0.0	0.0	0.0	0.0	0.0	0.0	0.0	0.0	0.0	0.0	0.0	0.0	0.0	0.0	0.0	0.0	0.0	0.0	0.0	0.0	0.0	0.0	0.0	0.0	0.0	0.0	0.0	0.0	0.0	0.0	0.0	0.0	0.0	0.0	0.0	0.0	0.0	0.0	0.0	0.0	0.0	0.0	0.0	0.0	0.0	0.0	0.0	0.0	0.0	0.0	0.0	0.0	0.0	0.0	0.0	0.0	0.0	0.0	0.0	0.0	0.0	0.0	0.0	0.0	0.0	0.0	0.0	0.0	0.0	0.0	0.0	0.0	0.0	0.0	0.0	0.0	0.0	0.0	0.0	0.0	0.0	0.0	0.0	0.0	0.0	0.0	0.0	0.0	0.0	0.0	0.0	0.0	0.0	0.0	0.0	0.0	0.0	0.0	0.0	0.0	0.0	0.0	0.0	0.0	0.0	0.0	0.0	0.0	0.0	0.0	0.0	0.0	0.0	0.0	0.0	0.0	0.0	0.0	0.0	0.0	0.0	0.0	0.0	0.0	0.0	0.0	0.0	0.0	0.0	0.0	0.0	0.0	0.0	0.0	0.0	0.0	0.0	0.0	0.0	0.0	0.0	0.0	0.0	0.0	0.0	0.0	0.0	0.0	0.0	0.0	0.0	0.0	0.0	0.0	0.0	0.0	0.0	0.0	0.0	0.0	0.0	0.0	0.0	0.0	0.0	0.0	0.0	0.0	0.0	0.0	0.0	0.0	0.0	0.0	0.0	0.0	0.0	0.0	0.0	0.0	0.0	0.0	0.0	0.0	0.0	0.0	0.0	0.0	0.0	0.0	0.0	0.0	0.0	0.0	0.0	0.0	0.0	0.0	0.0	0.0	0.0	0.0	0.0	0.0	0.0	0.0	0.0	0.0	0.0	0.0	0.0	0.0	0.0	0.0	0.0	0.0	0.0	0.0	0.0	0.0	0.0	0.0	0.0	0.0	0.0	0.0	0.0	0.0	0.0	0.0	0.0	0.0	0.0	0.0	0.0	0.0	0.0	0.0	0.0	0.0	0.0	0.0	0.0	0.0	0.0	0.0	0.0	0.0	0.0	0.0	0.0	0.0	0.0	0.0	0.0	0.0	0.0	0.0	0.0	0.0	0.0	0.0	0.0	0.0	0.0	0.0	0.0	0.0	0.0	0.0	0.0	0.0	0.0	0.0	0.0	0.0	0.0	0.0	0.0	0.0	0.0	0.0	0.0	0.0	0.0
Picornavirales	0.0	0.0	0.0	0.0	0.0	0.0	0.0	0.0	0.0	0.0	0.0	0.0	0.0	0.0	0.0	0.0	0.0	0.0	0.0	0.0	0.0	0.0	0.0	0.0	0.0	0.0	0.0	0.0	0.0	0.0	0.0	0.0	0.0	0.0	0.0	0.0	0.0	0.0	0.0	0.0	0.0	0.0	0.0	0.0	0.0	0.0	0.0	0.0	0.0	0.0	0.0	0.0	0.0	0.0	0.0	0.0	0.0	0.0	0.0	0.0	0.0	0.0	0.0	0.0	0.0	0.0	0.0	0.0	0.0	0.0	0.0	0.0	0.0	0.0	0.0	0.0	0.0	0.0	0.0	0.0	0.0	0.0	0.0	0.0	0.0	0.0	0.0	0.0	0.0	0.0	0.0	0.0	0.0	0.0	0.0	0.0	0.0	0.0	0.0	0.0	0.0	0.0	0.0	0.0	0.0	0.0	0.0	0.0	0.0	0.0	0.0	0.0	0.0	0.0	0.0	0.0	0.0	0.0	0.0	0.0	0.0	0.0	0.0	0.0	0.0	0.0	0.0	0.0	0.0	0.0	0.0	0.0	0.0	0.0	0.0	0.0	0.0	0.0	0.0	0.0	0.0	0.0	0.0	0.0	0.0	0.0	0.0	0.0	0.0	0.0	0.0	0.0	32	0.0	0.0	0.0	0.0	0.0	0.0	0.0	0.0	0.0	0.0	0.0	0.0	0.0	0.0	0.0	0.0	0.0	0.0	0.0	0.0	0.0	0.0	0.0	0.0	0.0	0.0	0.0	0.0	0.0	0.0	0.0	0.0	0.0	0.0	0.0	0.0	0.0	0.0	0.0	0.0	0.0	0.0	0.0	0.0	0.0	0.0	0.0	0.0	0.0	0.0	0.0	0.0	0.0	0.0	0.0	0.0	0.0	0.0	0.0	0.0	0.0	0.0	0.0	0.0	0.0	0.0	0.0	0.0	0.0	0.0	0.0	0.0	0.0	0.0	0.0	0.0	0.0	0.0	0.0	0.0	0.0	0.0	0.0	0.0	0.0	0.0	0.0	0.0	0.0	0.0	0.0	0.0	0.0	0.0	0.0	0.0	0.0	0.0	0.0	0.0	0.0	0.0	0.0	0.0	0.0	0.0	0.0	0.0	0.0	0.0	0.0	0.0	0.0	0.0	0.0	0.0	0.0	0.0	0.0	0.0	0.0	0.0	0.0	0.0	0.0	0.0	0.0	0.0	0.0	0.0	0.0	0.0	0.0	0.0	0.0	0.0	0.0	0.0	0.0	0.0	0.0	0.0	0.0	0.0	0.0	0.0	0.0	0.0	0.0	0.0	0.0	0.0	0.0	0.0	0.0	0.0	0.0	0.0	0.0	0.0	0.0	0.0	0.0	0.0	0.0	0.0	0.0	0.0	0.0	0.0	0.0	0.0	0.0	0.0	0.0	0.0	0.0	0.0	0.0	0.0	0.0	0.0	0.0	0.0	0.0	0.0	0.0	0.0	0.0	0.0	0.0	0.0	0.0	0.0	0.0	0.0	0.0	0.0	0.0	0.0	0.0	0.0	0.0	0.0	0.0	0.0	0.0
Tymovirales	0.0	0.0	0.0	0.0	0.0	0.0	0.0	0.0	0.0	0.0	0.0	0.0	0.0	0.0	0.0	0.0	0.0	0.0	0.0	0.0	0.0	0.0	0.0	0.0	0.0	0.0	0.0	0.0	0.0	0.0	0.0	0.0	0.0	0.0	0.0	0.0	0.0	0.0	0.0	0.0	0.0	0.0	0.0	0.0	0.0	0.0	0.0	0.0	0.0	0.0	0.0	0.0	0.0	0.0	0.0	0.0	0.0	0.0	0.0	0.0	0.0	0.0	0.0	0.0	0.0	0.0	0.0	0.0	0.0	0.0	0.0	0.0	0.0	0.0	0.0	0.0	0.0	0.0	0.0	0.0	0.0	0.0	0.0	0.0	0.0	0.0	0.0	0.0	0.0	0.0	0.0	0.0	0.0	0.0	6	0.0	0.0	0.0	0.0	522	0.0	0.0	0.0	47	0.0	99	0.0	0.0	0.0	0.0	1386	1482	0.0	1179	0.0	0.0	0.0	0.0	0.0	0.0	0.0	0.0	0.0	0.0	0.0	0.0	0.0	0.0	0.0	0.0	0.0	0.0	0.0	0.0	0.0	0.0	0.0	0.0	12	0.0	756	0.0	1025	0.0	0.0	3812	0.0	0.0	0.0	0.0	0.0	0.0	0.0	0.0	0.0	0.0	0.0	0.0	0.0	0.0	0.0	0.0	0.0	0.0	0.0	0.0	0.0	0.0	0.0	0.0	0.0	0.0	0.0	0.0	0.0	0.0	0.0	0.0	0.0	0.0	0.0	0.0	0.0	0.0	0.0	0.0	0.0	0.0	0.0	0.0	0.0	0.0	0.0	0.0	0.0	0.0	0.0	0.0	0.0	0.0	0.0	0.0	0.0	0.0	0.0	0.0	0.0	0.0	0.0	0.0	0.0	0.0	0.0	0.0	0.0	0.0	0.0	0.0	0.0	0.0	0.0	0.0	0.0	0.0	0.0	0.0	0.0	0.0	0.0	0.0	0.0	0.0	0.0	0.0	0.0	0.0	0.0	0.0	0.0	0.0	0.0	0.0	0.0	0.0	0.0	0.0	0.0	0.0	0.0	0.0	0.0	0.0	0.0	0.0	0.0	0.0	0.0	0.0	0.0	0.0	0.0	0.0	0.0	0.0	0.0	0.0	0.0	0.0	0.0	0.0	0.0	0.0	0.0	0.0	0.0	0.0	0.0	0.0	0.0	0.0	0.0	0.0	0.0	0.0	0.0	0.0	0.0	0.0	0.0	0.0	0.0	0.0	0.0	0.0	0.0	0.0	0.0	0.0	0.0	0.0	0.0	0.0	0.0	0.0	0.0	0.0	0.0	0.0	0.0	0.0	0.0	0.0	0.0	0.0	0.0	0.0	0.0	0.0	0.0	0.0	0.0	0.0	0.0	0.0	0.0	0.0	0.0	0.0	0.0	0.0	0.0	0.0	0.0	0.0	0.0	0.0	0.0	0.0	0.0	0.0	0.0	0.0	0.0	0.0	0.0	0.0	0.0	0.0	0.0	0.0	0.0	0.0	0.0	0.0	0.0	0.0	0.0	0.0	0.0	0.0
Viruses_noname	0.0	0.0	0.0	0.0	0.0	0.0	0.0	0.0	0.0	8445	0.0	0.0	0.0	0.0	0.0	0.0	0.0	0.0	0.0	0.0	0.0	33	0.0	0.0	0.0	0.0	0.0	0.0	0.0	0.0	0.0	0.0	0.0	0.0	0.0	0.0	2	0.0	0.0	0.0	0.0	0.0	0.0	0.0	0.0	0.0	0.0	0.0	0.0	0.0	0.0	0.0	0.0	0.0	0.0	0.0	0.0	0.0	0.0	0.0	0.0	0.0	0.0	0.0	0.0	0.0	0.0	0.0	0.0	0.0	0.0	0.0	0.0	0.0	0.0	0.0	0.0	0.0	505	0.0	18018	4294	226	6249	0.0	0.0	4528	927	22967	582	8072	18	4996	1140	52934	0.0	21595	6869	69146	8234	393158	9413	8217	586	16352	33299	852	157	749068	0.0	0.0	8134	2576	0.0	0.0	9016	1007	465	27597	770748	41	477	0.0	16136	86009	657799	2038	794	2773	569	28349	25652	0.0	12310	561857	20487787	35	10676	2029818	13640	2383	0.0	454196	0.0	23031	160309	0.0	121	1729	798	19	17215	540	0.0	151152	16318	0.0	0.0	0.0	0.0	0.0	0.0	0.0	0.0	0.0	0.0	0.0	0.0	0.0	0.0	0.0	0.0	0.0	0.0	0.0	0.0	0.0	0.0	0.0	0.0	0.0	0.0	0.0	0.0	0.0	0.0	0.0	0.0	0.0	0.0	0.0	0.0	0.0	0.0	0.0	0.0	0.0	0.0	0.0	0.0	0.0	0.0	0.0	0.0	0.0	0.0	0.0	0.0	0.0	0.0	0.0	0.0	0.0	0.0	0.0	0.0	0.0	0.0	0.0	0.0	0.0	0.0	0.0	0.0	0.0	0.0	0.0	0.0	0.0	0.0	0.0	0.0	0.0	0.0	0.0	0.0	0.0	0.0	4	0.0	0.0	0.0	0.0	0.0	0.0	0.0	0.0	0.0	0.0	0.0	0.0	0.0	0.0	0.0	0.0	0.0	0.0	0.0	0.0	0.0	0.0	0.0	0.0	0.0	0.0	0.0	0.0	0.0	0.0	0.0	0.0	0.0	0.0	0.0	0.0	0.0	0.0	0.0	0.0	0.0	0.0	2	0.0	0.0	0.0	0.0	0.0	0.0	0.0	0.0	0.0	0.0	0.0	0.0	0.0	0.0	0.0	0.0	0.0	0.0	0.0	0.0	0.0	0.0	0.0	0.0	0.0	0.0	0.0	0.0	0.0	0.0	0.0	0.0	0.0	0.0	0.0	0.0	0.0	0.0	0.0	0.0	0.0	0.0	0.0	0.0	0.0	0.0	0.0	0.0	0.0	0.0	0.0	0.0	0.0	0.0	0.0	0.0	0.0	0.0	0.0	0.0	0.0	0.0	0.0	0.0	0.0	0.0	0.0	0.0	0.0	0.0	0.0	0.0	0.0	2	0.0	22	0.0	0.0
