Sample_ID	Methanobrevibacter	Methanosphaera	vadinCA11	Unclassified_Actinomycetaceae	Actinomyces	Mobiluncus	Cellulomonas	Corynebacterium	Unclassified_Dermabacteraceae	Clavibacter	Unclassified_Micrococcaceae	Kocuria	Rothia	Cellulosimicrobium	Unclassified_Bifidobacteriaceae	Alloscardovia	Bifidobacterium	Gardnerella	Scardovia	Unclassified_Coriobacteriaceae	Adlercreutzia	Atopobium	Collinsella	Eggerthella	Slackia	Unclassified_Qiime_Garbage_Count_0	5-7N15	Bacteroides	Parabacteroides	Porphyromonas	Prevotella	Unclassified_Rikenellaceae	Alistipes	Unclassified_S24-7	Unclassified_[Barnesiellaceae]	Butyricimonas	Odoribacter	Unclassified_[Paraprevotellaceae]	CF231	Paraprevotella	[Prevotella]	Hymenobacter	Unclassified_Qiime_Garbage_Count_1	Unclassified_Cryomorphaceae	Owenweeksia	Maribacter	Polaribacter	Tenacibaculum	Cloacibacterium	Unclassified_Sphingobacteriaceae	Unclassified_Qiime_Garbage_Count_2	Unclassified_Qiime_Garbage_Count_3	Unclassified_Qiime_Garbage_Count_4	Anoxybacillus	Bacillus	Geobacillus	Paenibacillus	Unclassified_Planococcaceae	Macrococcus	Staphylococcus	Unclassified_Gemellaceae	Unclassified_Qiime_Garbage_Count_5	Aerococcus	Alloiococcus	Granulicatella	Unclassified_Enterococcaceae	Enterococcus	Melissococcus	Vagococcus	Unclassified_Lactobacillaceae	Lactobacillus	Unclassified_Leuconostocaceae	Leuconostoc	Weissella	Unclassified_Streptococcaceae	Lactococcus	Streptococcus	Turicibacter	Unclassified_Qiime_Garbage_Count_6	Unclassified_Qiime_Garbage_Count_7	Unclassified_Christensenellaceae	Christensenella	Unclassified_Clostridiaceae	02d06	Caloramator	Clostridium	SMB53	Sarcina	Unclassified_Dehalobacteriaceae	Dehalobacterium	Unclassified_EtOH8	Anaerofustis	Pseudoramibacter_Eubacterium	Unclassified_Lachnospiraceae	Anaerostipes	Blautia	Clostridium	Coprococcus	Dorea	Epulopiscium	Lachnobacterium	Lachnospira	Moryella	Oribacterium	Roseburia	Ruminococcus	Shuttleworthia	[Ruminococcus]	Unclassified_Peptococcaceae	Peptococcus	rc4-4	Unclassified_Peptostreptococcaceae	Peptostreptococcus	[Clostridium]	Unclassified_Ruminococcaceae	Anaerotruncus	Butyricicoccus	Clostridium	Faecalibacterium	Oscillospira	Ruminococcus	Unclassified_Veillonellaceae	Acidaminococcus	Dialister	Megamonas	Megasphaera	Phascolarctobacterium	Schwartzia	Selenomonas	Veillonella	Unclassified_[Acidaminobacteraceae]	WH1-8	Unclassified_[Mogibacteriaceae]	Mogibacterium	1-68	Anaerococcus	Finegoldia	Parvimonas	Peptoniphilus	WAL_1855D	Unclassified_Qiime_Garbage_Count_8	Unclassified_Erysipelotrichaceae	Bulleidia	Catenibacterium	Coprobacillus	Holdemania	Sharpea	[Eubacterium]	cc_115	p-75-a5	Cetobacterium	Fusobacterium	Leptotrichia	Sneathia	Unclassified_Victivallaceae	Victivallis	Unclassified_Phycisphaeraceae	Planctomyces	Unclassified_Caulobacteraceae	Unclassified_Qiime_Garbage_Count_9	Martelella	Ochrobactrum	Unclassified_Methylobacteriaceae	Methylopila	Agrobacterium	Paracoccus	Carludovica	Lupinus	Oenothera	Spirodela	Zea	Unclassified_Sphingomonadaceae	Novosphingobium	Sphingomonas	Unclassified_Qiime_Garbage_Count_10	Unclassified_Qiime_Garbage_Count_11	Unclassified_Alcaligenaceae	Oligella	Sutterella	Lautropia	Unclassified_Comamonadaceae	Comamonas	Unclassified_Oxalobacteraceae	Janthinobacterium	Oxalobacter	Eikenella	Microvirgula	Neisseria	Unclassified_Rhodocyclaceae	Unclassified_Desulfovibrionaceae	Bilophila	Desulfovibrio	Arcobacter	Campylobacter	Unclassified_Aeromonadaceae	Succinatimonas	Succinivibrio	Unclassified_Alteromonadaceae	BD2-13	Unclassified_Shewanellaceae	Shewanella	Cardiobacterium	Unclassified_Enterobacteriaceae	Aquamonas	Citrobacter	Enterobacter	Erwinia	Escherichia	Klebsiella	Leminorella	Morganella	Pantoea	Plesiomonas	Proteus	Raoultella	Salmonella	Serratia	Shigella	Trabulsiella	Xenorhabdus	Rickettsiella	Francisella	Alcanivorax	Unclassified_Halomonadaceae	Halomonas	Unclassified_Pasteurellaceae	Actinobacillus	Aggregatibacter	Haemophilus	Unclassified_Moraxellaceae	Acinetobacter	Perlucidibaca	Psychrobacter	Pseudomonas	Pseudoalteromonas	Unclassified_Vibrionaceae	Aliivibrio	Enterovibrio	Listonella	Photobacterium	Vibrio	Unclassified_Xanthomonadaceae	Lysobacter	Stenotrophomonas	Pyramidobacter	TG5	Unclassified_Synergistaceae	Cloacibacillus	Synergistes	Unclassified_Qiime_Garbage_Count_12	Unclassified_Rs-045	Unclassified_Mycoplasmataceae	Mycoplasma	Unclassified_Qiime_Garbage_Count_13	Unclassified_Qiime_Garbage_Count_14	Akkermansia	Rubritalea	Thermus
086A	0.0	0.0	0.0	0.0	5.0	0.0	0.0	0.0	0.0	0.0	0.0	0.0	0.0	0.0	0.0	0.0	19.0	0.0	0.0	0.0	0.0	1.0	0.0	0.0	0.0	0.0	0.0	22930.0	128.0	0.0	274.0	9.0	0.0	0.0	4.0	1.0	3.0	0.0	0.0	0.0	3.0	0.0	0.0	1.0	0.0	0.0	0.0	0.0	0.0	0.0	0.0	0.0	3.0	0.0	0.0	0.0	0.0	0.0	0.0	0.0	3.0	0.0	0.0	0.0	11.0	0.0	1.0	0.0	0.0	0.0	0.0	0.0	0.0	1.0	0.0	0.0	38.0	21.0	0.0	2002.0	2.0	0.0	1117.0	107.0	0.0	718.0	107.0	60.0	0.0	0.0	0.0	0.0	0.0	7047.0	0.0	762.0	0.0	200.0	355.0	0.0	1.0	1342.0	0.0	0.0	5316.0	0.0	0.0	217.0	0.0	0.0	0.0	1.0	0.0	0.0	8771.0	0.0	0.0	0.0	2232.0	45.0	34.0	3.0	0.0	22.0	0.0	0.0	15.0	0.0	0.0	208.0	0.0	0.0	1.0	0.0	0.0	0.0	0.0	1.0	0.0	0.0	0.0	188.0	5.0	0.0	0.0	0.0	1.0	12.0	0.0	0.0	0.0	6.0	0.0	0.0	0.0	0.0	0.0	0.0	0.0	0.0	0.0	0.0	0.0	0.0	0.0	0.0	0.0	0.0	0.0	0.0	0.0	0.0	0.0	0.0	0.0	2.0	0.0	0.0	634.0	0.0	0.0	0.0	0.0	0.0	0.0	0.0	0.0	0.0	0.0	0.0	0.0	0.0	0.0	1.0	0.0	0.0	0.0	0.0	0.0	0.0	0.0	0.0	289.0	0.0	2.0	2.0	33.0	12.0	8.0	0.0	0.0	183.0	7.0	0.0	0.0	2.0	1.0	0.0	0.0	2.0	0.0	0.0	0.0	0.0	0.0	15.0	0.0	11.0	420.0	0.0	0.0	0.0	0.0	0.0	0.0	0.0	0.0	0.0	0.0	0.0	0.0	0.0	0.0	0.0	0.0	0.0	0.0	0.0	0.0	0.0	0.0	0.0	0.0	1.0	0.0	7.0	0.0	0.0
116A	0.0	0.0	0.0	0.0	4.0	0.0	0.0	2.0	0.0	0.0	0.0	0.0	0.0	0.0	0.0	0.0	220.0	0.0	1.0	0.0	0.0	0.0	0.0	58.0	0.0	0.0	0.0	35099.0	1089.0	0.0	9.0	3.0	106.0	5.0	0.0	529.0	0.0	0.0	0.0	0.0	4.0	0.0	0.0	0.0	0.0	0.0	0.0	0.0	0.0	0.0	0.0	0.0	2.0	0.0	0.0	0.0	0.0	0.0	0.0	0.0	0.0	0.0	0.0	0.0	0.0	0.0	0.0	0.0	0.0	0.0	17.0	0.0	1.0	0.0	0.0	8.0	27.0	4.0	0.0	1508.0	19.0	2.0	86.0	0.0	0.0	1.0	13.0	0.0	0.0	0.0	0.0	1.0	33.0	12965.0	2.0	8041.0	0.0	197.0	1436.0	4.0	1.0	72.0	0.0	1.0	23.0	0.0	0.0	1392.0	0.0	0.0	0.0	0.0	0.0	1.0	1846.0	0.0	0.0	1.0	5.0	674.0	4046.0	21.0	0.0	1.0	0.0	1.0	5075.0	0.0	0.0	3.0	0.0	0.0	37.0	1.0	0.0	0.0	0.0	1.0	0.0	0.0	0.0	169.0	0.0	0.0	6.0	0.0	0.0	171.0	0.0	0.0	0.0	684.0	0.0	0.0	0.0	0.0	0.0	0.0	0.0	0.0	0.0	0.0	0.0	0.0	0.0	0.0	0.0	0.0	0.0	0.0	0.0	0.0	0.0	0.0	0.0	0.0	0.0	0.0	3.0	0.0	0.0	0.0	0.0	0.0	0.0	0.0	0.0	0.0	0.0	0.0	1178.0	0.0	0.0	1.0	0.0	0.0	0.0	0.0	0.0	2.0	4.0	0.0	1346.0	0.0	0.0	0.0	0.0	19.0	0.0	0.0	0.0	1.0	0.0	0.0	0.0	0.0	0.0	4.0	0.0	0.0	0.0	0.0	0.0	0.0	6.0	0.0	0.0	0.0	1.0	0.0	0.0	0.0	0.0	0.0	0.0	0.0	0.0	0.0	0.0	0.0	0.0	0.0	0.0	0.0	5.0	0.0	0.0	0.0	0.0	0.0	0.0	0.0	0.0	0.0	0.0	0.0	0.0	0.0
099A	0.0	0.0	0.0	0.0	6.0	0.0	0.0	1.0	0.0	0.0	0.0	0.0	4.0	0.0	17.0	0.0	175.0	0.0	0.0	3.0	0.0	1.0	0.0	0.0	0.0	0.0	0.0	21912.0	0.0	0.0	8.0	66.0	0.0	3.0	1.0	0.0	0.0	0.0	0.0	2.0	0.0	0.0	0.0	0.0	0.0	0.0	0.0	0.0	0.0	0.0	0.0	0.0	0.0	0.0	0.0	0.0	0.0	0.0	0.0	0.0	3.0	0.0	0.0	0.0	4.0	0.0	0.0	0.0	0.0	0.0	12.0	0.0	0.0	0.0	0.0	0.0	39.0	1.0	0.0	1396.0	0.0	0.0	5.0	0.0	0.0	75.0	0.0	0.0	0.0	0.0	0.0	0.0	0.0	8070.0	0.0	1394.0	0.0	281.0	530.0	5.0	0.0	1050.0	0.0	2.0	448.0	0.0	0.0	517.0	0.0	0.0	0.0	0.0	2.0	0.0	2184.0	3.0	0.0	0.0	655.0	70.0	685.0	0.0	0.0	1609.0	5.0	144.0	9.0	0.0	0.0	148.0	0.0	0.0	0.0	0.0	0.0	0.0	0.0	0.0	0.0	0.0	0.0	40.0	3.0	0.0	0.0	11.0	4.0	30.0	0.0	0.0	0.0	11885.0	0.0	0.0	0.0	0.0	0.0	0.0	0.0	0.0	0.0	0.0	0.0	0.0	0.0	0.0	0.0	0.0	0.0	0.0	0.0	0.0	0.0	0.0	0.0	0.0	0.0	0.0	9.0	0.0	0.0	0.0	0.0	0.0	1.0	0.0	0.0	5.0	0.0	0.0	1.0	2.0	0.0	3.0	0.0	0.0	0.0	0.0	0.0	0.0	2.0	1.0	330.0	0.0	0.0	0.0	2.0	2.0	0.0	0.0	2.0	3.0	0.0	0.0	0.0	0.0	0.0	0.0	0.0	0.0	0.0	0.0	0.0	0.0	1.0	2.0	1.0	10.0	84.0	0.0	0.0	0.0	0.0	0.0	0.0	0.0	0.0	0.0	0.0	0.0	0.0	0.0	0.0	0.0	4.0	0.0	1.0	0.0	0.0	4.0	0.0	0.0	0.0	1.0	0.0	0.0	0.0	0.0
120A	0.0	0.0	0.0	0.0	3.0	0.0	0.0	0.0	0.0	0.0	0.0	0.0	0.0	0.0	2.0	0.0	35.0	1.0	0.0	1.0	1.0	1.0	36.0	2.0	0.0	0.0	0.0	27076.0	1465.0	0.0	51.0	1626.0	1.0	5.0	260.0	1.0	330.0	0.0	0.0	0.0	0.0	0.0	0.0	0.0	0.0	0.0	0.0	0.0	0.0	0.0	0.0	0.0	0.0	0.0	0.0	0.0	0.0	0.0	0.0	0.0	1.0	0.0	0.0	0.0	0.0	0.0	0.0	0.0	0.0	0.0	0.0	0.0	3.0	1.0	0.0	7.0	7.0	3.0	0.0	1712.0	10.0	0.0	37.0	3.0	0.0	463.0	4.0	3.0	0.0	0.0	0.0	1.0	0.0	5032.0	201.0	875.0	0.0	340.0	92.0	1.0	1.0	917.0	0.0	0.0	439.0	0.0	0.0	77.0	10.0	0.0	0.0	1.0	0.0	0.0	12460.0	1.0	0.0	0.0	4780.0	299.0	491.0	2.0	0.0	48.0	7.0	3.0	1008.0	0.0	0.0	12.0	0.0	0.0	20.0	1.0	0.0	0.0	0.0	7.0	0.0	2.0	0.0	104.0	0.0	0.0	0.0	31.0	0.0	7.0	0.0	0.0	0.0	1028.0	0.0	0.0	0.0	0.0	0.0	0.0	0.0	1.0	0.0	0.0	0.0	0.0	0.0	0.0	0.0	0.0	0.0	0.0	0.0	0.0	0.0	0.0	6.0	3.0	0.0	0.0	1897.0	0.0	0.0	0.0	3.0	0.0	29.0	0.0	0.0	0.0	2.0	0.0	166.0	114.0	0.0	0.0	17.0	0.0	0.0	0.0	0.0	0.0	1.0	0.0	213.0	0.0	0.0	0.0	2.0	3.0	4.0	0.0	0.0	38.0	0.0	0.0	0.0	4.0	2.0	0.0	0.0	0.0	0.0	0.0	0.0	0.0	4.0	2.0	3.0	2.0	64.0	0.0	0.0	0.0	0.0	0.0	0.0	0.0	0.0	0.0	0.0	0.0	0.0	0.0	0.0	0.0	1.0	0.0	0.0	0.0	0.0	0.0	0.0	0.0	0.0	0.0	0.0	1.0	0.0	0.0
15A	0.0	0.0	0.0	1.0	0.0	0.0	0.0	0.0	0.0	0.0	0.0	0.0	1.0	0.0	11.0	0.0	229.0	0.0	0.0	3.0	1.0	1.0	23.0	0.0	1.0	0.0	0.0	14804.0	358.0	0.0	27.0	450.0	0.0	0.0	271.0	179.0	73.0	0.0	0.0	0.0	21115.0	0.0	0.0	0.0	0.0	0.0	0.0	0.0	0.0	0.0	0.0	0.0	5.0	0.0	0.0	0.0	0.0	0.0	0.0	0.0	0.0	0.0	0.0	0.0	3.0	0.0	0.0	0.0	0.0	0.0	10.0	2.0	0.0	2.0	0.0	0.0	108.0	6.0	0.0	3876.0	60.0	1.0	219.0	5.0	0.0	211.0	10.0	0.0	0.0	1.0	0.0	0.0	0.0	7563.0	51.0	1377.0	0.0	506.0	337.0	0.0	9.0	803.0	0.0	0.0	2713.0	0.0	0.0	168.0	20.0	0.0	0.0	0.0	0.0	0.0	8154.0	0.0	0.0	0.0	4085.0	268.0	8189.0	0.0	0.0	0.0	627.0	0.0	1119.0	0.0	0.0	35.0	0.0	0.0	32.0	0.0	0.0	0.0	0.0	0.0	1.0	0.0	0.0	120.0	0.0	0.0	0.0	3.0	0.0	1.0	0.0	0.0	0.0	0.0	0.0	0.0	0.0	1.0	0.0	0.0	0.0	198.0	0.0	0.0	0.0	0.0	0.0	0.0	0.0	0.0	0.0	0.0	0.0	0.0	0.0	0.0	0.0	8.0	0.0	0.0	1358.0	0.0	0.0	0.0	3.0	1.0	7.0	0.0	0.0	0.0	0.0	33.0	60.0	1.0	0.0	2.0	0.0	0.0	0.0	0.0	0.0	0.0	0.0	0.0	535.0	0.0	0.0	1.0	26.0	7.0	5.0	0.0	0.0	233.0	0.0	1.0	0.0	1.0	3.0	0.0	1.0	0.0	0.0	0.0	0.0	0.0	1.0	21.0	5.0	16.0	456.0	0.0	0.0	0.0	0.0	0.0	0.0	0.0	0.0	0.0	0.0	0.0	0.0	0.0	0.0	0.0	0.0	0.0	0.0	0.0	0.0	0.0	0.0	0.0	0.0	143.0	0.0	0.0	0.0	0.0
25A	0.0	0.0	0.0	0.0	3.0	0.0	0.0	1.0	0.0	0.0	0.0	0.0	0.0	0.0	0.0	0.0	151.0	0.0	0.0	1.0	0.0	0.0	0.0	4.0	0.0	0.0	0.0	19431.0	162.0	0.0	3.0	56.0	0.0	0.0	0.0	0.0	0.0	0.0	0.0	1.0	1.0	0.0	0.0	0.0	0.0	0.0	0.0	0.0	0.0	1.0	0.0	0.0	6.0	0.0	0.0	0.0	0.0	0.0	0.0	1.0	1.0	0.0	0.0	0.0	4.0	0.0	0.0	0.0	0.0	0.0	0.0	0.0	0.0	0.0	0.0	0.0	5.0	4.0	1.0	2455.0	0.0	0.0	385.0	49.0	0.0	117.0	39.0	14.0	0.0	0.0	0.0	0.0	0.0	5274.0	39.0	548.0	2.0	369.0	867.0	5.0	2.0	1273.0	0.0	0.0	1978.0	0.0	0.0	653.0	0.0	0.0	0.0	2.0	0.0	0.0	4088.0	1.0	0.0	0.0	486.0	311.0	43.0	0.0	0.0	0.0	0.0	0.0	766.0	0.0	0.0	1.0	0.0	0.0	2.0	1.0	0.0	0.0	0.0	2.0	0.0	0.0	0.0	123.0	1.0	0.0	0.0	9.0	0.0	33.0	0.0	0.0	0.0	0.0	0.0	0.0	0.0	0.0	0.0	0.0	0.0	0.0	0.0	0.0	0.0	0.0	0.0	0.0	0.0	0.0	0.0	0.0	0.0	0.0	0.0	0.0	0.0	7.0	0.0	1.0	2827.0	0.0	0.0	0.0	0.0	0.0	0.0	0.0	0.0	0.0	0.0	0.0	56.0	0.0	0.0	1.0	0.0	0.0	0.0	0.0	0.0	0.0	0.0	0.0	222.0	0.0	0.0	0.0	1.0	2.0	0.0	0.0	0.0	2.0	0.0	0.0	0.0	0.0	1.0	1.0	0.0	0.0	0.0	0.0	0.0	0.0	1.0	0.0	0.0	0.0	17.0	0.0	0.0	0.0	0.0	0.0	0.0	0.0	0.0	0.0	0.0	0.0	0.0	0.0	1.0	0.0	0.0	0.0	0.0	0.0	0.0	0.0	0.0	0.0	0.0	0.0	0.0	0.0	0.0	0.0
7A	0.0	0.0	0.0	0.0	32.0	1.0	0.0	0.0	0.0	0.0	0.0	0.0	2.0	0.0	0.0	0.0	25.0	0.0	0.0	0.0	0.0	2.0	0.0	7.0	0.0	0.0	0.0	20468.0	52.0	0.0	111.0	33.0	1.0	0.0	90.0	8.0	15.0	0.0	0.0	594.0	22.0	0.0	0.0	0.0	0.0	0.0	0.0	0.0	0.0	0.0	0.0	0.0	0.0	0.0	0.0	0.0	0.0	1.0	0.0	0.0	8.0	0.0	0.0	0.0	5.0	0.0	0.0	0.0	0.0	0.0	106.0	0.0	0.0	0.0	4.0	1.0	3215.0	17.0	0.0	2423.0	1.0	0.0	720.0	41.0	0.0	252.0	21.0	25.0	0.0	0.0	0.0	0.0	0.0	11800.0	203.0	3601.0	0.0	1174.0	412.0	0.0	7.0	2579.0	0.0	0.0	1599.0	0.0	0.0	520.0	0.0	0.0	0.0	1.0	1.0	0.0	25016.0	0.0	0.0	0.0	8230.0	91.0	4316.0	0.0	0.0	0.0	0.0	0.0	225.0	0.0	0.0	69.0	0.0	0.0	2.0	3.0	0.0	0.0	0.0	2.0	0.0	0.0	0.0	609.0	6.0	0.0	0.0	8.0	1.0	8.0	0.0	0.0	0.0	0.0	0.0	0.0	0.0	0.0	0.0	0.0	0.0	0.0	0.0	0.0	0.0	0.0	0.0	0.0	0.0	0.0	0.0	0.0	0.0	0.0	0.0	0.0	3.0	1.0	0.0	0.0	755.0	0.0	0.0	0.0	0.0	0.0	0.0	2.0	0.0	10.0	0.0	0.0	19.0	0.0	0.0	0.0	0.0	0.0	0.0	0.0	0.0	0.0	0.0	0.0	98.0	0.0	0.0	0.0	0.0	2.0	1.0	0.0	0.0	15.0	0.0	0.0	0.0	0.0	0.0	0.0	0.0	0.0	0.0	0.0	0.0	0.0	2.0	2.0	0.0	5.0	76.0	0.0	0.0	0.0	0.0	0.0	0.0	0.0	0.0	0.0	0.0	0.0	0.0	0.0	0.0	0.0	0.0	0.0	0.0	0.0	0.0	2.0	0.0	0.0	0.0	0.0	0.0	0.0	0.0	0.0
21A	34.0	0.0	0.0	0.0	3.0	0.0	0.0	0.0	0.0	0.0	0.0	0.0	0.0	0.0	8.0	0.0	162.0	0.0	0.0	0.0	3.0	0.0	151.0	0.0	0.0	0.0	0.0	23323.0	729.0	0.0	16902.0	1469.0	21.0	0.0	0.0	359.0	603.0	0.0	0.0	0.0	6.0	0.0	0.0	0.0	0.0	0.0	0.0	0.0	0.0	0.0	2.0	0.0	0.0	0.0	0.0	0.0	0.0	0.0	0.0	0.0	0.0	0.0	0.0	0.0	0.0	0.0	0.0	0.0	0.0	0.0	0.0	0.0	1.0	0.0	0.0	1.0	33.0	5.0	0.0	7705.0	80.0	3.0	464.0	9.0	0.0	2172.0	21.0	0.0	0.0	5.0	0.0	0.0	0.0	4059.0	34.0	322.0	0.0	1117.0	204.0	0.0	188.0	911.0	0.0	0.0	1219.0	0.0	0.0	107.0	11.0	0.0	0.0	1.0	0.0	0.0	10328.0	3.0	0.0	0.0	6895.0	987.0	4776.0	0.0	0.0	130.0	255.0	0.0	94.0	0.0	0.0	86.0	0.0	0.0	45.0	1.0	1.0	0.0	0.0	0.0	0.0	1.0	6.0	202.0	0.0	1.0	0.0	30.0	0.0	15.0	0.0	0.0	0.0	3.0	0.0	0.0	0.0	6.0	0.0	0.0	0.0	0.0	0.0	0.0	0.0	0.0	0.0	0.0	0.0	0.0	0.0	0.0	0.0	0.0	0.0	0.0	0.0	0.0	0.0	0.0	1794.0	1.0	0.0	0.0	3.0	1.0	31.0	0.0	0.0	0.0	0.0	0.0	177.0	16.0	0.0	0.0	0.0	0.0	0.0	0.0	0.0	0.0	2.0	0.0	93.0	0.0	0.0	0.0	14.0	1.0	1.0	0.0	0.0	52.0	0.0	0.0	0.0	0.0	0.0	0.0	0.0	0.0	0.0	0.0	0.0	0.0	4.0	0.0	0.0	0.0	89.0	0.0	0.0	0.0	0.0	0.0	0.0	0.0	0.0	0.0	0.0	0.0	0.0	0.0	0.0	0.0	0.0	0.0	0.0	0.0	8.0	0.0	0.0	0.0	0.0	681.0	0.0	1.0	0.0	0.0
1A	0.0	0.0	0.0	5.0	41.0	0.0	0.0	15.0	0.0	0.0	1.0	1.0	3.0	0.0	0.0	7.0	477.0	0.0	12.0	16.0	1.0	4.0	120.0	0.0	8.0	0.0	0.0	907.0	369.0	0.0	5606.0	183.0	3.0	2386.0	6.0	8.0	12.0	0.0	0.0	157.0	1.0	0.0	0.0	0.0	0.0	0.0	0.0	0.0	0.0	0.0	0.0	0.0	1.0	0.0	1.0	0.0	0.0	14.0	0.0	0.0	7.0	0.0	0.0	1.0	49.0	2.0	0.0	0.0	0.0	0.0	6207.0	0.0	0.0	0.0	3.0	0.0	7708.0	1.0	0.0	2993.0	249.0	1.0	230.0	10.0	0.0	767.0	40.0	1.0	1.0	0.0	0.0	0.0	0.0	4894.0	220.0	2345.0	0.0	1362.0	699.0	1.0	4.0	47.0	0.0	9.0	849.0	0.0	0.0	411.0	1.0	134.0	0.0	2.0	4.0	0.0	9353.0	0.0	0.0	0.0	2966.0	377.0	2164.0	6.0	0.0	1291.0	1054.0	1.0	216.0	0.0	7.0	168.0	0.0	0.0	67.0	11.0	0.0	0.0	3.0	1.0	2.0	0.0	0.0	91.0	8.0	0.0	0.0	4.0	0.0	1.0	0.0	0.0	0.0	22.0	0.0	0.0	0.0	0.0	0.0	0.0	0.0	0.0	0.0	0.0	0.0	0.0	0.0	0.0	0.0	0.0	0.0	0.0	0.0	0.0	0.0	0.0	0.0	1.0	0.0	0.0	98.0	0.0	0.0	0.0	0.0	0.0	0.0	0.0	0.0	0.0	0.0	0.0	21.0	183.0	0.0	1.0	0.0	0.0	299.0	0.0	0.0	0.0	1.0	0.0	548.0	0.0	3.0	1.0	73.0	7.0	6.0	1.0	1492.0	355.0	0.0	0.0	11.0	5.0	4.0	0.0	2.0	1.0	0.0	0.0	0.0	0.0	2.0	23.0	1.0	0.0	235.0	0.0	0.0	0.0	0.0	0.0	0.0	0.0	0.0	0.0	0.0	0.0	0.0	0.0	0.0	0.0	6.0	0.0	0.0	0.0	0.0	0.0	1.0	0.0	0.0	417.0	0.0	31.0	0.0	0.0
081A	0.0	0.0	0.0	0.0	0.0	0.0	0.0	1.0	0.0	2.0	0.0	0.0	2.0	0.0	0.0	0.0	13.0	0.0	0.0	2.0	5.0	1.0	0.0	3.0	0.0	0.0	0.0	14206.0	902.0	4.0	11758.0	483.0	6.0	0.0	0.0	0.0	113.0	0.0	0.0	0.0	3.0	0.0	0.0	0.0	0.0	0.0	0.0	0.0	0.0	0.0	0.0	0.0	5.0	0.0	0.0	0.0	0.0	0.0	0.0	0.0	4.0	0.0	0.0	0.0	0.0	0.0	0.0	0.0	0.0	0.0	1.0	0.0	0.0	0.0	0.0	0.0	36.0	6.0	0.0	4992.0	5.0	0.0	81.0	1.0	0.0	55.0	24.0	0.0	0.0	0.0	0.0	0.0	0.0	7300.0	278.0	531.0	0.0	685.0	122.0	0.0	461.0	904.0	0.0	0.0	1667.0	0.0	0.0	103.0	0.0	0.0	0.0	2.0	0.0	0.0	9726.0	11.0	0.0	0.0	2378.0	483.0	983.0	0.0	0.0	1874.0	0.0	0.0	0.0	0.0	0.0	68.0	0.0	0.0	3.0	0.0	0.0	0.0	0.0	0.0	0.0	0.0	0.0	216.0	1.0	1.0	0.0	7.0	0.0	2.0	0.0	0.0	0.0	1.0	0.0	0.0	0.0	0.0	0.0	0.0	0.0	0.0	0.0	0.0	0.0	0.0	0.0	0.0	0.0	1.0	0.0	0.0	0.0	0.0	0.0	0.0	0.0	5.0	0.0	0.0	1140.0	0.0	0.0	0.0	0.0	0.0	0.0	0.0	0.0	0.0	0.0	0.0	0.0	0.0	0.0	1.0	0.0	0.0	1.0	0.0	0.0	0.0	4.0	0.0	276.0	0.0	0.0	0.0	4.0	2.0	0.0	0.0	0.0	8.0	0.0	0.0	0.0	0.0	0.0	0.0	0.0	0.0	0.0	0.0	0.0	0.0	3.0	0.0	0.0	3.0	20.0	0.0	0.0	0.0	1.0	0.0	0.0	0.0	0.0	0.0	0.0	0.0	0.0	0.0	0.0	0.0	12.0	0.0	0.0	0.0	0.0	0.0	0.0	0.0	0.0	0.0	0.0	0.0	0.0	0.0
3A	0.0	0.0	0.0	0.0	12.0	0.0	0.0	2.0	0.0	0.0	0.0	0.0	0.0	0.0	3.0	0.0	62.0	0.0	0.0	109.0	6.0	2.0	189.0	1.0	0.0	0.0	0.0	1812.0	277.0	0.0	38153.0	604.0	0.0	4.0	1280.0	74.0	97.0	0.0	0.0	230.0	4429.0	0.0	0.0	0.0	0.0	0.0	0.0	0.0	0.0	0.0	0.0	0.0	1.0	0.0	0.0	0.0	0.0	0.0	0.0	0.0	2.0	0.0	0.0	0.0	0.0	0.0	0.0	0.0	0.0	0.0	15.0	0.0	0.0	0.0	0.0	1.0	161.0	9.0	0.0	3507.0	18.0	0.0	292.0	13.0	0.0	348.0	35.0	4.0	0.0	0.0	0.0	0.0	0.0	10336.0	113.0	4080.0	0.0	2525.0	592.0	0.0	482.0	208.0	0.0	1.0	1703.0	0.0	0.0	287.0	6.0	245.0	0.0	4.0	0.0	0.0	9287.0	1.0	0.0	0.0	2804.0	440.0	787.0	0.0	0.0	1.0	3923.0	0.0	689.0	0.0	0.0	79.0	0.0	0.0	30.0	0.0	0.0	0.0	0.0	0.0	0.0	0.0	0.0	393.0	2.0	0.0	0.0	6.0	0.0	2742.0	0.0	0.0	0.0	1.0	1.0	0.0	0.0	0.0	0.0	0.0	0.0	0.0	0.0	0.0	0.0	0.0	0.0	0.0	0.0	0.0	0.0	0.0	0.0	0.0	0.0	0.0	0.0	1.0	0.0	0.0	104.0	0.0	0.0	0.0	0.0	0.0	0.0	0.0	0.0	0.0	0.0	0.0	18.0	0.0	0.0	0.0	0.0	0.0	0.0	0.0	0.0	0.0	0.0	0.0	95.0	0.0	2.0	0.0	8.0	2.0	1.0	0.0	0.0	62.0	0.0	0.0	0.0	0.0	1.0	0.0	0.0	0.0	0.0	0.0	0.0	0.0	3.0	0.0	0.0	2.0	21.0	0.0	0.0	0.0	0.0	0.0	0.0	0.0	0.0	0.0	0.0	0.0	1.0	0.0	0.0	0.0	0.0	0.0	0.0	0.0	0.0	0.0	0.0	0.0	0.0	59.0	0.0	0.0	0.0	0.0
6A	0.0	0.0	0.0	0.0	4.0	0.0	0.0	0.0	0.0	0.0	0.0	0.0	0.0	0.0	0.0	0.0	8.0	0.0	2.0	0.0	0.0	0.0	0.0	12.0	0.0	0.0	0.0	35548.0	115.0	0.0	4.0	398.0	1.0	4.0	0.0	49.0	0.0	0.0	0.0	0.0	2.0	0.0	0.0	0.0	0.0	0.0	0.0	0.0	0.0	0.0	0.0	0.0	0.0	0.0	0.0	0.0	0.0	0.0	0.0	0.0	0.0	0.0	0.0	0.0	3.0	0.0	0.0	0.0	0.0	0.0	3.0	0.0	0.0	0.0	0.0	0.0	24.0	16.0	0.0	2137.0	1.0	0.0	430.0	6.0	0.0	183.0	88.0	2.0	0.0	0.0	0.0	0.0	0.0	9388.0	207.0	671.0	0.0	651.0	297.0	2.0	7.0	840.0	0.0	1.0	2586.0	0.0	0.0	298.0	0.0	0.0	0.0	4.0	0.0	0.0	7602.0	3.0	0.0	0.0	3138.0	304.0	9608.0	0.0	0.0	0.0	245.0	1.0	1098.0	0.0	0.0	65.0	0.0	0.0	5.0	1.0	0.0	0.0	0.0	1.0	0.0	0.0	0.0	274.0	0.0	0.0	4.0	4.0	0.0	16.0	0.0	0.0	1.0	0.0	0.0	0.0	0.0	0.0	0.0	0.0	0.0	0.0	0.0	0.0	0.0	0.0	0.0	0.0	0.0	0.0	0.0	0.0	0.0	0.0	0.0	0.0	0.0	32.0	0.0	0.0	2693.0	0.0	0.0	0.0	0.0	0.0	0.0	0.0	0.0	0.0	0.0	0.0	380.0	125.0	0.0	0.0	0.0	0.0	0.0	0.0	0.0	0.0	1.0	0.0	1534.0	0.0	0.0	1.0	1.0	26.0	0.0	0.0	0.0	12.0	0.0	0.0	0.0	20.0	0.0	1.0	0.0	0.0	0.0	0.0	0.0	0.0	3.0	3.0	0.0	17.0	8.0	0.0	0.0	0.0	0.0	0.0	0.0	0.0	0.0	0.0	0.0	0.0	0.0	0.0	0.0	0.0	0.0	0.0	0.0	0.0	0.0	0.0	0.0	0.0	0.0	0.0	0.0	0.0	0.0	0.0
18A	0.0	0.0	0.0	1.0	2.0	0.0	1.0	2.0	0.0	0.0	0.0	0.0	0.0	0.0	1.0	0.0	21.0	3.0	0.0	4.0	3.0	1.0	66.0	2.0	0.0	0.0	0.0	21376.0	683.0	1.0	91.0	2035.0	6.0	8.0	972.0	116.0	184.0	0.0	0.0	3049.0	7.0	12.0	1.0	0.0	0.0	6.0	1.0	2.0	6.0	0.0	2.0	0.0	2.0	3.0	3.0	1.0	1.0	0.0	0.0	0.0	1.0	0.0	0.0	0.0	5.0	0.0	0.0	0.0	0.0	0.0	43.0	0.0	0.0	0.0	0.0	0.0	41.0	6.0	0.0	2339.0	15.0	1.0	98.0	1.0	1.0	135.0	15.0	2.0	0.0	0.0	0.0	0.0	0.0	7337.0	185.0	2452.0	1.0	771.0	673.0	0.0	778.0	157.0	0.0	1.0	772.0	0.0	0.0	226.0	18.0	0.0	0.0	0.0	1.0	0.0	6889.0	2.0	0.0	1.0	1158.0	864.0	1917.0	0.0	0.0	8.0	96.0	0.0	2209.0	0.0	0.0	2.0	0.0	0.0	71.0	0.0	1.0	1.0	0.0	0.0	0.0	1.0	0.0	204.0	2.0	0.0	0.0	23.0	0.0	5.0	0.0	0.0	0.0	248.0	0.0	0.0	0.0	0.0	2.0	0.0	2.0	1.0	2.0	0.0	1.0	0.0	1.0	1.0	0.0	0.0	4.0	0.0	0.0	0.0	1.0	1.0	0.0	1.0	1.0	0.0	1732.0	0.0	2.0	0.0	0.0	0.0	0.0	0.0	0.0	0.0	0.0	0.0	494.0	4.0	1.0	1.0	0.0	0.0	2.0	2.0	1.0	0.0	18.0	0.0	36.0	0.0	0.0	0.0	0.0	1.0	0.0	0.0	2.0	4.0	0.0	0.0	0.0	1.0	0.0	0.0	0.0	0.0	0.0	2.0	1.0	0.0	30.0	0.0	0.0	0.0	4.0	0.0	4.0	1.0	0.0	0.0	8.0	1.0	2.0	26.0	3.0	2.0	5.0	0.0	0.0	0.0	1.0	0.0	0.0	0.0	0.0	0.0	0.0	0.0	0.0	0.0	0.0	123.0	1.0	1.0
082A	0.0	0.0	0.0	0.0	1.0	0.0	0.0	0.0	0.0	0.0	0.0	0.0	1.0	0.0	0.0	0.0	8.0	0.0	1.0	9.0	8.0	0.0	0.0	1.0	0.0	0.0	0.0	22215.0	102.0	0.0	27.0	669.0	2.0	0.0	119.0	41.0	92.0	0.0	1.0	1242.0	2.0	0.0	0.0	0.0	0.0	0.0	0.0	0.0	0.0	0.0	0.0	0.0	1.0	0.0	0.0	0.0	0.0	0.0	0.0	0.0	0.0	0.0	0.0	0.0	1.0	0.0	0.0	0.0	0.0	1.0	0.0	0.0	0.0	0.0	0.0	0.0	40.0	16.0	3.0	1810.0	5.0	0.0	48.0	2.0	0.0	314.0	8.0	83.0	0.0	0.0	0.0	0.0	0.0	4480.0	122.0	521.0	0.0	278.0	198.0	1.0	1.0	439.0	0.0	0.0	3387.0	1.0	0.0	96.0	28.0	0.0	0.0	1.0	0.0	0.0	13100.0	1.0	0.0	0.0	1044.0	509.0	2484.0	0.0	0.0	1318.0	0.0	1.0	0.0	0.0	0.0	281.0	0.0	0.0	6.0	0.0	0.0	0.0	0.0	1.0	0.0	0.0	0.0	524.0	1.0	0.0	0.0	31.0	1.0	13.0	0.0	0.0	0.0	0.0	0.0	0.0	0.0	0.0	0.0	0.0	0.0	0.0	0.0	1.0	0.0	0.0	0.0	0.0	0.0	0.0	0.0	0.0	1.0	0.0	0.0	0.0	0.0	2.0	0.0	0.0	1527.0	0.0	0.0	0.0	0.0	0.0	0.0	0.0	0.0	0.0	0.0	0.0	0.0	0.0	0.0	0.0	0.0	0.0	0.0	0.0	0.0	0.0	1.0	0.0	51.0	0.0	0.0	0.0	1.0	0.0	1.0	0.0	0.0	14.0	0.0	0.0	0.0	0.0	0.0	0.0	0.0	0.0	0.0	0.0	0.0	0.0	3.0	0.0	0.0	1.0	7.0	0.0	0.0	0.0	0.0	0.0	0.0	0.0	0.0	0.0	0.0	0.0	0.0	0.0	0.0	0.0	0.0	0.0	0.0	0.0	0.0	0.0	0.0	0.0	0.0	0.0	0.0	38.0	0.0	0.0
37A	108.0	0.0	0.0	0.0	9.0	0.0	0.0	2.0	0.0	0.0	0.0	0.0	6.0	0.0	0.0	0.0	28.0	0.0	0.0	17.0	0.0	1.0	38.0	0.0	3.0	0.0	0.0	315.0	33.0	0.0	20559.0	82.0	1.0	494.0	6.0	25.0	5.0	76.0	0.0	0.0	1822.0	0.0	0.0	0.0	0.0	0.0	0.0	0.0	0.0	0.0	0.0	0.0	1.0	0.0	1.0	0.0	0.0	0.0	1.0	0.0	5.0	10.0	0.0	0.0	4.0	18.0	82.0	1.0	1.0	0.0	650.0	24.0	116.0	71.0	1.0	196.0	3524.0	1.0	0.0	1557.0	267.0	0.0	62.0	4.0	0.0	220.0	3.0	2.0	0.0	2.0	0.0	0.0	0.0	2848.0	2.0	638.0	0.0	822.0	216.0	0.0	9.0	153.0	0.0	2.0	399.0	0.0	0.0	107.0	2.0	19.0	0.0	0.0	1.0	0.0	5839.0	0.0	0.0	0.0	3419.0	171.0	371.0	33.0	0.0	5.0	0.0	0.0	1229.0	0.0	0.0	363.0	0.0	0.0	22.0	2.0	0.0	0.0	0.0	0.0	0.0	0.0	0.0	9.0	1.0	224.0	0.0	4.0	0.0	358.0	0.0	0.0	0.0	4.0	21.0	0.0	0.0	0.0	0.0	0.0	0.0	0.0	0.0	0.0	0.0	0.0	0.0	0.0	0.0	0.0	0.0	0.0	0.0	0.0	0.0	0.0	0.0	0.0	0.0	0.0	79.0	0.0	0.0	6.0	0.0	0.0	1.0	0.0	0.0	0.0	0.0	2.0	5.0	36.0	0.0	1.0	0.0	0.0	552.0	0.0	0.0	0.0	0.0	1.0	1365.0	0.0	11.0	3.0	643.0	42.0	22.0	0.0	0.0	1203.0	0.0	0.0	0.0	5.0	14.0	0.0	4.0	3.0	0.0	0.0	0.0	0.0	4.0	49.0	1.0	0.0	262.0	2.0	1.0	0.0	0.0	0.0	0.0	0.0	0.0	0.0	0.0	0.0	0.0	0.0	0.0	0.0	0.0	0.0	0.0	0.0	0.0	0.0	0.0	0.0	0.0	36.0	3.0	0.0	0.0	0.0
28A	0.0	0.0	0.0	0.0	1.0	0.0	0.0	0.0	0.0	0.0	0.0	0.0	0.0	0.0	1.0	0.0	13.0	0.0	0.0	6.0	0.0	0.0	4.0	0.0	0.0	10.0	0.0	514.0	30.0	0.0	26757.0	79.0	0.0	1213.0	5.0	32.0	18.0	0.0	309.0	25.0	1429.0	0.0	0.0	0.0	0.0	0.0	0.0	0.0	0.0	0.0	0.0	0.0	0.0	0.0	0.0	0.0	0.0	1.0	0.0	0.0	0.0	0.0	0.0	0.0	0.0	0.0	0.0	0.0	0.0	0.0	0.0	0.0	0.0	0.0	0.0	0.0	4.0	1.0	0.0	1086.0	22.0	0.0	204.0	4.0	0.0	87.0	12.0	1.0	0.0	0.0	0.0	0.0	0.0	1189.0	1.0	322.0	0.0	468.0	114.0	0.0	483.0	601.0	0.0	1.0	53.0	0.0	0.0	51.0	8.0	0.0	0.0	0.0	0.0	0.0	3684.0	0.0	0.0	0.0	1555.0	290.0	68.0	0.0	0.0	0.0	0.0	0.0	1691.0	0.0	0.0	20.0	0.0	0.0	6.0	0.0	0.0	0.0	0.0	0.0	1.0	0.0	0.0	104.0	0.0	0.0	0.0	8.0	0.0	209.0	0.0	0.0	0.0	0.0	0.0	0.0	0.0	0.0	0.0	0.0	0.0	0.0	0.0	0.0	0.0	0.0	0.0	0.0	0.0	0.0	0.0	0.0	0.0	0.0	0.0	0.0	0.0	2.0	0.0	0.0	510.0	0.0	0.0	0.0	0.0	0.0	0.0	0.0	0.0	0.0	0.0	0.0	53.0	3.0	0.0	0.0	0.0	0.0	0.0	0.0	0.0	0.0	0.0	0.0	12.0	0.0	0.0	0.0	0.0	0.0	0.0	0.0	0.0	5.0	0.0	0.0	0.0	0.0	0.0	0.0	0.0	0.0	0.0	0.0	0.0	0.0	2.0	0.0	0.0	0.0	19.0	0.0	0.0	0.0	0.0	0.0	0.0	0.0	0.0	0.0	0.0	0.0	0.0	0.0	0.0	0.0	0.0	0.0	0.0	0.0	0.0	0.0	0.0	0.0	0.0	110.0	0.0	0.0	0.0	0.0
108A	0.0	0.0	0.0	0.0	0.0	0.0	0.0	0.0	0.0	0.0	0.0	0.0	0.0	0.0	0.0	0.0	9.0	0.0	0.0	10.0	4.0	0.0	0.0	0.0	0.0	0.0	2.0	14862.0	380.0	0.0	35.0	36.0	0.0	5.0	2.0	0.0	0.0	0.0	0.0	5.0	0.0	0.0	0.0	0.0	0.0	0.0	0.0	0.0	0.0	0.0	0.0	0.0	0.0	0.0	0.0	0.0	0.0	0.0	0.0	0.0	0.0	0.0	0.0	0.0	0.0	0.0	0.0	0.0	0.0	0.0	26.0	0.0	0.0	0.0	0.0	0.0	5.0	1.0	0.0	1704.0	42.0	0.0	58.0	0.0	0.0	961.0	5.0	0.0	0.0	0.0	0.0	0.0	0.0	2369.0	77.0	383.0	1.0	416.0	51.0	0.0	2.0	316.0	0.0	0.0	848.0	0.0	0.0	88.0	7.0	0.0	3.0	0.0	0.0	0.0	3672.0	5.0	0.0	0.0	971.0	554.0	503.0	0.0	0.0	103.0	3.0	0.0	9.0	0.0	0.0	5.0	0.0	0.0	3.0	0.0	0.0	0.0	0.0	0.0	0.0	0.0	0.0	4437.0	1.0	130.0	0.0	0.0	0.0	4.0	3.0	0.0	0.0	31.0	0.0	0.0	0.0	0.0	0.0	0.0	0.0	0.0	0.0	0.0	0.0	0.0	0.0	0.0	0.0	0.0	0.0	0.0	0.0	0.0	0.0	0.0	21.0	36.0	0.0	0.0	301.0	0.0	0.0	0.0	0.0	0.0	0.0	0.0	0.0	0.0	0.0	0.0	70.0	4.0	0.0	0.0	0.0	0.0	1.0	0.0	0.0	1.0	0.0	0.0	13351.0	0.0	0.0	1.0	0.0	237.0	0.0	0.0	8.0	3.0	0.0	0.0	0.0	0.0	3.0	9.0	0.0	0.0	0.0	0.0	0.0	0.0	1.0	1.0	0.0	0.0	4.0	0.0	0.0	0.0	0.0	0.0	0.0	0.0	0.0	0.0	0.0	0.0	0.0	0.0	0.0	0.0	11.0	0.0	0.0	0.0	0.0	0.0	0.0	0.0	0.0	0.0	0.0	1.0	0.0	0.0
20A	0.0	0.0	0.0	2.0	15.0	0.0	0.0	0.0	0.0	0.0	0.0	0.0	0.0	1.0	41.0	0.0	800.0	0.0	0.0	0.0	0.0	1.0	86.0	20.0	0.0	0.0	0.0	11939.0	1204.0	1.0	17085.0	295.0	0.0	3.0	0.0	0.0	0.0	0.0	0.0	3950.0	3.0	0.0	1.0	0.0	1.0	3.0	0.0	0.0	0.0	0.0	0.0	0.0	1.0	0.0	0.0	0.0	0.0	0.0	1.0	4.0	3.0	3.0	0.0	0.0	7.0	0.0	15.0	0.0	0.0	0.0	8.0	1.0	0.0	27.0	0.0	16.0	184.0	4.0	0.0	1521.0	0.0	0.0	72.0	3.0	0.0	2333.0	23.0	0.0	0.0	0.0	0.0	0.0	0.0	5240.0	3.0	1946.0	0.0	429.0	822.0	2.0	47.0	112.0	0.0	2.0	1575.0	0.0	1.0	196.0	0.0	0.0	0.0	1.0	2.0	0.0	5086.0	0.0	0.0	0.0	221.0	690.0	172.0	0.0	0.0	309.0	737.0	48.0	2343.0	0.0	0.0	71.0	0.0	1.0	3.0	0.0	0.0	0.0	0.0	0.0	0.0	0.0	0.0	94.0	6.0	0.0	21.0	0.0	0.0	23.0	0.0	0.0	0.0	35.0	0.0	0.0	0.0	0.0	0.0	0.0	0.0	0.0	0.0	0.0	0.0	1.0	0.0	1.0	0.0	0.0	0.0	0.0	0.0	1.0	0.0	0.0	0.0	2.0	0.0	0.0	111.0	0.0	0.0	0.0	0.0	0.0	0.0	0.0	0.0	0.0	0.0	0.0	1136.0	1.0	0.0	1.0	0.0	0.0	0.0	0.0	0.0	0.0	35.0	0.0	745.0	0.0	0.0	0.0	18.0	24.0	1.0	0.0	0.0	50.0	0.0	0.0	0.0	0.0	0.0	2.0	0.0	0.0	0.0	0.0	0.0	2.0	68.0	3.0	0.0	0.0	18.0	0.0	1.0	0.0	0.0	1.0	1.0	2.0	0.0	1.0	1.0	1.0	1.0	0.0	0.0	0.0	0.0	0.0	0.0	0.0	0.0	0.0	0.0	3.0	1.0	0.0	0.0	0.0	0.0	0.0
39A	0.0	0.0	0.0	0.0	12.0	0.0	0.0	1.0	0.0	0.0	0.0	0.0	0.0	0.0	0.0	0.0	20.0	0.0	0.0	3.0	2.0	1.0	51.0	2.0	0.0	0.0	1.0	18250.0	415.0	0.0	408.0	46.0	0.0	5.0	60.0	6.0	9.0	1.0	0.0	354.0	0.0	0.0	0.0	0.0	0.0	0.0	0.0	0.0	0.0	0.0	1.0	0.0	0.0	0.0	0.0	0.0	0.0	0.0	0.0	0.0	1.0	0.0	0.0	0.0	3.0	0.0	2.0	0.0	0.0	0.0	0.0	0.0	0.0	1.0	0.0	0.0	22.0	11.0	2.0	1646.0	3.0	0.0	696.0	36.0	0.0	113.0	124.0	18.0	0.0	0.0	0.0	0.0	1.0	9933.0	78.0	1412.0	0.0	798.0	643.0	8.0	0.0	2494.0	1.0	3.0	1700.0	0.0	0.0	587.0	0.0	0.0	0.0	63.0	1.0	0.0	4508.0	0.0	0.0	0.0	384.0	64.0	163.0	1036.0	0.0	1.0	10.0	2.0	60.0	0.0	0.0	15.0	0.0	0.0	4.0	3.0	0.0	0.0	2.0	2.0	2.0	0.0	0.0	474.0	2.0	0.0	3.0	2.0	0.0	15.0	0.0	0.0	0.0	8.0	0.0	0.0	0.0	0.0	0.0	0.0	0.0	0.0	0.0	0.0	0.0	0.0	0.0	0.0	0.0	0.0	0.0	0.0	0.0	0.0	0.0	0.0	0.0	10.0	0.0	0.0	2235.0	0.0	0.0	2.0	0.0	0.0	0.0	0.0	0.0	0.0	0.0	0.0	11.0	23.0	0.0	0.0	0.0	10.0	0.0	0.0	0.0	0.0	0.0	0.0	108.0	0.0	0.0	0.0	2.0	1.0	0.0	0.0	0.0	7.0	0.0	0.0	0.0	0.0	0.0	0.0	0.0	0.0	0.0	0.0	0.0	0.0	2.0	0.0	0.0	0.0	0.0	0.0	0.0	0.0	0.0	0.0	0.0	0.0	0.0	0.0	0.0	0.0	0.0	0.0	0.0	0.0	0.0	0.0	0.0	3.0	1.0	0.0	0.0	0.0	0.0	0.0	0.0	11.0	0.0	0.0
118A	0.0	0.0	0.0	0.0	1.0	0.0	0.0	0.0	0.0	0.0	0.0	0.0	0.0	0.0	0.0	0.0	3.0	0.0	0.0	0.0	0.0	0.0	0.0	5.0	0.0	0.0	0.0	25809.0	672.0	0.0	169.0	622.0	0.0	8.0	0.0	0.0	136.0	0.0	0.0	0.0	1.0	0.0	0.0	0.0	0.0	0.0	0.0	0.0	0.0	0.0	0.0	0.0	0.0	0.0	0.0	0.0	0.0	0.0	0.0	0.0	0.0	0.0	0.0	0.0	0.0	0.0	0.0	0.0	0.0	0.0	0.0	0.0	0.0	2.0	0.0	0.0	5.0	0.0	0.0	3293.0	0.0	0.0	108.0	12.0	0.0	86.0	8.0	7.0	0.0	0.0	0.0	0.0	0.0	14093.0	21.0	976.0	1.0	293.0	455.0	0.0	0.0	1110.0	0.0	1.0	1767.0	0.0	0.0	197.0	0.0	1.0	0.0	0.0	1.0	0.0	2669.0	0.0	15.0	0.0	142.0	1166.0	892.0	0.0	0.0	0.0	0.0	6.0	1548.0	0.0	0.0	0.0	0.0	0.0	0.0	0.0	0.0	1.0	0.0	0.0	0.0	0.0	0.0	176.0	1.0	0.0	12.0	22.0	0.0	65.0	0.0	0.0	0.0	0.0	0.0	0.0	0.0	0.0	0.0	0.0	0.0	0.0	0.0	0.0	0.0	0.0	0.0	0.0	0.0	0.0	0.0	0.0	0.0	0.0	0.0	0.0	0.0	0.0	0.0	0.0	0.0	0.0	0.0	0.0	0.0	0.0	0.0	0.0	0.0	0.0	0.0	0.0	1.0	0.0	0.0	0.0	0.0	0.0	0.0	0.0	0.0	0.0	1.0	0.0	222.0	0.0	1.0	0.0	2.0	3.0	0.0	0.0	0.0	4.0	0.0	0.0	0.0	0.0	0.0	0.0	0.0	0.0	0.0	0.0	0.0	0.0	2.0	0.0	0.0	0.0	0.0	0.0	0.0	0.0	0.0	0.0	0.0	0.0	0.0	0.0	0.0	0.0	0.0	0.0	0.0	0.0	0.0	0.0	0.0	0.0	0.0	1.0	0.0	0.0	0.0	0.0	0.0	0.0	0.0	0.0
24A	0.0	0.0	0.0	0.0	0.0	1.0	0.0	1.0	0.0	0.0	0.0	0.0	3.0	0.0	1.0	0.0	72.0	0.0	6.0	4.0	2.0	0.0	4.0	0.0	1.0	0.0	0.0	7310.0	696.0	0.0	6.0	2100.0	5.0	0.0	1196.0	257.0	34.0	0.0	0.0	3166.0	0.0	0.0	0.0	0.0	0.0	0.0	0.0	0.0	0.0	0.0	1071.0	0.0	6.0	1.0	0.0	0.0	0.0	0.0	0.0	0.0	0.0	1.0	0.0	0.0	0.0	0.0	1.0	0.0	0.0	0.0	2.0	0.0	3.0	0.0	0.0	6.0	83.0	1.0	0.0	7330.0	15.0	1.0	60.0	0.0	0.0	77.0	13.0	0.0	0.0	0.0	0.0	0.0	0.0	2379.0	47.0	207.0	0.0	630.0	61.0	0.0	2.0	165.0	0.0	1.0	367.0	0.0	0.0	27.0	14.0	0.0	0.0	0.0	0.0	0.0	12186.0	9.0	0.0	0.0	4805.0	257.0	472.0	1.0	0.0	532.0	1076.0	1142.0	14.0	0.0	0.0	98.0	0.0	0.0	18.0	1.0	0.0	0.0	0.0	0.0	1.0	0.0	0.0	47.0	0.0	0.0	0.0	10.0	0.0	15.0	0.0	0.0	0.0	4.0	0.0	0.0	0.0	0.0	0.0	0.0	0.0	11.0	0.0	0.0	0.0	0.0	0.0	0.0	0.0	0.0	0.0	2.0	0.0	0.0	0.0	0.0	0.0	1.0	0.0	0.0	135.0	0.0	0.0	0.0	5.0	0.0	63.0	0.0	0.0	0.0	0.0	0.0	102.0	0.0	0.0	1.0	0.0	0.0	0.0	0.0	0.0	0.0	1.0	0.0	50.0	0.0	0.0	2.0	1.0	0.0	2.0	0.0	0.0	48.0	0.0	0.0	0.0	0.0	0.0	0.0	0.0	0.0	0.0	0.0	0.0	0.0	1.0	1.0	0.0	0.0	6.0	0.0	0.0	0.0	0.0	0.0	0.0	0.0	0.0	0.0	0.0	0.0	0.0	0.0	0.0	0.0	2.0	0.0	0.0	0.0	0.0	0.0	0.0	0.0	0.0	306.0	0.0	3779.0	0.0	0.0
119A	0.0	0.0	0.0	0.0	1.0	0.0	0.0	0.0	0.0	0.0	0.0	0.0	0.0	0.0	11.0	0.0	379.0	0.0	0.0	41.0	0.0	0.0	0.0	18.0	0.0	0.0	0.0	12430.0	437.0	0.0	0.0	1797.0	0.0	0.0	0.0	123.0	0.0	0.0	0.0	0.0	1.0	0.0	0.0	0.0	0.0	0.0	0.0	0.0	0.0	0.0	0.0	0.0	0.0	0.0	0.0	0.0	0.0	0.0	0.0	0.0	0.0	0.0	0.0	0.0	0.0	0.0	0.0	0.0	0.0	0.0	0.0	0.0	1.0	1.0	0.0	3.0	10.0	0.0	0.0	907.0	9.0	2.0	41.0	0.0	0.0	87.0	7.0	0.0	0.0	0.0	0.0	2.0	3.0	1512.0	93.0	403.0	1.0	225.0	446.0	0.0	2.0	335.0	0.0	0.0	278.0	1.0	0.0	175.0	0.0	0.0	0.0	0.0	0.0	0.0	15578.0	62.0	0.0	1.0	429.0	193.0	469.0	0.0	0.0	1.0	0.0	0.0	532.0	0.0	0.0	5.0	0.0	0.0	15.0	0.0	0.0	0.0	0.0	1.0	0.0	0.0	0.0	203.0	1.0	0.0	0.0	0.0	1.0	5.0	0.0	0.0	0.0	6.0	0.0	0.0	0.0	0.0	0.0	0.0	0.0	0.0	0.0	0.0	0.0	0.0	0.0	0.0	0.0	0.0	0.0	0.0	0.0	0.0	0.0	0.0	0.0	26.0	0.0	0.0	81.0	0.0	0.0	0.0	0.0	0.0	0.0	0.0	0.0	0.0	0.0	0.0	158.0	0.0	0.0	0.0	0.0	0.0	0.0	0.0	0.0	1.0	2.0	0.0	16879.0	0.0	0.0	2.0	127.0	494.0	2.0	0.0	0.0	113.0	2.0	0.0	0.0	0.0	63.0	10.0	1.0	1.0	0.0	0.0	0.0	0.0	2.0	0.0	0.0	0.0	0.0	0.0	1.0	0.0	0.0	4.0	0.0	0.0	0.0	0.0	0.0	0.0	0.0	0.0	0.0	0.0	1.0	0.0	0.0	0.0	0.0	0.0	0.0	0.0	0.0	0.0	0.0	0.0	0.0	0.0
34A	0.0	0.0	0.0	0.0	4.0	0.0	0.0	0.0	0.0	0.0	0.0	0.0	0.0	0.0	450.0	0.0	6938.0	0.0	0.0	1.0	2.0	1.0	0.0	1.0	0.0	0.0	0.0	26396.0	35.0	1.0	8.0	45.0	0.0	0.0	0.0	0.0	0.0	0.0	0.0	1430.0	0.0	0.0	0.0	0.0	0.0	0.0	0.0	0.0	0.0	0.0	0.0	0.0	5.0	0.0	0.0	0.0	0.0	0.0	0.0	1.0	5.0	0.0	0.0	0.0	3.0	0.0	0.0	0.0	0.0	0.0	43.0	0.0	0.0	0.0	0.0	0.0	43.0	0.0	0.0	2644.0	1.0	0.0	132.0	4.0	0.0	376.0	5.0	1.0	0.0	0.0	0.0	0.0	0.0	7338.0	138.0	508.0	0.0	1129.0	127.0	0.0	28.0	1760.0	0.0	1.0	3586.0	0.0	0.0	304.0	33.0	0.0	0.0	0.0	0.0	0.0	24317.0	0.0	0.0	0.0	21892.0	167.0	3738.0	0.0	0.0	265.0	0.0	0.0	597.0	0.0	0.0	24.0	1.0	0.0	0.0	0.0	0.0	0.0	0.0	1.0	0.0	0.0	0.0	210.0	1.0	0.0	0.0	1.0	0.0	1.0	1.0	0.0	0.0	0.0	0.0	0.0	0.0	0.0	0.0	0.0	0.0	0.0	0.0	0.0	0.0	0.0	0.0	0.0	0.0	0.0	0.0	0.0	0.0	0.0	0.0	0.0	0.0	7.0	0.0	0.0	240.0	0.0	0.0	0.0	0.0	0.0	0.0	0.0	0.0	0.0	0.0	0.0	0.0	0.0	0.0	0.0	0.0	0.0	0.0	0.0	0.0	0.0	2.0	1.0	247.0	0.0	0.0	3.0	0.0	7.0	1.0	0.0	0.0	17.0	0.0	0.0	0.0	1.0	0.0	0.0	0.0	0.0	0.0	0.0	0.0	0.0	3.0	3.0	0.0	1.0	197.0	1.0	0.0	0.0	0.0	0.0	0.0	0.0	0.0	0.0	0.0	0.0	0.0	0.0	0.0	0.0	0.0	0.0	0.0	0.0	0.0	0.0	0.0	0.0	0.0	6.0	0.0	0.0	0.0	0.0
091A	0.0	0.0	0.0	0.0	5.0	0.0	0.0	0.0	0.0	0.0	0.0	0.0	0.0	0.0	0.0	0.0	23.0	0.0	0.0	2.0	0.0	0.0	1.0	1.0	0.0	0.0	0.0	25477.0	33.0	2.0	16.0	115.0	5.0	3.0	3.0	0.0	1.0	0.0	0.0	2.0	1.0	0.0	0.0	0.0	0.0	0.0	0.0	0.0	0.0	0.0	0.0	2.0	3.0	0.0	0.0	0.0	0.0	0.0	0.0	0.0	0.0	0.0	0.0	0.0	2.0	0.0	0.0	0.0	0.0	0.0	15.0	0.0	2.0	0.0	0.0	0.0	4.0	6.0	0.0	8899.0	5.0	0.0	25.0	0.0	0.0	82.0	8.0	0.0	0.0	0.0	0.0	0.0	0.0	5863.0	11.0	951.0	0.0	995.0	116.0	0.0	3.0	679.0	0.0	0.0	2680.0	0.0	0.0	105.0	0.0	0.0	0.0	0.0	0.0	0.0	7177.0	4.0	0.0	0.0	825.0	341.0	732.0	0.0	0.0	502.0	1.0	1.0	3.0	0.0	0.0	9.0	0.0	0.0	1.0	0.0	0.0	2.0	0.0	0.0	3.0	0.0	0.0	261.0	0.0	0.0	0.0	2.0	0.0	1.0	0.0	0.0	0.0	82.0	0.0	0.0	0.0	0.0	0.0	0.0	0.0	0.0	0.0	0.0	0.0	0.0	0.0	0.0	0.0	0.0	0.0	0.0	0.0	0.0	0.0	0.0	0.0	1.0	0.0	0.0	453.0	0.0	0.0	0.0	2.0	0.0	5.0	0.0	0.0	0.0	0.0	0.0	0.0	0.0	0.0	0.0	0.0	0.0	0.0	0.0	0.0	0.0	0.0	0.0	56.0	0.0	0.0	0.0	0.0	1.0	0.0	0.0	1.0	1.0	0.0	0.0	0.0	0.0	0.0	0.0	0.0	0.0	0.0	0.0	0.0	0.0	0.0	0.0	0.0	0.0	2.0	0.0	0.0	0.0	0.0	0.0	0.0	0.0	0.0	0.0	0.0	0.0	0.0	0.0	0.0	0.0	0.0	0.0	0.0	0.0	0.0	0.0	0.0	0.0	0.0	5.0	0.0	70.0	0.0	0.0
098A	0.0	0.0	0.0	1.0	0.0	0.0	0.0	1.0	0.0	0.0	0.0	0.0	0.0	0.0	0.0	0.0	104.0	0.0	1.0	2.0	3.0	0.0	0.0	0.0	0.0	0.0	1.0	36971.0	470.0	0.0	43.0	1255.0	3.0	18.0	639.0	48.0	194.0	0.0	0.0	0.0	3.0	0.0	0.0	0.0	0.0	0.0	0.0	0.0	0.0	0.0	0.0	0.0	0.0	0.0	0.0	0.0	0.0	0.0	0.0	0.0	1.0	0.0	0.0	0.0	1.0	0.0	0.0	0.0	0.0	0.0	0.0	0.0	1.0	1.0	0.0	0.0	12.0	0.0	0.0	6312.0	41.0	0.0	104.0	0.0	0.0	233.0	11.0	0.0	0.0	7.0	0.0	0.0	0.0	4904.0	46.0	286.0	0.0	2986.0	48.0	0.0	1.0	2124.0	0.0	0.0	634.0	0.0	0.0	17.0	64.0	0.0	0.0	0.0	0.0	0.0	22451.0	0.0	0.0	0.0	10314.0	929.0	1215.0	0.0	0.0	110.0	1.0	0.0	1608.0	0.0	0.0	12.0	0.0	0.0	24.0	0.0	0.0	0.0	0.0	0.0	0.0	1.0	0.0	86.0	0.0	0.0	0.0	9.0	0.0	1.0	0.0	0.0	0.0	0.0	0.0	0.0	16.0	0.0	0.0	0.0	0.0	0.0	0.0	0.0	0.0	0.0	0.0	0.0	0.0	0.0	0.0	0.0	0.0	0.0	0.0	0.0	0.0	6.0	0.0	0.0	2423.0	0.0	0.0	0.0	0.0	0.0	0.0	0.0	0.0	0.0	0.0	0.0	211.0	0.0	0.0	1.0	0.0	0.0	0.0	0.0	0.0	0.0	8.0	0.0	450.0	0.0	2.0	0.0	2.0	11.0	8.0	0.0	0.0	75.0	0.0	0.0	0.0	0.0	0.0	1.0	0.0	0.0	0.0	0.0	0.0	0.0	7.0	1.0	0.0	3.0	29.0	0.0	0.0	0.0	0.0	0.0	0.0	0.0	0.0	0.0	0.0	0.0	0.0	0.0	0.0	0.0	0.0	0.0	0.0	0.0	0.0	0.0	0.0	0.0	0.0	412.0	0.0	907.0	0.0	0.0
100A	0.0	0.0	0.0	0.0	1.0	0.0	0.0	0.0	0.0	0.0	0.0	0.0	0.0	0.0	3.0	0.0	80.0	8.0	0.0	0.0	11.0	2.0	0.0	0.0	0.0	0.0	0.0	9163.0	114.0	0.0	14119.0	230.0	0.0	0.0	6.0	1.0	1.0	0.0	0.0	0.0	0.0	0.0	0.0	0.0	0.0	0.0	0.0	0.0	0.0	0.0	5.0	0.0	0.0	0.0	0.0	0.0	0.0	0.0	0.0	0.0	2.0	0.0	1.0	0.0	0.0	0.0	0.0	0.0	0.0	0.0	8.0	0.0	0.0	0.0	0.0	0.0	9.0	0.0	0.0	1083.0	1.0	0.0	5.0	0.0	0.0	20.0	1.0	0.0	0.0	0.0	0.0	0.0	0.0	1990.0	15.0	289.0	0.0	354.0	231.0	0.0	0.0	352.0	0.0	0.0	377.0	0.0	0.0	128.0	6.0	0.0	0.0	0.0	0.0	0.0	6456.0	2.0	0.0	0.0	875.0	324.0	462.0	2.0	0.0	1583.0	17.0	2.0	2827.0	0.0	0.0	5.0	0.0	0.0	0.0	0.0	0.0	0.0	0.0	0.0	0.0	0.0	0.0	63.0	1.0	0.0	8.0	5.0	0.0	8.0	0.0	0.0	0.0	796.0	0.0	3.0	0.0	0.0	0.0	0.0	0.0	0.0	0.0	0.0	0.0	0.0	0.0	0.0	0.0	0.0	0.0	0.0	0.0	0.0	0.0	0.0	0.0	5.0	0.0	0.0	4430.0	0.0	0.0	0.0	0.0	0.0	0.0	0.0	0.0	0.0	1.0	0.0	50.0	0.0	0.0	0.0	0.0	0.0	0.0	0.0	0.0	0.0	2.0	1.0	78.0	0.0	0.0	0.0	0.0	2.0	0.0	0.0	0.0	1.0	0.0	0.0	0.0	0.0	0.0	0.0	0.0	0.0	0.0	0.0	0.0	0.0	2.0	0.0	0.0	0.0	0.0	0.0	2.0	0.0	0.0	0.0	0.0	0.0	0.0	0.0	0.0	0.0	0.0	0.0	0.0	0.0	0.0	0.0	0.0	1.0	0.0	0.0	0.0	0.0	0.0	1.0	0.0	11.0	0.0	0.0
084A	0.0	0.0	0.0	0.0	0.0	0.0	0.0	3.0	0.0	0.0	0.0	0.0	1.0	0.0	0.0	0.0	14.0	0.0	0.0	0.0	2.0	1.0	3.0	0.0	0.0	0.0	1.0	16684.0	365.0	0.0	48.0	411.0	0.0	0.0	20.0	116.0	76.0	0.0	0.0	0.0	0.0	0.0	0.0	0.0	0.0	0.0	0.0	0.0	0.0	0.0	0.0	0.0	0.0	0.0	0.0	0.0	0.0	0.0	0.0	0.0	0.0	0.0	0.0	0.0	1.0	0.0	0.0	0.0	0.0	0.0	1.0	0.0	0.0	0.0	0.0	0.0	9.0	6.0	0.0	4583.0	5.0	0.0	92.0	1.0	0.0	197.0	20.0	0.0	0.0	0.0	3.0	0.0	1.0	8718.0	235.0	1252.0	0.0	717.0	252.0	0.0	2.0	879.0	0.0	0.0	1467.0	0.0	0.0	133.0	43.0	0.0	0.0	2.0	1.0	0.0	8217.0	0.0	0.0	0.0	2400.0	238.0	2135.0	3.0	0.0	34.0	44.0	1.0	624.0	0.0	0.0	13.0	0.0	0.0	21.0	0.0	0.0	0.0	0.0	3.0	0.0	0.0	1.0	153.0	0.0	0.0	1.0	5.0	0.0	3.0	1.0	0.0	0.0	24.0	0.0	0.0	0.0	0.0	0.0	0.0	0.0	0.0	0.0	0.0	0.0	0.0	0.0	0.0	0.0	0.0	0.0	0.0	0.0	0.0	0.0	0.0	1.0	17.0	0.0	0.0	426.0	0.0	0.0	0.0	0.0	0.0	0.0	0.0	0.0	0.0	0.0	0.0	0.0	2.0	0.0	0.0	0.0	0.0	0.0	0.0	0.0	1.0	1.0	0.0	5172.0	0.0	0.0	2.0	12.0	120.0	1.0	0.0	0.0	25.0	0.0	0.0	0.0	0.0	11.0	1.0	1.0	0.0	0.0	0.0	0.0	0.0	1.0	0.0	0.0	0.0	1.0	1.0	2.0	0.0	0.0	0.0	0.0	0.0	0.0	0.0	0.0	0.0	0.0	0.0	0.0	0.0	7.0	0.0	0.0	0.0	0.0	0.0	0.0	0.0	0.0	0.0	0.0	6.0	0.0	0.0
107A	0.0	0.0	0.0	0.0	1.0	0.0	0.0	0.0	0.0	0.0	0.0	0.0	0.0	0.0	0.0	0.0	1.0	0.0	1.0	0.0	7.0	1.0	0.0	0.0	0.0	0.0	0.0	14617.0	359.0	0.0	324.0	329.0	0.0	2.0	24.0	17.0	67.0	0.0	0.0	0.0	0.0	0.0	0.0	0.0	0.0	0.0	0.0	0.0	0.0	0.0	0.0	0.0	1.0	0.0	0.0	0.0	0.0	0.0	0.0	0.0	0.0	0.0	0.0	0.0	2.0	0.0	0.0	0.0	0.0	0.0	0.0	0.0	0.0	0.0	0.0	0.0	2.0	2.0	0.0	759.0	21.0	0.0	68.0	4.0	0.0	26.0	6.0	4.0	0.0	0.0	0.0	0.0	0.0	2588.0	48.0	97.0	0.0	127.0	96.0	0.0	0.0	569.0	1.0	0.0	689.0	0.0	1.0	70.0	57.0	0.0	0.0	0.0	0.0	0.0	4879.0	2.0	0.0	0.0	1065.0	436.0	369.0	0.0	0.0	0.0	0.0	6.0	756.0	0.0	0.0	2.0	0.0	0.0	42.0	0.0	0.0	0.0	0.0	0.0	0.0	0.0	0.0	140.0	1.0	0.0	3.0	8.0	0.0	261.0	0.0	0.0	0.0	0.0	0.0	0.0	0.0	0.0	0.0	0.0	0.0	0.0	0.0	0.0	0.0	0.0	0.0	0.0	1.0	0.0	0.0	0.0	0.0	0.0	0.0	0.0	1.0	12.0	0.0	0.0	97.0	0.0	0.0	0.0	0.0	0.0	0.0	0.0	0.0	0.0	0.0	0.0	202.0	1.0	0.0	1.0	0.0	0.0	0.0	0.0	0.0	2.0	2.0	0.0	20484.0	1.0	1.0	1.0	21.0	349.0	1.0	0.0	0.0	59.0	0.0	0.0	0.0	1.0	19.0	13.0	0.0	0.0	0.0	0.0	0.0	0.0	2.0	0.0	0.0	0.0	0.0	0.0	1.0	0.0	0.0	0.0	0.0	0.0	0.0	0.0	0.0	0.0	0.0	0.0	0.0	0.0	0.0	0.0	0.0	0.0	0.0	0.0	0.0	0.0	0.0	0.0	0.0	0.0	0.0	0.0
35A	1.0	0.0	0.0	0.0	1.0	0.0	0.0	1.0	0.0	0.0	0.0	0.0	0.0	0.0	0.0	0.0	2.0	0.0	0.0	2.0	0.0	0.0	4.0	0.0	0.0	0.0	0.0	1038.0	50.0	0.0	26047.0	54.0	2.0	22.0	27.0	11.0	9.0	0.0	0.0	0.0	0.0	0.0	0.0	0.0	0.0	0.0	0.0	0.0	0.0	0.0	0.0	0.0	0.0	0.0	0.0	0.0	0.0	0.0	0.0	0.0	1.0	0.0	0.0	0.0	0.0	2.0	6.0	0.0	0.0	0.0	0.0	0.0	0.0	0.0	0.0	0.0	4.0	0.0	0.0	889.0	6.0	0.0	54.0	0.0	0.0	42.0	11.0	0.0	0.0	0.0	0.0	0.0	0.0	2749.0	25.0	303.0	0.0	556.0	92.0	0.0	18.0	279.0	0.0	0.0	936.0	0.0	0.0	37.0	2.0	0.0	0.0	0.0	0.0	0.0	2954.0	0.0	0.0	0.0	1412.0	48.0	352.0	0.0	0.0	0.0	55.0	5.0	505.0	0.0	0.0	10.0	0.0	0.0	7.0	0.0	0.0	0.0	0.0	0.0	0.0	0.0	0.0	32.0	0.0	41.0	0.0	2.0	1.0	45.0	0.0	1.0	0.0	56.0	0.0	0.0	1.0	2.0	0.0	0.0	0.0	0.0	0.0	0.0	0.0	0.0	0.0	0.0	0.0	0.0	0.0	0.0	0.0	0.0	0.0	0.0	0.0	9.0	0.0	0.0	116.0	0.0	0.0	0.0	0.0	0.0	0.0	0.0	0.0	0.0	1.0	0.0	15.0	32.0	0.0	0.0	1.0	0.0	0.0	0.0	0.0	0.0	2.0	0.0	2507.0	1.0	18.0	14.0	314.0	150.0	26.0	0.0	0.0	1487.0	2.0	0.0	0.0	6.0	57.0	1.0	11.0	10.0	0.0	0.0	0.0	0.0	3.0	11.0	0.0	0.0	22.0	1.0	2.0	0.0	0.0	0.0	0.0	0.0	0.0	0.0	0.0	0.0	0.0	0.0	0.0	3.0	0.0	0.0	0.0	0.0	0.0	0.0	0.0	0.0	0.0	1.0	0.0	0.0	0.0	0.0
11A	0.0	0.0	0.0	0.0	8.0	0.0	0.0	1.0	1.0	0.0	0.0	0.0	6.0	0.0	0.0	0.0	18.0	0.0	0.0	4.0	3.0	0.0	28.0	1.0	0.0	0.0	1.0	5636.0	338.0	0.0	22623.0	23.0	0.0	352.0	0.0	10.0	21.0	34.0	0.0	262.0	0.0	0.0	0.0	0.0	0.0	0.0	0.0	0.0	0.0	0.0	0.0	0.0	0.0	0.0	0.0	0.0	0.0	0.0	0.0	0.0	2.0	1.0	0.0	0.0	4.0	0.0	0.0	0.0	0.0	0.0	551.0	0.0	0.0	2.0	0.0	3.0	733.0	0.0	0.0	891.0	5.0	0.0	23.0	0.0	0.0	87.0	0.0	0.0	0.0	0.0	0.0	0.0	0.0	4538.0	2.0	681.0	0.0	325.0	275.0	1.0	1.0	182.0	1.0	2.0	449.0	0.0	0.0	170.0	0.0	0.0	0.0	0.0	2.0	0.0	4340.0	0.0	0.0	0.0	1832.0	125.0	50.0	0.0	23.0	6.0	878.0	2108.0	1017.0	0.0	0.0	244.0	0.0	0.0	11.0	2.0	0.0	0.0	0.0	0.0	0.0	0.0	0.0	289.0	10.0	0.0	0.0	2.0	0.0	30.0	0.0	0.0	0.0	2.0	1.0	0.0	0.0	0.0	0.0	0.0	0.0	0.0	0.0	0.0	0.0	0.0	0.0	0.0	0.0	0.0	0.0	0.0	0.0	0.0	0.0	0.0	0.0	4.0	0.0	0.0	1193.0	0.0	0.0	0.0	0.0	5.0	1.0	0.0	0.0	0.0	0.0	0.0	41.0	77.0	0.0	0.0	0.0	10.0	0.0	0.0	0.0	0.0	1.0	0.0	145.0	0.0	1.0	0.0	29.0	2.0	6.0	0.0	0.0	187.0	0.0	0.0	0.0	4.0	0.0	0.0	0.0	0.0	0.0	0.0	0.0	0.0	4.0	0.0	0.0	2.0	7.0	0.0	0.0	0.0	0.0	0.0	0.0	0.0	0.0	0.0	0.0	0.0	0.0	0.0	0.0	0.0	0.0	0.0	0.0	0.0	0.0	0.0	0.0	0.0	0.0	0.0	0.0	0.0	0.0	0.0
10A	0.0	0.0	0.0	0.0	6.0	0.0	0.0	0.0	0.0	0.0	0.0	0.0	1.0	0.0	46.0	0.0	1079.0	0.0	0.0	3.0	7.0	0.0	16.0	2.0	0.0	0.0	0.0	14405.0	183.0	0.0	98.0	545.0	1.0	5.0	99.0	63.0	41.0	0.0	0.0	2.0	0.0	0.0	0.0	0.0	0.0	0.0	0.0	0.0	0.0	0.0	0.0	0.0	1.0	0.0	0.0	0.0	0.0	0.0	0.0	0.0	1.0	0.0	0.0	0.0	2.0	0.0	0.0	0.0	0.0	0.0	1630.0	0.0	0.0	0.0	0.0	0.0	566.0	0.0	0.0	5860.0	23.0	0.0	142.0	3.0	0.0	314.0	38.0	0.0	0.0	1.0	0.0	0.0	0.0	6553.0	74.0	1237.0	0.0	1593.0	128.0	0.0	473.0	889.0	0.0	1.0	1987.0	0.0	0.0	155.0	16.0	48.0	0.0	1.0	0.0	0.0	8190.0	0.0	0.0	0.0	3201.0	169.0	1458.0	0.0	0.0	229.0	3.0	3.0	252.0	0.0	0.0	57.0	0.0	0.0	8.0	0.0	1.0	0.0	1.0	0.0	0.0	1.0	1.0	162.0	0.0	0.0	0.0	2.0	0.0	1.0	0.0	0.0	0.0	15.0	0.0	0.0	0.0	0.0	0.0	0.0	0.0	0.0	0.0	0.0	0.0	0.0	0.0	0.0	0.0	0.0	0.0	0.0	0.0	0.0	0.0	0.0	0.0	1.0	0.0	0.0	201.0	0.0	0.0	1.0	0.0	0.0	9.0	0.0	1.0	0.0	0.0	0.0	6.0	0.0	0.0	0.0	0.0	0.0	0.0	0.0	0.0	0.0	0.0	0.0	59.0	0.0	0.0	0.0	2.0	2.0	0.0	0.0	2.0	2.0	0.0	0.0	0.0	0.0	0.0	0.0	0.0	0.0	0.0	0.0	0.0	0.0	2.0	1.0	0.0	0.0	161.0	0.0	0.0	0.0	0.0	0.0	0.0	0.0	0.0	0.0	0.0	0.0	0.0	0.0	0.0	0.0	0.0	0.0	0.0	0.0	0.0	0.0	0.0	0.0	0.0	14.0	0.0	63.0	0.0	0.0
109A	0.0	0.0	0.0	0.0	11.0	0.0	0.0	1.0	0.0	0.0	0.0	0.0	1.0	0.0	3.0	0.0	177.0	0.0	5.0	0.0	0.0	0.0	10.0	0.0	0.0	0.0	0.0	22380.0	189.0	0.0	2.0	252.0	0.0	0.0	1.0	37.0	10.0	0.0	0.0	1.0	1.0	0.0	0.0	0.0	0.0	0.0	0.0	0.0	0.0	0.0	1.0	0.0	1.0	0.0	0.0	0.0	0.0	1.0	0.0	0.0	1.0	1.0	0.0	0.0	1.0	0.0	0.0	0.0	0.0	0.0	180.0	1.0	1.0	11.0	0.0	7.0	616.0	1.0	0.0	699.0	0.0	0.0	104.0	2.0	0.0	99.0	21.0	0.0	0.0	0.0	0.0	0.0	0.0	6737.0	1.0	628.0	0.0	358.0	854.0	0.0	0.0	130.0	0.0	8.0	1728.0	0.0	1.0	202.0	0.0	0.0	0.0	3.0	0.0	1.0	3376.0	0.0	0.0	0.0	1369.0	73.0	10.0	6.0	0.0	97.0	1023.0	4.0	683.0	1.0	2.0	473.0	0.0	0.0	0.0	4.0	0.0	0.0	0.0	0.0	0.0	0.0	0.0	37.0	3.0	0.0	0.0	9.0	0.0	14.0	0.0	0.0	0.0	873.0	0.0	0.0	0.0	0.0	0.0	0.0	0.0	0.0	0.0	0.0	0.0	0.0	0.0	0.0	0.0	0.0	0.0	0.0	0.0	0.0	0.0	0.0	0.0	0.0	0.0	0.0	90.0	0.0	0.0	0.0	0.0	2.0	1.0	0.0	0.0	0.0	0.0	0.0	78.0	0.0	0.0	6.0	0.0	0.0	0.0	0.0	0.0	0.0	1.0	0.0	1072.0	0.0	43.0	6.0	33.0	35.0	12.0	0.0	6.0	650.0	0.0	0.0	0.0	5.0	6.0	1.0	3.0	1.0	1.0	0.0	0.0	0.0	2.0	27.0	2.0	4.0	292.0	0.0	3.0	0.0	0.0	0.0	0.0	0.0	0.0	0.0	0.0	0.0	0.0	2.0	0.0	0.0	0.0	0.0	0.0	0.0	0.0	0.0	0.0	0.0	0.0	0.0	0.0	7.0	0.0	0.0
31A	5.0	4.0	0.0	0.0	3.0	0.0	0.0	0.0	0.0	0.0	0.0	0.0	0.0	0.0	0.0	0.0	0.0	0.0	0.0	2.0	0.0	0.0	10.0	0.0	0.0	0.0	0.0	4364.0	35.0	0.0	17905.0	355.0	0.0	0.0	0.0	0.0	0.0	0.0	0.0	609.0	18.0	0.0	0.0	0.0	0.0	0.0	0.0	0.0	0.0	0.0	0.0	0.0	0.0	0.0	0.0	0.0	0.0	0.0	0.0	0.0	0.0	0.0	0.0	0.0	0.0	0.0	0.0	0.0	0.0	0.0	0.0	0.0	1.0	0.0	0.0	0.0	10.0	0.0	0.0	604.0	6.0	0.0	112.0	2.0	0.0	732.0	12.0	2.0	0.0	0.0	0.0	0.0	0.0	1813.0	48.0	216.0	0.0	977.0	136.0	0.0	0.0	941.0	0.0	0.0	418.0	0.0	0.0	66.0	1.0	0.0	0.0	0.0	2.0	0.0	4283.0	3.0	0.0	0.0	2193.0	210.0	306.0	0.0	0.0	69.0	438.0	1.0	194.0	0.0	0.0	13.0	0.0	0.0	5.0	1.0	0.0	0.0	0.0	0.0	0.0	0.0	0.0	29.0	2.0	0.0	0.0	0.0	0.0	0.0	1.0	0.0	0.0	0.0	0.0	0.0	0.0	0.0	0.0	0.0	0.0	0.0	0.0	0.0	0.0	0.0	0.0	0.0	0.0	0.0	0.0	0.0	0.0	0.0	0.0	0.0	1.0	3.0	0.0	0.0	211.0	0.0	0.0	0.0	0.0	0.0	0.0	0.0	0.0	0.0	0.0	0.0	78.0	41.0	0.0	0.0	0.0	0.0	0.0	0.0	0.0	0.0	1.0	0.0	97.0	0.0	0.0	0.0	0.0	0.0	0.0	0.0	0.0	1.0	0.0	0.0	0.0	0.0	0.0	0.0	0.0	0.0	0.0	0.0	0.0	0.0	0.0	0.0	1.0	2.0	6.0	0.0	1.0	0.0	0.0	0.0	0.0	0.0	0.0	0.0	0.0	0.0	0.0	0.0	0.0	0.0	5.0	0.0	1.0	0.0	0.0	0.0	0.0	0.0	0.0	41.0	0.0	1.0	0.0	0.0
29A	0.0	0.0	2.0	0.0	2.0	0.0	0.0	0.0	0.0	0.0	0.0	0.0	0.0	0.0	0.0	0.0	3.0	0.0	0.0	5.0	0.0	0.0	9.0	0.0	0.0	0.0	0.0	404.0	63.0	0.0	20304.0	24.0	0.0	225.0	1.0	18.0	11.0	10.0	0.0	83.0	5321.0	0.0	0.0	0.0	0.0	0.0	0.0	0.0	0.0	0.0	15.0	0.0	4.0	0.0	0.0	0.0	0.0	0.0	0.0	0.0	3.0	2.0	0.0	0.0	4.0	2.0	13.0	0.0	0.0	0.0	7.0	2.0	0.0	6.0	0.0	16.0	143.0	3.0	0.0	327.0	9.0	0.0	34.0	0.0	0.0	486.0	5.0	0.0	0.0	5.0	0.0	0.0	0.0	1037.0	49.0	93.0	0.0	222.0	49.0	0.0	0.0	18.0	0.0	2.0	487.0	0.0	0.0	42.0	6.0	0.0	0.0	0.0	0.0	0.0	3138.0	0.0	0.0	0.0	1751.0	132.0	113.0	5.0	0.0	644.0	58.0	4.0	32.0	0.0	1.0	79.0	0.0	0.0	14.0	2.0	2.0	0.0	0.0	0.0	0.0	0.0	0.0	18.0	4.0	89.0	0.0	0.0	0.0	87.0	0.0	0.0	0.0	5.0	0.0	0.0	91.0	0.0	0.0	0.0	0.0	0.0	0.0	0.0	0.0	0.0	0.0	0.0	0.0	0.0	0.0	0.0	1.0	0.0	0.0	0.0	0.0	3.0	0.0	0.0	305.0	0.0	1.0	8.0	0.0	3.0	0.0	2.0	0.0	1.0	0.0	28.0	16.0	74.0	0.0	3.0	1.0	0.0	107.0	0.0	0.0	0.0	1.0	1.0	372.0	0.0	1.0	3.0	23.0	13.0	10.0	0.0	0.0	588.0	0.0	0.0	0.0	2.0	1.0	0.0	1.0	0.0	0.0	0.0	0.0	0.0	3.0	4.0	0.0	21.0	27.0	0.0	0.0	0.0	0.0	0.0	0.0	0.0	0.0	0.0	0.0	0.0	0.0	0.0	0.0	0.0	1.0	1.0	0.0	0.0	0.0	0.0	0.0	0.0	0.0	19.0	0.0	0.0	0.0	0.0
101A	0.0	0.0	0.0	0.0	1.0	0.0	0.0	0.0	0.0	0.0	0.0	0.0	1.0	0.0	15.0	0.0	560.0	0.0	0.0	1.0	9.0	0.0	0.0	1.0	0.0	0.0	0.0	29727.0	943.0	0.0	156.0	892.0	26.0	0.0	0.0	221.0	85.0	0.0	0.0	0.0	18.0	0.0	0.0	0.0	0.0	0.0	0.0	0.0	0.0	0.0	0.0	0.0	90.0	0.0	0.0	0.0	0.0	0.0	0.0	0.0	0.0	0.0	0.0	0.0	2.0	0.0	0.0	0.0	0.0	0.0	5.0	0.0	0.0	3.0	0.0	0.0	19.0	0.0	0.0	1247.0	42.0	2.0	33.0	1.0	0.0	1263.0	4.0	1.0	0.0	0.0	0.0	0.0	7.0	4344.0	1.0	900.0	3.0	494.0	343.0	1.0	1.0	2257.0	0.0	1.0	2612.0	6.0	1.0	256.0	0.0	0.0	0.0	0.0	0.0	0.0	4662.0	24.0	6.0	0.0	1484.0	1137.0	691.0	0.0	0.0	160.0	0.0	0.0	2.0	0.0	0.0	5.0	0.0	0.0	17.0	0.0	0.0	0.0	0.0	0.0	0.0	0.0	0.0	341.0	0.0	0.0	0.0	18.0	0.0	18.0	0.0	0.0	0.0	41.0	0.0	0.0	0.0	0.0	0.0	0.0	0.0	0.0	0.0	0.0	0.0	0.0	0.0	0.0	5.0	0.0	0.0	0.0	0.0	0.0	0.0	0.0	4.0	1.0	0.0	0.0	2371.0	0.0	0.0	0.0	0.0	0.0	0.0	0.0	0.0	0.0	0.0	0.0	0.0	0.0	0.0	0.0	0.0	0.0	0.0	0.0	0.0	0.0	0.0	0.0	86.0	0.0	0.0	0.0	3.0	2.0	0.0	0.0	0.0	8.0	0.0	0.0	0.0	1.0	0.0	0.0	0.0	0.0	0.0	0.0	0.0	0.0	1.0	0.0	0.0	0.0	4.0	0.0	1.0	0.0	0.0	0.0	0.0	0.0	0.0	0.0	0.0	0.0	0.0	0.0	0.0	0.0	0.0	0.0	0.0	0.0	0.0	0.0	0.0	0.0	0.0	0.0	0.0	0.0	0.0	0.0
083A	0.0	0.0	0.0	0.0	0.0	0.0	0.0	0.0	0.0	0.0	0.0	0.0	0.0	0.0	1.0	0.0	331.0	0.0	0.0	0.0	0.0	0.0	0.0	0.0	0.0	0.0	0.0	25099.0	18.0	0.0	2.0	148.0	1.0	0.0	4.0	0.0	12.0	0.0	0.0	0.0	0.0	0.0	0.0	0.0	0.0	0.0	0.0	0.0	0.0	0.0	0.0	0.0	1.0	0.0	0.0	0.0	0.0	0.0	0.0	0.0	0.0	0.0	0.0	0.0	1.0	0.0	0.0	0.0	0.0	0.0	0.0	0.0	0.0	0.0	0.0	1.0	44.0	7.0	0.0	367.0	0.0	0.0	126.0	0.0	0.0	103.0	13.0	0.0	0.0	0.0	0.0	0.0	0.0	2743.0	14.0	614.0	0.0	154.0	28.0	1.0	483.0	203.0	0.0	1.0	1907.0	0.0	0.0	27.0	0.0	0.0	0.0	1.0	0.0	0.0	4511.0	1.0	0.0	0.0	4453.0	151.0	204.0	0.0	0.0	0.0	0.0	0.0	452.0	0.0	0.0	2.0	0.0	0.0	1.0	0.0	0.0	0.0	0.0	0.0	0.0	0.0	0.0	93.0	0.0	0.0	0.0	2.0	0.0	15.0	0.0	0.0	0.0	12.0	0.0	0.0	0.0	0.0	0.0	0.0	0.0	0.0	0.0	0.0	0.0	0.0	0.0	0.0	0.0	0.0	0.0	0.0	0.0	0.0	0.0	0.0	0.0	1.0	0.0	0.0	2104.0	0.0	0.0	0.0	0.0	0.0	0.0	0.0	0.0	0.0	0.0	0.0	59.0	0.0	0.0	0.0	0.0	0.0	0.0	0.0	0.0	0.0	0.0	0.0	52.0	0.0	0.0	0.0	1.0	1.0	0.0	0.0	0.0	20.0	0.0	0.0	0.0	0.0	0.0	0.0	0.0	0.0	0.0	0.0	0.0	0.0	1.0	1.0	1.0	2.0	178.0	0.0	0.0	0.0	0.0	0.0	0.0	0.0	0.0	0.0	0.0	0.0	0.0	0.0	0.0	0.0	1.0	0.0	0.0	0.0	0.0	0.0	0.0	0.0	0.0	0.0	0.0	0.0	0.0	0.0
13A	0.0	0.0	0.0	0.0	5.0	0.0	0.0	0.0	0.0	0.0	0.0	0.0	1.0	0.0	1.0	0.0	91.0	0.0	0.0	3.0	0.0	1.0	0.0	5.0	0.0	0.0	1.0	23492.0	322.0	0.0	109.0	666.0	0.0	0.0	0.0	28.0	0.0	0.0	0.0	0.0	6.0	0.0	0.0	0.0	0.0	0.0	0.0	0.0	0.0	0.0	0.0	0.0	0.0	0.0	0.0	0.0	0.0	0.0	0.0	0.0	2.0	0.0	0.0	0.0	1.0	0.0	6.0	0.0	0.0	0.0	2.0	0.0	0.0	0.0	0.0	0.0	117.0	12.0	0.0	903.0	0.0	0.0	314.0	33.0	0.0	135.0	55.0	10.0	0.0	0.0	0.0	1.0	0.0	5681.0	0.0	1497.0	0.0	360.0	1296.0	15.0	1.0	283.0	0.0	0.0	1095.0	0.0	0.0	197.0	0.0	0.0	0.0	4.0	1.0	0.0	8096.0	0.0	0.0	0.0	438.0	185.0	20.0	0.0	0.0	897.0	1.0	1.0	2.0	0.0	0.0	620.0	0.0	0.0	1.0	1.0	0.0	0.0	0.0	0.0	0.0	0.0	0.0	432.0	1.0	0.0	2.0	28.0	0.0	16.0	0.0	0.0	0.0	807.0	0.0	0.0	0.0	0.0	0.0	0.0	0.0	0.0	0.0	0.0	0.0	2.0	1.0	0.0	0.0	0.0	0.0	0.0	0.0	0.0	0.0	0.0	0.0	3.0	0.0	0.0	587.0	0.0	0.0	0.0	0.0	0.0	0.0	0.0	0.0	1.0	0.0	0.0	0.0	0.0	0.0	1.0	0.0	0.0	0.0	0.0	0.0	0.0	0.0	0.0	33.0	0.0	0.0	0.0	23.0	3.0	0.0	0.0	0.0	26.0	0.0	0.0	0.0	0.0	0.0	0.0	0.0	0.0	0.0	0.0	0.0	0.0	1.0	2.0	0.0	0.0	60.0	0.0	0.0	0.0	0.0	0.0	0.0	0.0	0.0	0.0	0.0	0.0	0.0	0.0	0.0	0.0	0.0	0.0	0.0	0.0	0.0	0.0	1.0	0.0	0.0	0.0	0.0	0.0	0.0	0.0
093A	0.0	0.0	0.0	1.0	3.0	0.0	0.0	0.0	0.0	0.0	0.0	0.0	0.0	0.0	0.0	0.0	11.0	0.0	0.0	1.0	0.0	1.0	0.0	6.0	0.0	0.0	0.0	16281.0	3609.0	0.0	3.0	560.0	0.0	0.0	1.0	17.0	0.0	0.0	0.0	0.0	0.0	0.0	0.0	0.0	0.0	0.0	0.0	0.0	0.0	0.0	1.0	0.0	1.0	0.0	0.0	0.0	0.0	0.0	0.0	0.0	0.0	0.0	0.0	0.0	0.0	0.0	0.0	0.0	0.0	0.0	0.0	0.0	0.0	1.0	0.0	0.0	20.0	0.0	0.0	483.0	1.0	0.0	2.0	0.0	0.0	148.0	0.0	0.0	0.0	0.0	0.0	0.0	2.0	8880.0	0.0	255.0	0.0	64.0	406.0	1.0	0.0	9.0	0.0	1.0	7.0	0.0	0.0	119.0	0.0	0.0	0.0	0.0	0.0	0.0	584.0	3.0	0.0	0.0	6.0	121.0	113.0	2.0	0.0	1.0	7851.0	2.0	3304.0	0.0	0.0	0.0	0.0	0.0	0.0	0.0	0.0	0.0	0.0	0.0	0.0	0.0	0.0	45.0	1.0	0.0	0.0	0.0	1.0	28.0	0.0	0.0	0.0	2279.0	0.0	0.0	0.0	0.0	0.0	0.0	0.0	88.0	0.0	0.0	0.0	0.0	0.0	0.0	0.0	0.0	0.0	0.0	0.0	0.0	0.0	0.0	0.0	19.0	0.0	0.0	4783.0	0.0	0.0	0.0	0.0	0.0	0.0	0.0	0.0	0.0	0.0	0.0	0.0	0.0	0.0	0.0	0.0	0.0	0.0	0.0	0.0	0.0	3.0	0.0	580.0	0.0	0.0	0.0	1.0	10.0	0.0	0.0	0.0	1.0	0.0	0.0	0.0	0.0	0.0	0.0	0.0	0.0	0.0	0.0	0.0	0.0	11.0	0.0	0.0	0.0	0.0	0.0	1.0	0.0	0.0	0.0	0.0	0.0	0.0	0.0	0.0	0.0	0.0	0.0	0.0	0.0	0.0	0.0	0.0	0.0	0.0	1.0	0.0	0.0	0.0	0.0	0.0	7.0	0.0	0.0
094A	0.0	0.0	0.0	0.0	2.0	0.0	0.0	0.0	0.0	0.0	0.0	0.0	0.0	0.0	2.0	0.0	404.0	0.0	0.0	0.0	0.0	0.0	0.0	1.0	0.0	0.0	0.0	29521.0	738.0	0.0	18.0	0.0	0.0	0.0	0.0	0.0	1.0	0.0	0.0	0.0	2.0	0.0	0.0	0.0	0.0	0.0	0.0	0.0	0.0	0.0	0.0	0.0	0.0	0.0	0.0	0.0	0.0	0.0	0.0	0.0	0.0	0.0	0.0	0.0	1.0	0.0	1.0	0.0	0.0	0.0	4.0	1.0	0.0	0.0	0.0	0.0	17.0	4.0	0.0	148.0	0.0	0.0	27.0	0.0	0.0	2.0	1.0	0.0	0.0	0.0	0.0	0.0	0.0	1503.0	0.0	132.0	0.0	49.0	20.0	0.0	0.0	109.0	0.0	2.0	0.0	0.0	0.0	7.0	0.0	0.0	0.0	0.0	0.0	0.0	133.0	2.0	0.0	0.0	2.0	182.0	9.0	0.0	0.0	0.0	5167.0	0.0	536.0	0.0	0.0	4.0	0.0	0.0	0.0	0.0	0.0	0.0	0.0	0.0	0.0	0.0	0.0	58.0	0.0	0.0	0.0	0.0	0.0	81.0	0.0	0.0	0.0	6.0	0.0	0.0	0.0	0.0	0.0	0.0	0.0	0.0	0.0	0.0	0.0	0.0	0.0	0.0	0.0	0.0	0.0	0.0	0.0	0.0	0.0	0.0	0.0	0.0	0.0	0.0	2622.0	0.0	0.0	0.0	0.0	1.0	0.0	0.0	0.0	0.0	0.0	0.0	0.0	0.0	0.0	0.0	0.0	0.0	0.0	0.0	0.0	0.0	0.0	0.0	79.0	0.0	2.0	0.0	2.0	2.0	0.0	0.0	0.0	69.0	0.0	0.0	0.0	0.0	3.0	0.0	0.0	0.0	0.0	0.0	0.0	0.0	2.0	1.0	0.0	0.0	21.0	0.0	0.0	0.0	0.0	0.0	0.0	0.0	0.0	0.0	0.0	0.0	0.0	0.0	0.0	0.0	0.0	0.0	0.0	0.0	0.0	0.0	0.0	0.0	0.0	0.0	0.0	0.0	0.0	0.0
085A	0.0	0.0	0.0	0.0	1.0	0.0	0.0	0.0	0.0	0.0	0.0	0.0	0.0	0.0	0.0	0.0	63.0	0.0	1.0	0.0	0.0	0.0	0.0	1.0	0.0	0.0	0.0	5031.0	29.0	0.0	44876.0	0.0	0.0	0.0	0.0	0.0	0.0	0.0	0.0	0.0	10.0	0.0	0.0	0.0	0.0	0.0	0.0	0.0	0.0	0.0	0.0	0.0	0.0	0.0	0.0	0.0	0.0	0.0	0.0	0.0	0.0	0.0	0.0	0.0	0.0	0.0	0.0	0.0	0.0	0.0	6.0	1.0	0.0	6.0	0.0	1.0	7.0	0.0	0.0	543.0	0.0	0.0	320.0	14.0	0.0	1706.0	5.0	13.0	0.0	0.0	0.0	0.0	33.0	4465.0	31.0	456.0	1.0	27.0	97.0	2.0	3.0	252.0	0.0	0.0	1936.0	0.0	0.0	41.0	0.0	0.0	0.0	0.0	0.0	0.0	7519.0	5.0	0.0	0.0	2445.0	205.0	131.0	7.0	46.0	172.0	22.0	3.0	1.0	0.0	0.0	173.0	0.0	0.0	4.0	0.0	1.0	0.0	0.0	1.0	0.0	1.0	0.0	19.0	2.0	0.0	12.0	0.0	0.0	10.0	0.0	0.0	0.0	0.0	0.0	0.0	0.0	0.0	0.0	1.0	0.0	0.0	0.0	0.0	0.0	0.0	0.0	0.0	0.0	0.0	0.0	0.0	0.0	0.0	0.0	0.0	2.0	0.0	0.0	0.0	607.0	0.0	0.0	0.0	0.0	0.0	0.0	0.0	0.0	1.0	0.0	0.0	103.0	0.0	0.0	0.0	0.0	0.0	0.0	0.0	0.0	0.0	1.0	0.0	267.0	0.0	1.0	1.0	6.0	7.0	6.0	0.0	0.0	481.0	14.0	1.0	0.0	1.0	1.0	0.0	0.0	0.0	0.0	0.0	0.0	0.0	2.0	0.0	0.0	0.0	2.0	0.0	0.0	0.0	0.0	0.0	0.0	0.0	0.0	0.0	0.0	0.0	0.0	0.0	0.0	0.0	13.0	0.0	0.0	0.0	0.0	0.0	0.0	0.0	0.0	0.0	0.0	1752.0	0.0	0.0
