ID	081A_reads	082A_reads	083A_reads	084A_reads	085A_reads	086A_reads	091A_reads	093A_reads	094A_reads	098A_reads	099A_reads	100A_reads	101A_reads	107A_reads	108A_reads	109A_reads	10A_reads	116A_reads	118A_reads	119A_reads	11A_reads	120A_reads	13A_reads	15A_reads	18A_reads	1A_reads	20A_reads	21A_reads	24A_reads	25A_reads	28A_reads	29A_reads	31A_reads	34A_reads	35A_reads	37A_reads	39A_reads	3A_reads	6A_reads	7A_reads
Methanobrevibacter	0.0	0.0	0.0	0.0	0.0	0.0	0.0	0.0	0.0	0.0	0.0	0.0	0.0	0.0	0.0	0.0	0.0	0.0	0.0	0.0	0.0	0.0	0.0	0.0	0.0	0.0	0.0	1567	0.0	0.0	0.0	0.0	60	0.0	732	8429	0.0	0.0	0.0	0.0
Actinomyces	0.0	0.0	0.0	0.0	0.0	0.0	0.0	0.0	0.0	0.0	0.0	0.0	0.0	0.0	0.0	0.0	0.0	0.0	0.0	0.0	160	0.0	0.0	0.0	0.0	21	0.0	0.0	0.0	0.0	0.0	0.0	0.0	0.0	0.0	54	342	0.0	0.0	394
Rothia	84	0.0	0.0	0.0	0.0	0.0	0.0	0.0	0.0	0.0	227	0.0	0.0	0.0	0.0	0.0	0.0	0.0	0.0	0.0	257	0.0	0.0	0.0	0.0	0.0	0.0	49	0.0	0.0	0.0	0.0	0.0	0.0	0.0	0.0	0.0	0.0	0.0	0.0
Alloscardovia	0.0	0.0	0.0	0.0	0.0	0.0	0.0	0.0	0.0	0.0	0.0	0.0	0.0	0.0	0.0	0.0	0.0	0.0	0.0	0.0	0.0	0.0	0.0	0.0	0.0	15	0.0	0.0	0.0	0.0	0.0	0.0	0.0	0.0	0.0	0.0	0.0	0.0	0.0	0.0
Bifidobacterium	0.0	0.0	23037	220	7512	2805	332	0.0	5889	2852	11061	4972	26108	0.0	486	13027	62945	4431	79	24581	904	2886	3265	13498	0.0	31652	81738	3165	2312	18795	163	0.0	0.0	172622	0.0	1540	115	1804	759	6148
Gardnerella	0.0	0.0	0.0	0.0	0.0	0.0	0.0	0.0	0.0	0.0	0.0	267	0.0	0.0	0.0	0.0	0.0	0.0	0.0	0.0	0.0	0.0	0.0	0.0	0.0	0.0	0.0	0.0	0.0	0.0	0.0	0.0	0.0	0.0	0.0	0.0	0.0	0.0	0.0	0.0
Scardovia	0.0	0.0	0.0	0.0	0.0	0.0	0.0	0.0	0.0	0.0	0.0	0.0	0.0	0.0	0.0	0.0	0.0	0.0	0.0	0.0	0.0	0.0	0.0	0.0	0.0	60	0.0	0.0	182	0.0	0.0	0.0	0.0	0.0	0.0	0.0	0.0	0.0	0.0	0.0
Adlercreutzia	0.0	9431	0.0	2557	0.0	0.0	0.0	0.0	0.0	241	0.0	4505	7493	2893	899	0.0	5446	0.0	0.0	0.0	1789	558	0.0	798	800	634	0.0	360	0.0	0.0	0.0	0.0	0.0	3153	808	0.0	709	4906	0.0	0.0
Atopobium	0.0	0.0	0.0	0.0	0.0	0.0	0.0	0.0	0.0	0.0	0.0	0.0	0.0	0.0	0.0	0.0	0.0	0.0	0.0	0.0	0.0	0.0	0.0	0.0	0.0	0.0	0.0	0.0	0.0	0.0	0.0	0.0	0.0	0.0	0.0	0.0	24	0.0	0.0	0.0
Collinsella	0.0	0.0	4211	1415	0.0	0.0	0.0	0.0	0.0	0.0	0.0	0.0	0.0	0.0	0.0	8017	6411	0.0	0.0	0.0	7130	4408	0.0	10630	7182	28106	8657	6857	943	0.0	763	3099	2468	0.0	894	4159	8469	23184	0.0	0.0
Eggerthella	1577	2398	0.0	779	2001	991	713	779	416	0.0	962	199	1889	0.0	292	148	297	8044	4269	2260	0.0	0.0	10730	0.0	463	0.0	168	0.0	0.0	5616	311	0.0	0.0	52	0.0	0.0	25	78	24472	6936
Gordonibacter	471	556	0.0	709	0.0	0.0	1548	0.0	0.0	0.0	0.0	0.0	922	0.0	0.0	0.0	504	0.0	0.0	0.0	0.0	0.0	1120	0.0	2614	0.0	0.0	0.0	107	0.0	0.0	0.0	0.0	170	0.0	0.0	0.0	0.0	0.0	771
Slackia	0.0	0.0	0.0	0.0	0.0	0.0	0.0	0.0	0.0	0.0	0.0	0.0	0.0	0.0	0.0	583	0.0	0.0	0.0	0.0	0.0	0.0	0.0	0.0	0.0	2147	0.0	0.0	0.0	0.0	0.0	0.0	0.0	0.0	0.0	0.0	0.0	0.0	0.0	0.0
Bacteroides	1375182	1547929	2715048	1711282	539689	2931809	1802442	3024936	2735110	1952939	2070494	996120	3640199	999944	1232928	1847653	967172	2187906	1888578	1868262	589632	2099153	2399334	1121134	2249093	160734	1899957	1894299	1135556	3433099	67568	44303	724713	1238657	293138	10547	1537163	148101	2203838	627678
Bacteroidales_noname	97454	0.0	1066	4824	0.0	0.0	0.0	0.0	0.0	5870	0.0	0.0	24376	0.0	0.0	0.0	6059	0.0	0.0	0.0	832	0.0	0.0	11651	6544	2956	0.0	17868	0.0	0.0	0.0	2026	0.0	0.0	6415	4357	0.0	16386	0.0	0.0
Barnesiella	0.0	14732	0.0	0.0	0.0	0.0	0.0	0.0	0.0	54412	0.0	0.0	0.0	13859	0.0	0.0	12308	0.0	0.0	0.0	0.0	22756	0.0	32978	78580	456	0.0	0.0	140865	0.0	0.0	0.0	0.0	0.0	8005	605	7150	119654	0.0	7964
Butyricimonas	0.0	0.0	0.0	0.0	0.0	0.0	0.0	0.0	0.0	646	0.0	0.0	0.0	0.0	0.0	0.0	0.0	1174	0.0	0.0	0.0	0.0	0.0	0.0	0.0	0.0	0.0	0.0	0.0	0.0	0.0	0.0	0.0	0.0	0.0	0.0	0.0	0.0	0.0	0.0
Coprobacter	0.0	0.0	0.0	1095	0.0	0.0	0.0	0.0	0.0	0.0	0.0	0.0	0.0	0.0	0.0	0.0	0.0	0.0	0.0	0.0	0.0	7457	0.0	0.0	445	0.0	0.0	0.0	849	0.0	0.0	0.0	0.0	0.0	0.0	0.0	0.0	0.0	0.0	0.0
Odoribacter	20255	40909	12829	31323	0.0	0.0	0.0	0.0	0.0	62021	0.0	0.0	14900	29056	0.0	13954	1842	0.0	39684	0.0	1712	75403	0.0	29029	45815	12183	0.0	122926	19924	0.0	674	567	0.0	0.0	12593	526	0.0	51782	0.0	0.0
Parabacteroides	111003	84456	72513	60048	111404	236210	0.0	650211	243124	80680	0.0	21239	148769	104115	55545	60718	32098	506928	81795	106729	106370	266485	65558	76985	66985	113735	184410	76869	239113	80724	11301	20955	44616	13633	22579	9925	142798	53396	122238	18482
Paraprevotella	0.0	75997	0.0	0.0	0.0	0.0	0.0	0.0	0.0	0.0	0.0	0.0	0.0	0.0	0.0	0.0	0.0	0.0	0.0	0.0	24499	0.0	0.0	0.0	248773	10161	254105	0.0	114616	0.0	1609	11346	44793	54014	0.0	0.0	25610	24575	0.0	35219
Prevotella	1034466	0.0	0.0	342	1817315	0.0	0.0	0.0	0.0	0.0	0.0	753043	294	0.0	0.0	207	27	0.0	0.0	0.0	1285305	0.0	239	24	0.0	1255389	365923	1372904	673	842	1384884	997094	1709356	590	642128	851656	656	1657746	0.0	0.0
Alistipes	1906	268336	142086	193865	0.0	0.0	62450	166982	0.0	319424	18774	129359	77000	210776	5362	260286	160078	12851	64286	368906	8686	408294	234778	155256	465931	75681	55764	243395	794551	33782	34972	13917	164231	8562	42297	18824	15728	159415	82767	14701
Candidatus_Saccharibacteria_noname	0.0	0.0	0.0	0.0	0.0	0.0	0.0	0.0	0.0	0.0	55	0.0	0.0	0.0	0.0	0.0	0.0	0.0	0.0	0.0	0.0	0.0	0.0	0.0	0.0	0.0	0.0	0.0	0.0	0.0	0.0	0.0	0.0	0.0	0.0	0.0	0.0	0.0	0.0	0.0
Candidatus_Saccharibacteria_noname_unclassified	0.0	0.0	0.0	0.0	0.0	123	0.0	0.0	0.0	0.0	144	0.0	0.0	0.0	0.0	0.0	0.0	0.0	0.0	0.0	0.0	0.0	0.0	0.0	0.0	0.0	0.0	0.0	0.0	0.0	0.0	97	25	0.0	0.0	0.0	0.0	0.0	0.0	0.0
Gemella	0.0	0.0	0.0	0.0	0.0	0.0	0.0	0.0	0.0	0.0	0.0	0.0	0.0	0.0	0.0	0.0	0.0	0.0	0.0	0.0	0.0	0.0	0.0	0.0	0.0	0.0	0.0	0.0	0.0	0.0	0.0	0.0	0.0	0.0	0.0	0.0	0.0	0.0	0.0	90
Staphylococcus	0.0	0.0	0.0	0.0	0.0	0.0	0.0	0.0	0.0	0.0	0.0	0.0	0.0	0.0	0.0	0.0	0.0	0.0	0.0	0.0	0.0	0.0	0.0	0.0	0.0	0.0	814	0.0	0.0	0.0	0.0	0.0	0.0	0.0	0.0	0.0	0.0	0.0	0.0	0.0
Granulicatella	0.0	0.0	149	0.0	0.0	428	0.0	0.0	0.0	0.0	329	0.0	0.0	0.0	0.0	0.0	0.0	0.0	0.0	0.0	0.0	0.0	76	0.0	0.0	412	76	0.0	0.0	144	0.0	894	0.0	67	0.0	0.0	208	0.0	0.0	521
Enterococcus	0.0	0.0	0.0	0.0	0.0	0.0	0.0	0.0	0.0	0.0	0.0	0.0	0.0	0.0	0.0	0.0	0.0	0.0	0.0	0.0	0.0	0.0	0.0	0.0	0.0	0.0	0.0	0.0	0.0	0.0	0.0	2420	0.0	0.0	933	5264	0.0	0.0	0.0	0.0
Lactobacillus	0.0	0.0	0.0	0.0	0.0	0.0	0.0	0.0	2634	0.0	0.0	288	0.0	0.0	0.0	24342	272270	0.0	0.0	0.0	46885	0.0	0.0	259	0.0	191082	0.0	0.0	0.0	0.0	0.0	370	0.0	902	0.0	27545	0.0	0.0	0.0	0.0
Leuconostoc	0.0	0.0	0.0	0.0	0.0	0.0	0.0	0.0	0.0	0.0	0.0	0.0	0.0	0.0	0.0	0.0	0.0	0.0	0.0	0.0	0.0	0.0	0.0	0.0	0.0	0.0	0.0	0.0	0.0	0.0	0.0	0.0	0.0	0.0	0.0	14182	0.0	0.0	0.0	0.0
Weissella	0.0	0.0	0.0	0.0	0.0	0.0	0.0	0.0	0.0	0.0	0.0	0.0	0.0	0.0	0.0	1798	0.0	0.0	0.0	0.0	0.0	0.0	0.0	0.0	0.0	0.0	363	0.0	0.0	0.0	0.0	514	0.0	0.0	0.0	2154	0.0	0.0	0.0	0.0
Lactococcus	0.0	0.0	0.0	0.0	0.0	0.0	0.0	0.0	0.0	0.0	0.0	0.0	0.0	0.0	0.0	0.0	0.0	0.0	0.0	0.0	0.0	0.0	0.0	0.0	0.0	0.0	140	0.0	160	0.0	0.0	543	0.0	0.0	0.0	5404	0.0	0.0	0.0	0.0
Streptococcus	5432	4102	8782	1136	144	3720	902	230	2023	284	526	708	2712	324	0.0	35076	96348	116	201	130	49226	0.0	6313	4767	938	142627	7560	519	4271	190	75	14765	332	3253	15	125239	3281	3313	0.0	121958
Butyricicoccus	0.0	0.0	0.0	0.0	0.0	0.0	0.0	0.0	0.0	0.0	0.0	0.0	0.0	0.0	0.0	0.0	0.0	0.0	513	0.0	0.0	0.0	0.0	0.0	0.0	0.0	0.0	0.0	0.0	0.0	0.0	0.0	0.0	0.0	0.0	0.0	0.0	0.0	0.0	0.0
Clostridiaceae_noname	0.0	0.0	0.0	0.0	0.0	0.0	0.0	0.0	371	0.0	0.0	0.0	0.0	118	0.0	0.0	0.0	0.0	0.0	0.0	0.0	0.0	0.0	30	0.0	0.0	0.0	0.0	0.0	175	0.0	0.0	0.0	0.0	0.0	0.0	0.0	0.0	0.0	0.0
Clostridium	3182	14554	11915	2244	34207	78606	2865	85382	27394	1378	76650	0.0	38271	815	53579	37240	0.0	386221	33673	16053	154	2866	258852	0.0	3365	28065	42140	884	925	42339	294	753	2482	0.0	0.0	0.0	64659	67	3593	332
Clostridiales_Family_XIII_Incertae_Sedis_unclassified	0.0	0.0	0.0	0.0	0.0	120	0.0	0.0	0.0	0.0	119	0.0	116	0.0	0.0	0.0	0.0	0.0	0.0	0.0	0.0	0.0	0.0	0.0	0.0	0.0	0.0	0.0	0.0	0.0	0.0	0.0	0.0	0.0	0.0	0.0	463	0.0	0.0	529
Parvimonas	0.0	0.0	0.0	349	0.0	0.0	0.0	0.0	0.0	0.0	0.0	0.0	0.0	0.0	0.0	0.0	0.0	0.0	0.0	0.0	0.0	14	0.0	0.0	0.0	0.0	0.0	0.0	0.0	165	0.0	0.0	0.0	0.0	0.0	0.0	0.0	0.0	0.0	0.0
Clostridiales_noname	0.0	238	0.0	0.0	0.0	2340	0.0	649	1409	0.0	272	0.0	120	0.0	0.0	0.0	0.0	6864	119	208	0.0	60	1588	0.0	89	0.0	1668	0.0	0.0	0.0	0.0	0.0	0.0	0.0	0.0	0.0	0.0	0.0	0.0	0.0
Flavonifractor	43	0.0	709	0.0	998	1184	0.0	2114	3068	0.0	0.0	972	3652	204	42	358	0.0	0.0	5536	41	0.0	0.0	3217	0.0	182	0.0	1133	0.0	0.0	2377	0.0	0.0	735	0.0	0.0	0.0	625	0.0	414	0.0
Eubacterium	191017	19268	207	1022257	5876	483932	125855	306	518	291359	593061	115552	3299	11871	34321	139139	485385	734	1449112	80559	189048	244863	99862	589119	14565	94570	11598	269925	43794	101614	74728	17284	59159	36626	130228	227383	251924	439606	228373	255216
Anaerostipes	328	233	353	35	903	667	200	219	0.0	380	596	199	920	0.0	0.0	0.0	3546	836	267	719	0.0	66	504	0.0	0.0	0.0	234	1498	0.0	900	463	0.0	0.0	388	0.0	0.0	3763	65	35	5440
Blautia	10023	12595	22685	32151	16102	32740	12121	47962	53821	5989	250978	93944	42365	6607	11649	36710	52648	174032	20339	108665	88839	13024	127173	14517	18928	28295	58978	16983	3880	205741	22457	5103	34521	14398	9960	16610	172658	15161	77430	120024
Coprococcus	56431	5980	7760	27234	0.0	0.0	2546	0.0	0.0	166656	0.0	75713	0.0	1111	3403	15262	165640	0.0	7537	1271	25645	4184	0.0	13629	17518	33456	0.0	42522	5554	0.0	57352	32576	9987	7323	111135	7781	2848	8214	15435	0.0
Dorea	3260	26868	4500	15118	0.0	14375	4120	0.0	703	5030	1874	16851	7665	1515	2538	41082	30079	3737	12045	6427	25165	2696	0.0	20260	5366	29017	51514	28532	5252	10096	8492	5561	1067	6018	2833	20995	23814	33156	29240	37575
Lachnospiraceae_noname	35513	8253	9089	101911	702	3005	26365	1465	2526	4419	42046	17421	19342	1689	11310	62810	29595	67662	27671	6798	10468	2394	12769	4670	2178	8977	14996	18446	586	143596	3780	0.0	16573	9277	3282	2273	70934	3856	11446	7712
Roseburia	170875	167266	396065	135655	58675	362572	212612	0.0	0.0	84566	86644	27438	448103	159139	29790	423494	127256	0.0	155602	14322	70473	59646	174935	185713	59746	49106	246272	126305	29652	230777	18956	103528	98660	168141	89843	28660	394125	4923	451049	821602
Oscillibacter	9214	4290	4815	14898	29962	0.0	3188	7279	0.0	3633	2998	3770	26416	5049	5855	0.0	1437	0.0	77131	7549	1576	29948	8338	2863	4632	725	0.0	8280	3983	14926	3724	33	9312	446	135	0.0	908	6726	7889	100
Peptostreptococcaceae_noname	1329	2096	2629	0.0	865	10517	0.0	0.0	1315	0.0	0.0	0.0	87	1315	1315	3843	6573	442	0.0	3102	0.0	0.0	3944	1062	0.0	1315	1327	1340	274	7888	2629	1315	1315	0.0	0.0	0.0	21034	0.0	3944	2610
Anaerotruncus	0.0	40	0.0	0.0	0.0	0.0	0.0	927	0.0	0.0	0.0	0.0	1304	0.0	959	0.0	0.0	0.0	0.0	10755	0.0	0.0	0.0	0.0	0.0	0.0	0.0	382	236	0.0	0.0	0.0	0.0	0.0	0.0	0.0	0.0	0.0	0.0	0.0
Faecalibacterium	246965	185966	315364	246250	151781	144093	163926	0.0	0.0	292757	117748	220453	151679	99912	103788	307987	503327	0.0	47602	103026	208519	514769	206682	213884	117565	229902	52425	179638	384610	125668	88828	116297	134557	683800	178003	318913	75630	102017	280756	532048
Ruminococcaceae_noname	0.0	0.0	0.0	0.0	0.0	0.0	0.0	0.0	0.0	0.0	0.0	0.0	0.0	4066	0.0	0.0	0.0	0.0	0.0	0.0	0.0	0.0	0.0	0.0	0.0	0.0	0.0	0.0	0.0	0.0	0.0	0.0	1001	0.0	0.0	0.0	0.0	0.0	0.0	0.0
Ruminococcus	8757	49432	47390	390296	17927	0.0	10296	4076	0.0	4464	196653	37079	81207	66085	32968	0.0	174817	0.0	178322	59857	28702	20222	0.0	10524	104511	152866	0.0	58790	1344	0.0	6074	10815	13548	479714	27641	13972	79026	23529	12312	699652
Subdoligranulum	70546	2613	5226	30981	20903	373	26875	67187	1866	24635	6345	297116	16797	24635	25009	8585	30234	373	11944	85850	33967	21649	0.0	23142	7465	10825	3359	7465	38073	14930	8585	26502	10078	11198	12691	48524	21649	64948	10078	39566
Catenibacterium	0.0	0.0	0.0	0.0	0.0	0.0	0.0	0.0	0.0	0.0	0.0	0.0	0.0	0.0	3365	0.0	0.0	0.0	0.0	0.0	0.0	0.0	0.0	0.0	0.0	0.0	0.0	0.0	0.0	0.0	0.0	3463	0.0	0.0	1455	6657	0.0	0.0	0.0	0.0
Coprobacillus	0.0	0.0	0.0	0.0	139	56	0.0	2019	2197	0.0	5464	0.0	0.0	0.0	0.0	2681	0.0	7335	0.0	0.0	0.0	0.0	1204	0.0	0.0	0.0	7345	0.0	0.0	271	0.0	0.0	0.0	0.0	0.0	0.0	0.0	0.0	0.0	5682
Eggerthia	0.0	0.0	0.0	0.0	0.0	0.0	0.0	0.0	0.0	0.0	196	0.0	0.0	0.0	0.0	0.0	0.0	0.0	0.0	0.0	0.0	0.0	0.0	0.0	0.0	0.0	0.0	0.0	0.0	0.0	0.0	0.0	0.0	0.0	0.0	0.0	0.0	0.0	0.0	0.0
Erysipelotrichaceae_noname	0.0	0.0	2131	0.0	0.0	0.0	0.0	47	1113	0.0	1604	0.0	0.0	9185	0.0	485	0.0	2340	5246	0.0	0.0	144	0.0	0.0	0.0	0.0	3639	0.0	0.0	3529	14721	12849	0.0	0.0	2586	15446	106	38138	0.0	1548
Holdemania	182	5475	239	585	0.0	0.0	350	0.0	0.0	212	5880	809	3422	539	0.0	3087	0.0	0.0	2125	0.0	0.0	4318	3894	222	916	72	0.0	1513	0.0	618	600	0.0	0.0	0.0	0.0	0.0	0.0	359	629	1207
Solobacterium	0.0	0.0	0.0	0.0	0.0	0.0	0.0	0.0	0.0	0.0	95	0.0	0.0	0.0	0.0	0.0	0.0	0.0	0.0	0.0	0.0	0.0	0.0	0.0	0.0	49	0.0	0.0	0.0	0.0	0.0	33	0.0	0.0	0.0	0.0	649	0.0	0.0	1083
Acidaminococcus	0.0	0.0	0.0	0.0	0.0	0.0	0.0	0.0	0.0	0.0	0.0	0.0	0.0	0.0	0.0	0.0	0.0	0.0	0.0	0.0	1384	0.0	0.0	0.0	0.0	0.0	0.0	0.0	0.0	0.0	0.0	0.0	0.0	0.0	0.0	0.0	0.0	0.0	0.0	0.0
Phascolarctobacterium	0.0	0.0	0.0	0.0	0.0	0.0	0.0	0.0	0.0	0.0	0.0	0.0	0.0	34147	0.0	0.0	0.0	0.0	0.0	0.0	60216	0.0	0.0	68524	0.0	0.0	0.0	0.0	0.0	0.0	97962	0.0	0.0	0.0	72634	97212	0.0	0.0	0.0	0.0
Anaeroglobus	0.0	0.0	0.0	0.0	0.0	0.0	0.0	0.0	0.0	0.0	7679	0.0	0.0	0.0	0.0	0.0	0.0	0.0	0.0	0.0	0.0	0.0	0.0	0.0	0.0	0.0	632	0.0	0.0	0.0	0.0	0.0	0.0	0.0	0.0	0.0	0.0	0.0	0.0	0.0
Dialister	88266	75448	0.0	2167	0.0	750	58158	0.0	0.0	4119	110667	104189	0.0	0.0	0.0	390	23552	0.0	0.0	0.0	0.0	0.0	57916	0.0	0.0	43980	0.0	0.0	22566	0.0	0.0	88703	0.0	12101	0.0	0.0	0.0	0.0	0.0	0.0
Megamonas	0.0	0.0	0.0	0.0	0.0	0.0	0.0	454543	612481	0.0	0.0	0.0	0.0	0.0	0.0	122897	0.0	0.0	0.0	0.0	78059	0.0	0.0	56548	17183	56412	96468	12979	236728	0.0	0.0	4891	42471	0.0	11865	0.0	0.0	68888	25010	0.0
Megasphaera	0.0	0.0	0.0	0.0	7226	0.0	0.0	0.0	0.0	0.0	18909	0.0	0.0	0.0	0.0	2125	0.0	0.0	0.0	0.0	27694	0.0	0.0	0.0	0.0	0.0	0.0	0.0	14118	0.0	0.0	0.0	0.0	0.0	0.0	1372	39	0.0	0.0	0.0
Mitsuokella	0.0	0.0	0.0	0.0	0.0	0.0	0.0	0.0	0.0	0.0	0.0	0.0	0.0	0.0	0.0	0.0	0.0	0.0	0.0	0.0	0.0	0.0	0.0	0.0	0.0	0.0	0.0	0.0	0.0	0.0	0.0	0.0	0.0	0.0	0.0	2014	0.0	0.0	0.0	0.0
Veillonella	2428	16427	0.0	149	994	12496	0.0	0.0	17	164	250	0.0	0.0	0.0	0.0	39817	10179	0.0	0.0	0.0	10308	33	25598	2494	17	4279	2486	1761	3439	0.0	689	4913	221	528	333	13879	2932	1816	0.0	3356
Fusobacterium	0.0	0.0	3777	0.0	0.0	0.0	0.0	17207	967	0.0	350994	21326	775	0.0	0.0	0.0	0.0	2095	0.0	0.0	0.0	6478	17624	0.0	2923	0.0	104	0.0	0.0	0.0	0.0	0.0	0.0	0.0	2846	0.0	0.0	0.0	0.0	0.0
Leptotrichia	0.0	0.0	0.0	0.0	0.0	0.0	0.0	0.0	0.0	0.0	0.0	0.0	0.0	0.0	0.0	0.0	0.0	0.0	0.0	0.0	0.0	0.0	0.0	0.0	0.0	0.0	0.0	0.0	0.0	0.0	0.0	0.0	0.0	0.0	0.0	165	0.0	0.0	0.0	0.0
Leptotrichiaceae_unclassified	0.0	0.0	0.0	0.0	0.0	0.0	0.0	0.0	0.0	0.0	0.0	0.0	0.0	0.0	0.0	0.0	0.0	0.0	0.0	0.0	0.0	0.0	0.0	0.0	0.0	0.0	0.0	0.0	0.0	0.0	0.0	0.0	0.0	0.0	0.0	342	0.0	0.0	0.0	0.0
Burkholderiales_noname	5681	7413	19080	2592	2778	355	0.0	5454	6420	13186	0.0	34481	14286	0.0	0.0	0.0	926	0.0	0.0	0.0	0.0	3805	0.0	2914	5749	0.0	0.0	2362	1970	4864	839	0.0	0.0	0.0	0.0	0.0	0.0	0.0	3353	0.0
Oxalobacter	0.0	0.0	0.0	0.0	0.0	0.0	832	0.0	0.0	0.0	0.0	0.0	0.0	0.0	0.0	0.0	0.0	0.0	0.0	0.0	0.0	0.0	0.0	512	0.0	0.0	0.0	632	2300	0.0	0.0	0.0	0.0	0.0	0.0	0.0	0.0	0.0	0.0	0.0
Parasutterella	12897	21129	6998	878	8424	6200	0.0	2273	3017	4415	0.0	17797	4786	1767	160	0.0	2065	0.0	0.0	0.0	0.0	6921	0.0	0.0	4497	0.0	0.0	1043	1185	15521	3597	0.0	0.0	163	0.0	0.0	0.0	0.0	2609	0.0
Sutterella	0.0	0.0	0.0	0.0	0.0	0.0	0.0	0.0	0.0	0.0	0.0	0.0	0.0	0.0	0.0	135439	7921	0.0	0.0	0.0	0.0	0.0	0.0	0.0	0.0	6738	0.0	87309	0.0	0.0	0.0	0.0	0.0	0.0	0.0	105	0.0	7730	0.0	0.0
Sutterellaceae_unclassified	0.0	0.0	0.0	0.0	0.0	0.0	0.0	0.0	0.0	0.0	0.0	0.0	0.0	0.0	0.0	0.0	0.0	0.0	0.0	2583	35449	0.0	15958	5559	0.0	3860	546	0.0	5121	0.0	0.0	8077	0.0	0.0	2867	3444	49366	0.0	0.0	0.0
Bilophila	0.0	0.0	10743	0.0	10827	0.0	0.0	0.0	0.0	12890	0.0	10687	0.0	32328	14451	20794	398	33417	0.0	18318	6858	26762	0.0	9729	78233	1248	82739	9393	20778	9807	4335	3485	9931	0.0	2464	0.0	803	1051	25590	991
Desulfovibrio	0.0	0.0	0.0	0.0	0.0	0.0	0.0	0.0	0.0	0.0	0.0	0.0	0.0	0.0	0.0	0.0	0.0	0.0	0.0	0.0	2598	0.0	0.0	0.0	0.0	4216	0.0	0.0	0.0	0.0	0.0	0.0	0.0	0.0	1353	1242	58	0.0	0.0	0.0
Aeromonas	0.0	0.0	0.0	0.0	0.0	0.0	0.0	0.0	0.0	0.0	0.0	0.0	0.0	0.0	0.0	0.0	0.0	0.0	0.0	0.0	0.0	153	0.0	0.0	0.0	0.0	0.0	0.0	0.0	0.0	0.0	0.0	0.0	0.0	0.0	0.0	0.0	0.0	0.0	0.0
Succinatimonas	0.0	0.0	0.0	0.0	0.0	0.0	0.0	0.0	0.0	0.0	0.0	0.0	0.0	0.0	0.0	0.0	0.0	0.0	0.0	0.0	192	0.0	0.0	0.0	0.0	0.0	0.0	0.0	0.0	0.0	0.0	0.0	0.0	0.0	0.0	0.0	595	0.0	0.0	0.0
Citrobacter	0.0	0.0	0.0	0.0	577	0.0	0.0	0.0	10749	0.0	0.0	0.0	0.0	0.0	0.0	97902	0.0	0.0	0.0	0.0	0.0	0.0	0.0	0.0	0.0	0.0	0.0	0.0	0.0	0.0	0.0	0.0	0.0	0.0	0.0	0.0	0.0	0.0	0.0	0.0
Cronobacter	0.0	0.0	0.0	0.0	0.0	0.0	0.0	0.0	0.0	0.0	0.0	0.0	0.0	0.0	0.0	0.0	0.0	0.0	0.0	0.0	0.0	0.0	0.0	0.0	0.0	0.0	0.0	0.0	0.0	0.0	0.0	0.0	0.0	0.0	16792	3453	0.0	0.0	0.0	0.0
Enterobacter	0.0	0.0	312	776	0.0	0.0	0.0	0.0	6672	5060	0.0	0.0	0.0	0.0	0.0	96005	0.0	0.0	0.0	0.0	14362	3068	0.0	5375	0.0	2762	0.0	573	1768	0.0	0.0	8350	0.0	0.0	61692	98165	0.0	0.0	0.0	0.0
Escherichia	20772	5755	18113	733226	13990	34976	5087	24165	15262	36884	64229	12083	9588	2127167	2439425	26709	16534	38156	23529	1851190	6359	29889	5087	56598	0.0	10041	61929	4452	2544	45151	766	34976	20986	35612	185838	83943	20350	3180	51510	10811
Klebsiella	0.0	821	16448	4924	50061	49980	0.0	0.0	23861	950	821	0.0	0.0	16778	0.0	59166	821	0.0	0.0	46550	38682	2885	7209	45622	0.0	47289	6322	3930	4278	867	0.0	154292	0.0	882	186358	201904	0.0	4218	0.0	883
Morganella	0.0	0.0	0.0	0.0	0.0	0.0	0.0	0.0	0.0	0.0	0.0	0.0	0.0	0.0	0.0	1380	0.0	0.0	0.0	0.0	0.0	0.0	0.0	0.0	0.0	91542	0.0	0.0	0.0	0.0	0.0	0.0	0.0	0.0	0.0	0.0	0.0	0.0	0.0	0.0
Plesiomonas	0.0	0.0	0.0	0.0	380	0.0	0.0	0.0	0.0	0.0	0.0	0.0	0.0	0.0	0.0	0.0	0.0	0.0	0.0	311	0.0	0.0	0.0	0.0	0.0	0.0	0.0	0.0	0.0	0.0	0.0	0.0	0.0	0.0	0.0	0.0	0.0	0.0	0.0	0.0
Salmonella	0.0	0.0	0.0	0.0	0.0	0.0	0.0	0.0	0.0	0.0	0.0	0.0	0.0	0.0	0.0	0.0	0.0	0.0	0.0	0.0	0.0	0.0	0.0	0.0	0.0	0.0	0.0	0.0	0.0	0.0	0.0	0.0	0.0	0.0	0.0	0.0	0.0	0.0	318	0.0
Shigella	0.0	0.0	0.0	0.0	0.0	0.0	0.0	0.0	0.0	3350	0.0	0.0	0.0	0.0	0.0	0.0	0.0	0.0	0.0	0.0	0.0	1042	0.0	0.0	0.0	0.0	0.0	0.0	0.0	0.0	0.0	0.0	0.0	0.0	0.0	0.0	0.0	0.0	0.0	0.0
Actinobacillus	0.0	0.0	0.0	0.0	0.0	0.0	0.0	0.0	0.0	0.0	0.0	0.0	0.0	0.0	0.0	0.0	0.0	0.0	0.0	0.0	0.0	0.0	0.0	0.0	0.0	0.0	0.0	0.0	0.0	0.0	0.0	0.0	0.0	768	0.0	0.0	0.0	0.0	0.0	0.0
Haemophilus	609	127	34648	0.0	0.0	12937	0.0	0.0	2078	811	4409	0.0	0.0	0.0	0.0	13996	19091	0.0	0.0	0.0	256	1122	2558	13681	0.0	6758	874	1943	150	919	695	1856	0.0	5596	776	14651	0.0	0.0	0.0	2501
Borrelia	3268	2652	0.0	0.0	0.0	0.0	1169	0.0	0.0	1199	2403	0.0	0.0	0.0	0.0	0.0	0.0	2144	3955	4466	0.0	2854	0.0	0.0	0.0	0.0	0.0	0.0	0.0	0.0	0.0	0.0	0.0	0.0	0.0	0.0	0.0	0.0	0.0	0.0
Pyramidobacter	28	0.0	0.0	0.0	954	0.0	0.0	0.0	0.0	0.0	303	0.0	0.0	0.0	590	0.0	0.0	0.0	0.0	0.0	0.0	0.0	0.0	0.0	0.0	189	0.0	0.0	0.0	0.0	0.0	0.0	0.0	0.0	0.0	0.0	0.0	0.0	0.0	0.0
Akkermansia	0.0	602	0.0	0.0	16754	0.0	2447	0.0	0.0	22468	0.0	0.0	0.0	0.0	0.0	0.0	4321	0.0	0.0	0.0	0.0	0.0	0.0	0.0	4982	1156	0.0	0.0	137644	0.0	0.0	0.0	0.0	0.0	0.0	0.0	0.0	0.0	0.0	0.0
Saccharomycetaceae_unclassified	0.0	0.0	0.0	0.0	0.0	0.0	0.0	0.0	0.0	0.0	0.0	0.0	0.0	0.0	0.0	0.0	0.0	0.0	0.0	4559	0.0	0.0	0.0	0.0	0.0	0.0	0.0	0.0	0.0	0.0	0.0	0.0	0.0	0.0	0.0	0.0	0.0	0.0	0.0	0.0
Myoviridae_noname	0.0	0.0	0.0	0.0	0.0	0.0	0.0	0.0	0.0	0.0	0.0	0.0	0.0	0.0	0.0	0.0	0.0	0.0	0.0	0.0	0.0	0.0	0.0	0.0	0.0	0.0	0.0	0.0	0.0	0.0	0.0	0.0	0.0	7229	0.0	0.0	0.0	0.0	0.0	768
Ahjdlikevirus	0.0	0.0	0.0	0.0	0.0	0.0	0.0	0.0	0.0	0.0	0.0	0.0	0.0	0.0	0.0	0.0	0.0	0.0	0.0	0.0	9	0.0	0.0	0.0	0.0	0.0	0.0	0.0	0.0	4	0.0	0.0	0.0	0.0	0.0	0.0	0.0	0.0	0.0	0.0
P22likevirus	0.0	0.0	0.0	0.0	0.0	0.0	0.0	0.0	0.0	0.0	0.0	0.0	0.0	0.0	0.0	0.0	0.0	0.0	0.0	0.0	0.0	0.0	0.0	0.0	0.0	0.0	0.0	0.0	0.0	0.0	0.0	41	0.0	0.0	0.0	0.0	0.0	0.0	0.0	0.0
Gammaretrovirus	0.0	0.0	0.0	0.0	0.0	0.0	0.0	1	0.0	0.0	0.0	0.0	0.0	0.0	0.0	2	0.0	0.0	0.0	0.0	0.0	0.0	0.0	0.0	0.0	0.0	0.0	0.0	0.0	0.0	0.0	0.0	1	0.0	0.0	0.0	0.0	0.0	0.0	0.0
Tobamovirus	0.0	0.0	0.0	0.0	0.0	0.0	0.0	0.0	0.0	0.0	0.0	0.0	0.0	0.0	0.0	0.0	0.0	0.0	0.0	0.0	0.0	0.0	0.0	0.0	0.0	0.0	0.0	0.0	0.0	0.0	0.0	0.0	0.0	0.0	0.0	0.0	0.0	8	0.0	8
Viruses_noname	0.0	0.0	0.0	0.0	0.0	0.0	0.0	0.0	0.0	0.0	0.0	0.0	0.0	0.0	0.0	0.0	0.0	0.0	0.0	0.0	25734	0.0	0.0	0.0	0.0	0.0	0.0	0.0	0.0	0.0	0.0	0.0	0.0	0.0	0.0	0.0	0.0	0.0	0.0	0.0
