Sample,ruralurban,Acidimicrobiia,Acidithiobacillia,Acidobacteriia,Actinobacteria,Alphaproteobacteria,Anaerolineae,Aquificae,Archaeoglobi,Ardenticatenia,Bacilli,Bacteroidia,Betaproteobacteria,Blastocatellia,Caldilineae,Calditrichae,Candidatus.Brocadiae,Chitinophagia,Chlamydiia,Chlorobia,Chloroflexia,Chrysiogenetes,Chthonomonadetes,Clostridia,Coprothermobacteria,Coriobacteriia,Cytophagia,Deferribacteres,Dehalococcoidia,Deinococci,Deltaproteobacteria,Dictyoglomia,Elusimicrobia,Endomicrobia,Epsilonproteobacteria,Erysipelotrichia,Fibrobacteria,Fimbriimonadia,Flavobacteriia,Fusobacteriia,Gammaproteobacteria,Gemmatimonadetes,Gloeobacteria,Halobacteria,Hydrogenophilalia,Ignavibacteria,Kiritimatiellae,Ktedonobacteria,Lentisphaeria,Limnochordia,Methanobacteria,Methanococci,Methanomicrobia,Methanopyri,Methylacidiphilae,Mollicutes,Negativicutes,Nitriliruptoria,Nitrososphaeria,Nitrospira,Oligoflexia,Opitutae,Phycisphaerae,Planctomycetia,Rubrobacteria,Saprospiria,Spartobacteria,Sphingobacteriia,Spirochaetia,Synergistia,Tepidiformia,Thermococci,Thermodesulfobacteria,Thermoleophilia,Thermomicrobia,Thermoplasmata,Thermoprotei,Thermotogae,Tissierellia,Verrucomicrobiae,Vicinamibacteria,Zetaproteobacteria
081A,urban,1.20489171170891,1.27818666111695,1.9736703697268,3.80015138256678,3.54271034999842,1.53152579136761,1.60731059487824,0.979802917597954,0.922564090497416,4.11127808962367,5.73745356539275,3.52328245860655,0.684017539398325,0.734010052444762,0.734010052444762,0.627512494741728,2.55227081692702,1.43498592244504,2.10722759198511,1.2503348568521,1.00582136813579,1.01826848402272,5.58383155922145,0.627512494741728,3.4309263477049,3.06289537929994,1.86448454725703,1.47961686310054,2.30018527664859,2.99288174606771,0.979802917597954,0.596240304301299,0.966184806631884,2.81026272997729,3.8507552264062,1.43025981586764,0.838440566196938,3.36836504966264,2.59819355704665,4.31513900560149,1.22820739096411,1.50434770007851,2.14088134059548,0.734010052444762,1.32300326240475,0.966184806631884,0.922564090497416,1.44886327755433,1.2503348568521,1.69048073070609,1.70079739362935,2.08884821800649,0.922564090497416,0.906992719365384,2.65922556880423,3.3174343577225,1.30435943466875,0.778837299453413,1.5676194512565,1.69566969548103,1.81254311591226,1.77768141400429,2.2448771585354,1.63486618991279,1.35240097222192,0,2.78075761408654,3.30410773691993,1.7964855603134,1.00582136813579,1.70079739362935,1.52774579520401,1.10676951293815,1.21280350458869,1.50434770007851,1.74209887829106,2.0563740935779,2.38283675925384,2.33111366477921,1.03036877588988,1.15413180134567
082A,urban,0.607814568106983,0.826048531504609,1.52856539167957,3.2847107743063,3.09571492996963,1.11427263309049,1.33363369646835,0.668760886033848,0.482240186620632,3.87339830641614,5.85716183310801,3.2058131787887,0.384693597024044,0.51042790868166,0.687313288053722,0.482240186620632,2.2836177411838,1.32535428082324,1.71337024786679,1.13419404414193,0.384693597024044,0.419700650868327,5.37693487134133,0.668760886033848,3.63224560615112,2.6715287920348,1.46979218246349,1.28600995171956,1.75102870838047,2.52981646227419,0.561845299275323,0.452095179409789,1.32535428082324,2.65930462760496,3.94951420725297,1.00689639833448,0.51042790868166,3.18680040491642,2.3138289604972,3.77694334294026,0.851668509831081,0.754486702751321,1.67959231109317,0.304874839942047,1.26731016558527,0.258691821532292,0.536897091838907,0.951275392486154,0.585437870245742,1.46070699268911,1.43873855253762,1.80549473349844,0.148329255787846,0.769773542491873,2.23908100089764,3.69066536944569,0.722197437889777,0.754486702751321,1.34175822109305,1.59404660584559,1.1276545848912,1.26731016558527,1.82839928725774,1.05619586492931,0.99810695916665,0.0804666465988712,2.56658344166623,2.84434869445996,1.60515945403251,0.452095179409789,1.40875523934008,1.17740459984786,0.51042790868166,0.705105521954257,1.07145923208792,1.22730663523243,1.73990915092717,2.20516400613203,2.45818606512496,0.875860933475472,0.482240186620632
083A,urban,0.422027695997754,0.468528645828733,1.0863381337144,3.8787271235089,2.7580906041074,0.92769161917146,0.942747498508428,0.468528645828733,0.113492258210517,3.70805377861351,5.89304862445906,2.95327465248496,0.445900244843562,0.242199929234176,0.341355702346042,0.548822699880456,1.83280909725037,1.24119204619323,1.32854733782873,0.834018847398239,0.203386716631624,0.203386716631624,5.2329085312429,0.341355702346042,3.27321600302085,2.29097216319938,0.957298870161535,0.86163348608175,1.39865788236132,2.26322424641328,0.548822699880456,0.369944056129301,0.203386716631624,2.585027862266,3.35493821690546,0.843420180544501,0.113492258210517,2.70862842106596,3.00348172716218,4.20690372862742,0.445900244843562,0.341355702346042,1.3579630409601,0.113492258210517,0.566773686683955,0.160761249746969,0.646842676791567,0.616562610237177,0.242199929234176,1.11213615782833,1.0532106054364,1.42136179228527,0,0.445900244843562,1.87802332449333,3.99224479865763,0.688638282874306,0.369944056129301,0.964395715024655,1.18989845033675,0.912094988422646,0.879113612447958,1.40635848683411,0.814582689386828,0.738761237156463,0.160761249746969,2.02825495836853,2.07488073270804,1.0173459201442,0.203386716631624,0.998238077155947,0.870461489075146,0.203386716631624,0.341355702346042,0.631966490055632,1.02353283849435,1.43586404899238,1.84779604858559,1.68292777439075,0.422027695997754,0.369944056129301
084A,urban,0.912236964371079,0.81178644778945,1.55384601609923,3.46048420543753,3.22276824826574,1.08554750614286,1.34830390403617,0.767191783776683,0.734696053014127,3.7963417162141,5.56970133196383,3.10139281447245,0.462100691071238,0.877233585177984,0.825688708106661,0.661352622151061,2.46948417717016,1.46626453459247,1.77850844410403,1.22574323309162,0.717488429818374,0.152832768269166,5.5925759323381,0.900879776988322,3.50132648139231,2.86070930852453,1.48465117980034,1.10754484736552,1.9808660104004,2.62044635265979,1.02077867894093,0.596868408823993,0.596868408823993,2.5918721242588,3.52405201563257,1.10754484736552,0.573054782443699,3.26931608722653,2.3504849862599,5.29585833726125,1.05436939358944,0.912236964371079,1.8329124357172,0.265657843443666,1.33155662111034,0.573054782443699,1.00295596923796,1.09300443894544,0.964953826511839,1.49061105284226,1.50801511568399,1.88960021721407,0.0831049083889811,0.462100691071238,2.24820299472361,4.16794837213037,1.01195874440061,0.212898892790559,1.27218543466035,1.52474851247654,1.41304969582175,1.27218543466035,1.79935321175978,1.30059883433378,1.07796029599885,0.0831049083889811,2.75441319028801,2.48113356866731,1.61351639434567,0.839159710629527,1.39498787806315,1.11463647705801,0.954909982620396,0.984370428813766,1.34417723791906,1.47555515393022,1.77390850282046,2.48952169927091,1.96028606780579,0.734696053014127,0.839159710629527
085A,urban,0.586953823094862,1.42763751524076,1.98960548910147,3.82537515993265,3.43382893806019,1.28450463693406,1.75460478553886,1.67035852975962,0.544731587101765,3.76956133474895,5.74392012364704,3.32283720772449,0.497958044508757,1.39758885224755,0.660777636244312,1.42179180861756,2.91508173957014,1.74352482111318,2.2712697416505,0.911591550850597,0.586953823094862,1.42179180861756,5.48683598336719,1.38496202564714,3.21546920850091,3.35474836039221,2.04624329743969,2.03634986426439,1.94257144748385,2.91903281640427,0.948117574579365,0.44553210507164,0.132870146358721,2.77067356707036,3.43337074861593,1.23314419679295,0.385897401978892,3.68499762675873,2.48563211964605,4.66126143769043,1.43909804180576,0.892107970083705,2.15014120953342,0.385897401978892,1.5165850298109,1.39132132691661,0.385897401978892,0.660777636244312,0.44553210507164,1.61368990593771,1.43340558117325,2.12523958094715,0.132870146358721,1.31565354128929,2.20774879022826,4.68529562118503,1.30807324730508,1.69614139653352,1.55287515820511,1.79129935087055,1.80368779209613,1.60605671632398,2.15342889394278,0.96528966030925,1.62856522039295,0.132870146358721,3.23181477583003,2.67262836471287,1.33042839001048,1.35855060831184,1.69925923569338,0.892107970083705,0.544731587101765,0.586953823094862,2.01735611469175,2.06937166998153,1.85217395879748,1.97994673422598,3.9210108757034,0.31675055993255,1.05611607433604
086A,urban,0.527717994670546,0.36800958336849,0.924712661716976,3.06511117949116,2.58851570697002,0.975227734519879,1.0832366447555,0.598062926394202,0.112717399718079,3.59901397248502,5.86506065669363,2.56725793363655,0.339519377918149,0.202126048587241,0.339519377918149,0.759015331721395,1.86249720298385,1.1333554728348,0.975227734519879,0.339519377918149,0.339519377918149,0,5.36785897927691,0.0600053359084797,2.80601102529924,2.18264073069429,1.02657012837217,0.901124883432328,1.2342712750623,1.94727255887881,0.858720295659326,0.0600053359084797,0.240758518109779,2.65000479750647,3.53771326180675,0.759015331721395,0.276233422297433,2.7299117436327,2.32994443664501,4.27611305201012,0.240758518109779,0.202126048587241,1.19503033493572,0,0.56431317301184,0.159718503676623,0.0600053359084797,0.598062926394202,0.54640092464105,1.29704451647762,1.16966264289852,1.46686815534616,0.0600053359084797,0.112717399718079,2.08812735718788,3.40216584085799,0.159718503676623,0.36800958336849,0.811722824796914,1.0885169431371,0.811722824796914,0.975227734519879,1.24902590925225,0.62937799653117,0.614002649382811,0,2.05822975836281,2.15741301097003,1.06144903732645,0,1.0385103940364,0.867538920437558,0.309028145557818,0.36800958336849,1.10398323318868,1.26679107112115,1.73630525016352,2.07533345383171,1.75253165312435,0.202126048587241,0.62937799653117
091A,urban,1.01282248166226,0.94053961558203,1.55952941819546,3.4792568606379,3.16891956442485,1.41356871424232,1.45020430049698,0.874609868458285,0.716934609588559,3.59161247804355,5.88491606926867,3.15319549326504,0.560143031555433,0.538637995259943,0.702059618311104,0.440066585321811,1.85771454299574,1.35037871968867,1.56162544681315,1.08741816385769,0.618923318796801,0.380884022924035,5.31902426261562,0.560143031555433,3.15782974514585,2.41932525943111,1.18718608024004,1.21126645099438,1.93500604655842,2.59824137074111,0.94053961558203,0.347965027450777,0.492142890604751,2.59263175025744,3.66761193168624,1.14564438028958,0.411482647361979,2.79205146226837,2.44605173196082,3.50346677445073,1.04832431276848,0.96599427036218,1.77143275642774,0.347965027450777,0.784509449254131,0.411482647361979,0.560143031555433,0.931712033570009,0.808846625978026,1.47130361666677,1.37995652977815,1.70009968217591,0.230923933930431,0.618923318796801,2.2619330558094,2.69685090194055,1.07477389595498,0.516012360557541,1.18220553517196,1.4474933253018,1.37031936109447,1.30375090844766,1.81086287403361,1.33655742736749,0.600200134908475,0,2.14928425367701,2.71160632399572,1.56785351151974,0.853775972325981,1.31496403648428,0.990039232487395,0.758727068023505,0.9040987683777,1.11165316479261,1.34005420545812,1.74757164078907,2.21810292394938,2.91357264391057,0.560143031555433,0.894489908388825
093A,urban,0.541340910914158,0.730225032124857,1.66862838321196,2.75091442309339,2.76484360200693,0.705997165132684,0.861421606771579,0.461650155658949,0.503320829029033,3.15705425672812,5.92863968794293,2.80483095459642,0.272913308455573,0.522746793186011,0.608651270070729,0.559171508025329,2.19944217061272,0.926047617397148,1.40386826241534,0.653065897862136,0.272913308455573,0.0590974638105715,4.57657190849336,0.199502911432041,2.4193893606573,2.60123813975583,0.774967925127261,0.559171508025329,1.27714408722763,2.08787524703977,0.503320829029033,0.461650155658949,0.482985089793341,2.43221352681838,2.4810755344326,0.43921273903767,0.559171508025329,2.91485960879712,4.17978555311217,3.96993551945082,1.18011710741492,0.390528948713323,1.06052572096734,0.363974756301597,0.886796432078803,0.503320829029033,0.461650155658949,0.666915694594465,0.415552659906436,1.17167247084846,0.940805870495383,1.38602083894909,0.0590974638105715,0.111107891311195,1.81674578213402,4.91876289168142,0.390528948713323,0.482985089793341,1.2350351663106,1.09237192893497,1.06599824581324,0.705997165132684,1.45782603287428,0.975646035212937,1.1267952957876,0.59277623595833,2.41527247337029,1.96291239895661,0.910770151699097,0.237757370588295,0.918476059280489,0.541340910914158,0.390528948713323,0.272913308455573,0.57629882319899,1.06599824581324,1.36740842201152,1.40883565253925,1.48352381056236,0.541340910914158,0.503320829029033
094A,urban,0.510503218798863,0.946398654038783,1.67571916748398,3.68043099553313,2.83420770868284,1.03816772481027,0.930386240639529,0.414936149222145,0.214820258966929,3.5419828095859,5.91529626017589,2.89877446479485,0.170242111046146,0.588786856604231,0.684797402332982,0.414936149222145,2.33607922781825,0.954188776890679,1.29835897140117,0.510503218798863,0.465343104723653,0.170242111046146,4.6661567915582,0.440870535475981,2.32075056529324,2.75284815519896,0.878469342376219,0.712600967735639,1.47415784313756,2.19049573257357,0.531436247620624,0.510503218798863,0.725862546056413,2.80603818102556,3.08983058737829,0.387354152191553,0.623203234334665,3.08659835014349,2.62816509288029,4.17780720386699,1.23039202788443,0.255245639659982,0.905203118227017,0.0644496518533893,0.905203118227017,0.440870535475981,0.510503218798863,0.684797402332982,0.725862546056413,1.18292848418502,1.12444831379884,1.63260067222959,0,0.3579009114274,1.86705415118339,5.00103415598051,0.488509894326738,0.255245639659982,1.16429654685069,1.15467199129365,1.01864583963604,1.17834490080271,1.50345975942734,0.922153059108945,1.15467199129365,0.63943990501116,2.5626131648729,2.01243991533946,1.22213922102996,0.214820258966929,0.905203118227017,0.655091359753469,0.0644496518533893,0.170242111046146,0.938466240258526,1.17371242539579,1.39509357564057,1.6971701071049,1.92276949217634,0.551406529458414,0.655091359753469
098A,urban,1.18015717893967,1.24064073841518,1.9265093339684,3.82601447155862,3.51143724924638,1.5899286648113,1.56053701068735,1.13757507027653,0.977021528850004,3.75837815086697,5.79629481277063,3.44479638668728,0.784673831159476,1.1881945711415,0.921861587695788,0.921861587695788,2.80821471887427,1.62041032389001,2.00846131182489,1.51797226590462,0.98978238040071,0.695438382429646,5.45172373700229,0.719524140310142,3.15972434162957,3.16454421449297,1.43167904459339,1.44949221220429,2.30064709192679,2.99589550501711,0.891410542396659,0.80438580603597,0.613951712098368,3.07481761257534,3.48892092464129,1.34658056702067,0.613951712098368,3.60995188592394,2.50938273781599,4.32073018011515,1.42710920341875,1.09035940210869,2.1421836265351,0.3286419982761,1.70323822441127,1.10022213188962,0.98978238040071,3.19958738193485,1.03737724564398,1.56390271750954,1.57384611015251,2.08350002645003,0.823241795296038,0.582996691003049,2.50824089441199,4.39064531018609,1.21893444373256,1.10022213188962,1.47077794908017,1.81425128997429,1.64334327603637,1.64889217160985,2.15612306341648,1.63772256474549,1.47077794908017,0.19469292173621,3.0844291496019,3.00327215932426,1.76650825334446,1.18015717893967,1.50664572797964,1.25453139111948,1.06993544998882,1.16362190259532,1.35207554908208,1.64612658590689,2.04759933417497,2.32861680997047,3.90353770655037,0.921861587695788,0.906902899048034
099A,urban,0.151814269852928,0.73746895744381,0.938099116383361,3.60907480609864,2.58055360263103,0.901686014781786,1.12302000906643,0.62408838739883,0.353214397579271,3.414156751326,5.88615456051927,2.59402764307923,0.325488722616041,0.264085882062377,0.192549158710926,0.427129424456533,1.76794744421721,1.08488669341565,1.13649882808819,0.594299210834465,0.106859401870358,0.0567080761966093,5.12516503976925,0.295871581797926,2.75113762451512,2.13137065359324,1.08488669341565,0.678159232243515,1.40737581544944,2.03223565701218,0.609449161886036,0.325488722616041,0.151814269852928,2.38160651388695,3.22999813400546,0.971693960273439,0.106859401870358,2.64928875937626,4.83483278857188,4.20980462874358,0.578601606194522,0.264085882062377,1.24202095540655,0,0.62408838739883,0.229788793913414,0.0567080761966093,0.470229663567706,0.264085882062377,1.14957187865345,1.21702779524302,1.36507392058927,0.0567080761966093,0.325488722616041,1.95284843266568,2.95684606149052,0.594299210834465,0.295871581797926,0.789643661218808,1.04307994096652,0.931056649800714,0.916619571072246,1.17862715226901,0.545394296764293,0.509436075389693,0.0567080761966093,2.00854107432808,2.61642613024184,1.36245245846391,0.353214397579271,1.05923272279517,0.73746895744381,0.295871581797926,0.192549158710926,0.789643661218808,1.13205220804506,1.40020392102251,1.89284243023044,1.46502107215171,0.0567080761966093,0.403861368566548
100A,urban,1.71809570940097,1.55913010807735,2.21107628748647,4.16224386835689,3.77029140157014,1.77356226162871,1.71809570940097,1.38263276051976,1.3696308473831,3.93266926356397,5.73357519881758,3.76376324096205,1.06734315590055,1.29019835338111,0.750264440099464,0.623579620739314,2.89726525338288,1.63702282814641,2.29313030169223,1.69997353065338,1.01087962142696,1.12894413850917,5.47450144947832,0.750264440099464,3.72556974732124,3.34140152237668,1.95755692225922,1.67782855349218,2.56829483793125,3.25392742490362,0.65887973132145,0.542996436316562,0.825722706363466,2.89451506503269,3.678569229084,1.6188198621836,0.691525031385404,3.64615471245435,4.09136758676151,4.25719451206319,1.82736526433524,1.40752405203631,2.48422534743556,0.132231069878873,1.48487732921528,1.29019835338111,1.11730318310793,1.50947318819166,1.34936765353581,1.57586643436429,1.45339662162245,2.21580402104418,0.542996436316562,1.33531379395645,2.41036494443935,4.83723076353547,1.71809570940097,1.01087962142696,1.6188198621836,1.80856268714205,1.99352227118741,1.96766470554059,2.42280281012618,2.01494985537231,1.64057362520082,0.384468572868778,3.16978757148414,2.69116016775169,2.18763795541173,1.41353018177817,1.87523155380711,1.23984706091418,1.44792061719121,1.3696308473831,1.796383793982,1.70609866453556,1.99352227118741,2.30247351469652,2.69833973432407,1.14028119445133,1.29805061727022
101A,urban,0.659741584924503,0.752365448281037,1.16127706384703,3.98166628285988,2.88439507314658,0.986220728071723,0.964838703298016,0.560783637742514,0.456616549173906,3.45234711917913,5.89996911095519,2.93331990413399,0.701876585574207,0.501322945455521,0.541853748199207,0.560783637742514,1.95820360499564,1.05668436208276,1.44465036600652,0.644736427916555,0.456616549173906,0.1173624670741,5.20217412698444,0.209662455061993,3.45317851208467,2.38285086865916,0.797591279885377,0.764121044140746,1.70319563717428,2.32599133638619,0.165959908253139,0.479544754627438,0.40677432729415,2.52142394649458,3.51147457112089,0.541853748199207,0.209662455061993,2.7467111113728,2.56352686325578,3.74445968020373,0.764121044140746,0.797591279885377,1.47727635655974,0.285742938390692,0.727854301357315,0.35046126435641,0.379529890648927,0.818552525725502,0.701876585574207,0.986220728071723,0.999912093198456,1.57711929461282,0,0.209662455061993,1.85765196834353,4.25652221735154,1.01318498959139,0.456616549173906,1.01967235620134,1.17948038487258,1.05668436208276,1.01318498959139,1.61140827471337,1.15660446721476,0.926681973858262,0.062633689849376,2.21167689324567,2.03422736239401,1.37949320746893,0.379529890648927,0.979209707878647,0.8759738151563,0.379529890648927,0.740282774955421,0.8759738151563,1.09078829704739,1.29262157188491,1.70850093970647,1.76178003134582,0.319306523748431,0.644736427916555
107A,urban,0.757352631791196,0.745635951986644,1.30496835666206,3.14497133135664,2.99104714774561,1.01227258211556,1.06086904344514,0.315062496630083,0.667803148392803,3.24105123742851,5.58896664305214,2.899162711971,0.345945293819847,0.516349508198716,0.401813316575975,0.281814341412471,2.30263043969763,1.00579708419714,1.51002680885523,1.05508365580507,0.606896252586659,0.315062496630083,4.81330488528815,0.606896252586659,3.03019712707041,2.67144046207187,0.811616998638866,0.877734295870502,1.70571286474935,2.59776299379269,0.401813316575975,0.20654484526757,0.281814341412471,2.49861733496874,3.11836579281217,0.927357105708853,0.281814341412471,3.03546911838625,1.90890326349205,5.72878349541992,0.850620820211652,0.695326696584482,1.67608138465565,0,0.935103082187035,0.757352631791196,0.590234526108133,0.790717648019703,0.572907981197423,0.886408574540304,1.09934259181843,1.54907877656905,0.401813316575975,0.0615428073219211,1.84298391932918,2.37189689916042,0.831556627139622,0.495732276529575,1.01865294463589,1.12487607978039,1.22615949220628,1.10973681295391,1.6258980353608,0.978884094988272,1.06086904344514,0.0615428073219211,2.56805687761013,2.02549160135992,1.47382682202049,0.667803148392803,1.16736361226451,0.757352631791196,0.536032178299293,0.850620820211652,0.971886934871321,1.00579708419714,1.47604183983086,1.74311407125633,1.89058180830876,0.536032178299293,0.733594386729135
108A,urban,1.1640776106982,1.26189010515756,1.92030887422269,3.58357973092969,3.35760267989781,1.4318418869858,1.34620340351842,0.711497669291093,0.957238876473909,3.56614048379547,5.36675119445233,3.26777389979751,0.783026764099338,0.957238876473909,1.12836667454824,1.00919873080472,2.7351821555738,1.38498961801186,1.98495892736807,1.34620340351842,0.575675032582833,0.548250398214388,4.98506781656337,0.548250398214388,3.1897827286498,3.08882038862434,1.4318418869858,1.34167196530221,2.12457552890803,2.90848241386644,0.748733176804729,0.575675032582833,0.228157752178592,2.69711473590266,3.00597644213045,0.898206721225943,0.548250398214388,3.45729351233392,2.24454079074333,5.79005005316515,1.25638155923898,0.978774358708894,2.0625247919605,0.487585910304597,1.5187624056914,0.858506860692871,1.15014358889199,1.10543988397774,1.01888430118402,1.54234854492127,1.27270191719554,1.95383578570634,0.28361931590851,0.453748374352945,2.58856355601847,4.48405412027324,1.06431486638007,0.487585910304597,1.28325109302995,1.67274732010209,1.89430591662493,1.50334290699294,2.12756891424903,1.50647091508344,1.36817739726717,0.0900292707516039,2.91192692775078,2.46011407038721,1.85840889182056,0.670767719864321,1.35512685657892,1.11321740634637,1.12836667454824,0.989154445342005,1.2217770426922,1.49701848002135,1.81162472313762,2.04030954161039,2.05817172200196,0.670767719864321,0.829869100227147
109A,urban,0.879337772982443,1.08045669244826,1.54170728588637,3.98346204599761,3.31778921039968,1.30649076899233,1.34500915142175,0.905461505746017,0.581781524909447,4.43172083188001,5.7515907388166,3.66172746891886,0.607703226641237,0.287616764103344,0.38179369222584,0.337253029975223,2.79462934654231,1.58621537623374,1.98900515639808,1.49211147607128,0.77310325668217,0.0915943285874717,5.28442269489728,0.524776995149989,3.72593174247931,3.13852873815198,1.24143549692395,1.39294553332015,1.93801719992173,2.86039976223134,0.789965246366949,0.231566543519707,0.718192896924174,2.84928991022657,3.21381032602509,0.892596034488856,0.493198839166944,3.53673880169465,3.15195724972287,5.11267881604528,1.29630265787699,0.82184378003221,1.95756471927881,0.422188248428451,1.3495923385421,0.996605890809784,1.24143549692395,1.17862041956481,0.82184378003221,1.55326918774179,1.46501410868145,1.94153131646777,0.91795679231216,0.422188248428451,2.22575616740788,4.71520457072962,1.07190041673394,1.00676313603016,1.29111755156928,1.62658314460244,1.52376597857557,1.5446267457937,1.99420312462706,1.14344081060715,1.50185240910724,0.231566543519707,3.03918927845677,2.40501726871675,1.42090744684656,0.422188248428451,1.34500915142175,0.806196945203258,0.836946436977512,0.737278234128486,1.16488861105081,1.35861611453668,1.86797384766011,2.1611535123123,2.11518169286928,0.69823013628263,0.941917955068337
10A,rural,1.26583070727142,0.956677301608693,1.82092259245659,4.537980730352,3.44102632298809,1.59224524460373,1.6428257108529,0.78523815460501,0.886988588090049,5.03762185015121,5.52399440952942,3.38308096920604,0.652110199239365,1.01671439048298,0.993685642459278,0.78523815460501,2.57660772659821,1.58624355727514,1.92387150439732,1.36685839042121,0.901849686205838,0.533413543113903,5.66434612571761,0.677328220441338,3.92262100054309,2.99013347284126,1.57398548203152,1.44459635094729,2.23402180389515,2.90361144738093,1.2120846735355,0.566264547220682,0.930128135697668,3.01255454107509,3.82660742685665,1.2120846735355,0.886988588090049,3.42986608174073,2.68631984521594,4.28846783469638,1.20487347983255,1.04911815557268,2.00009710671584,0.316685846456338,1.36685839042121,1.06945094711158,1.02778646595776,1.2120846735355,1.06945094711158,1.79741474336685,1.64809869363302,2.10239712652149,0.533413543113903,0.765695306560865,2.67710358003981,3.95179919165349,1.0053526378891,0.78523815460501,1.48837039934025,1.81382398608105,1.57398548203152,1.52813350331738,2.090260680047,1.53498769297684,1.36182165928613,0.186590948022366,2.87737095280291,2.73785279456832,1.73346972085222,1.0053526378891,1.60976815812729,1.27828865916929,1.08887422144419,1.01671439048298,1.55166433233655,1.70223233946961,2.11150739142749,2.6061644654795,3.20712781064763,0.765695306560865,0.821868350968074
116A,urban,0.261823170846371,0.424017423010983,0.849252148040347,3.16366761297581,2.51852962011569,0.722195526626703,0.840694684533572,0.590590645418788,0.150350504177265,3.39600039543488,5.93289491038154,2.77232756914094,0.150350504177265,0.105777608601028,0.376381063937331,0.486910569572229,1.97093228046243,0.754986374563788,1.0599359507496,0.558703863333632,0.105777608601028,0.190771566156122,5.03561537693157,0.150350504177265,3.18996935896009,2.2985823415075,0.775547551528628,0.813961538051794,1.19358713198071,2.35709145874786,0.261823170846371,0.466941341153335,0.190771566156122,2.4475187497733,3.37378636908564,0.322868467182319,0.227748777243003,2.72750480116957,3.43789753054077,3.95331060877481,0.590590645418788,0.400852051117276,1.08031666182141,0,0.54183725954123,0.150350504177265,0.190771566156122,0.376381063937331,0.424017423010983,0.889679285852111,0.933694613891565,1.3388904405349,0.105777608601028,0.376381063937331,1.72528610767278,4.06569964687602,0.376381063937331,0.322868467182319,0.744328833950251,0.9474279521072,0.785474257072298,0.926661580897165,1.38813237235381,0.674227337412215,0.605697003658233,0.0561013005060246,2.23549540144622,2.78044498726285,1.15343973074848,0.0561013005060246,0.840694684533572,0.733403164777936,0.105777608601028,0.486910569572229,0.744328833950251,0.823056658672725,1.30166335832147,1.66100881260414,1.70213380939315,0.150350504177265,0.293417518224546
118A,urban,0.243753972077255,0.569420023651711,1.19746221533182,3.0628179899798,2.64412938224532,0.91527935647168,0.974619297236274,0.619315252679999,0.492492773738723,3.58390208387422,5.83375213231965,2.90011747078377,0.312609339314798,0.0609158550422954,0.492492773738723,0.114328996160908,1.87728641571576,0.953305566935913,1.24831899522556,0.729711026314646,0.312609339314798,0.0609158550422954,5.4574644111961,0.424285601245994,3.0463832609774,2.27489261202979,1.17181782588975,0.729711026314646,1.34696719000899,2.00034710909956,0.586696584183874,0.279544816093156,0.569420023651711,2.51394759926824,3.70393941872815,0.492492773738723,0.0609158550422954,2.77497679559069,2.00554331570027,3.76145326579864,0.398941971295087,0.448231474346431,1.17181782588975,0.161886547366859,0.873601320059263,0.243753972077255,0.448231474346431,0.372027235245047,0.343333651395978,1.3036999597295,1.14922642616118,1.49086983522946,0.0609158550422954,0.243753972077255,1.88502436008548,4.00585654583343,0.586696584183874,0.532657456886398,0.619315252679999,1.1805352940707,0.704630115692181,0.678011501843162,1.47363717937073,0.569420023651711,0.619315252679999,0,2.17933835300738,2.9847291190491,0.945962030507996,0.279544816093156,0.945962030507996,0.649654246022255,0.0609158550422954,0.312609339314798,0.882263054030434,1.15840448179893,1.44643405028855,1.85137155933482,1.58197954451621,0.161886547366859,0.470925743731093
119A,urban,0.80413865763403,1.09537775437097,1.62684226239194,3.9279939990573,3.31624502205635,1.34832345994167,1.14263885503613,0.544811254904245,1.13129694555217,3.56413088334455,5.65433598567027,3.30340920844804,0.445603613686219,0.827885200412138,0.544811254904245,0.352760680643473,2.26424770483656,1.01317358006357,1.6899469406199,1.30046417258232,0.816174211784375,0.316808276175904,5.11411976300591,1.10157440002164,3.09028817983628,2.71503839276932,1.0890914117293,1.28055473720654,2.08891443512708,2.79375525294519,0.277608780280742,0.234516900074832,1.14263885503613,2.51520508377521,3.46913908780506,1.04933349903479,0.765891215010059,3.08142092628594,2.19811709432331,5.57462625155509,1.21940026684106,1.10157440002164,2.04913955239934,0.132899527684081,1.0890914117293,0.816174211784375,0.606703049665787,1.16447096823725,1.11965087284042,1.11370859021121,1.14263885503613,1.64128477907134,0,0.72394723098644,2.01970097114406,4.22883774816014,1.10157440002164,0.385963029499153,1.17498879286125,1.23776900848815,1.72792243134587,1.14263885503613,1.95578782849632,1.41298016929879,1.23776900848815,0,2.53036657424004,3.08661016100407,1.63771892680682,1.26815570733562,1.36541222072751,0.911689352406215,0.882125121355762,0.892205144795702,1.18525790631523,1.11965087284042,1.62315532024087,1.89688340034069,2.10078649388453,0.921113165071633,0.58703643660517
11A,rural,1.30997594492718,1.42956385290161,1.98135181079235,3.76430978458836,3.50418245811442,1.38423431451331,1.52323143552434,1.33361613994317,0.516438131171976,4.73859143124482,5.68589771596098,4.24608820760361,0.516438131171976,1.12000582533328,0.826765322789407,1.29346922709366,2.87739776929758,1.34869034474662,2.16563453785154,1.02192362465856,0.681883840138705,1.41071312465783,5.46906423925629,0.98928725609999,3.93296343951495,3.36425770256756,1.93398557349662,1.69993902855499,2.05280533789898,3.55106414212139,0.826765322789407,0.56407105155929,1.00591193806248,2.74927723053836,3.9075375043965,1.55660868623463,0.401890229107179,3.67946812944488,2.4364937155666,4.60950226561007,1.30180100495939,1.14439253558112,2.187649648025,0.140102708266094,1.15609088578898,0.873441679315076,0.774461477219597,1.06669486980696,0.873441679315076,1.94725464388943,1.76137073317436,2.14244357390769,0.245863296277861,1.2674696414251,2.39258994664855,4.81028371185921,1.27631024702604,1.39100689930817,1.73479587783964,1.77267916109043,1.69662698989787,1.85619823606007,2.1961524382839,1.16748237177362,1.60023753390741,0.462929874895665,3.20894592597385,2.63887942072725,1.62051135386873,1.13237032974219,1.70322599982413,1.6932894985704,0.745740491845514,0.972000767748935,1.98989692925034,1.60436871939266,1.82765141873949,2.15186907821669,2.16900879328248,0.606992178215982,1.42956385290161
120A,urban,0.74133106741154,1.29582154584257,1.72629859334667,3.70294411824886,3.38945698586321,1.41786608770137,1.33568814355208,0.883642814303487,0.896920667085777,3.8134753388682,5.75665202088622,3.47907680283137,0.557792364524933,0.759650149117984,0.96904716500662,0.957827573158875,2.72747920991938,1.50342944444389,1.94526271878387,1.41390751890042,0.86994617524152,0.339936433257065,5.543205915661,0.496569140982126,3.62411107525435,3.10530991656403,1.34042367194611,1.32605930554676,2.15539068516569,2.94772469878718,0.934479521070248,0.384699155440724,1.14804263771776,2.56434875987749,3.27514592414122,1.14804263771776,0.528258703207064,3.49730742144643,3.54781326319646,4.2579515836189,1.27442623057779,1.09340199165817,1.9545228149633,0.528258703207064,1.50342944444389,0.883642814303487,0.96904716500662,1.11766571382742,0.86994617524152,1.40588046225936,1.44829910689828,1.90096010991962,0.0925410965774994,0.585444872471369,2.24675416634738,4.38981486587793,1.23424395240141,0.794121375924032,1.45195755492115,1.62900621150647,1.52857457089011,1.51303028048445,2.01732520433999,1.39355464773989,1.29057071863666,0,2.97171239898123,3.15104951499556,1.57212438829294,0.794121375924032,1.77740575896443,1.19657059533048,0.681224279133821,0.810382449792854,1.40588046225936,1.44088843716153,1.76518167024039,2.23730247358234,2.0153385411341,0.896920667085777,0.681224279133821
13A,rural,1.06866625182033,0.803216308643188,1.25435878374776,3.48629027255752,3.14291043594738,0.966512399905388,1.32858275247334,0.478375701028348,0.565639737850812,3.84202100152085,5.82705411650547,3.24560610132078,0.325501744810662,0.615382903136353,0.277092279436352,0.509453126976878,2.67816342156117,1.319389100258,1.75602565725071,1.16478017779065,0.408630834326142,0,5.43517728668313,0.408630834326142,3.61037022687181,3.09875021949154,1.85038493582584,1.00649359346006,1.78240653428002,2.48806844505184,0.737489129973487,0.0874926569450748,0.538454438432897,2.51167420841145,3.90788571413075,1.30522307456319,0.538454438432897,3.48969343673044,3.80684438019457,3.95984370622919,0.922473859017983,0.478375701028348,1.74396021491903,0,1.3550506503561,0.933909171840515,1.04310239688153,1.14441270593798,0.565639737850812,1.38401971395982,1.48690908883581,2.03751508345912,0.860291294482466,0.325501744810662,2.10869845630297,3.86261057926012,0.68071337856352,0.222601852129274,1.00649359346006,1.61225785411566,1.33758581048433,1.14441270593798,1.79501940274545,0.955914300601033,1.46087236520551,0.277092279436352,2.98570504262956,2.39417875934207,1.25435878374776,0.325501744810662,1.25435878374776,0.591223116068346,0.160280268368764,0.478375701028348,0.933909171840515,1.55678804365837,1.83222736778371,2.06673793491588,2.01282120954034,0.591223116068346,0.886242097519608
15A,rural,0.994364648428114,1.30204352929525,1.83617691462531,3.98190652048055,3.44672607086571,1.51629099578198,1.62823912102598,0.557403851727944,0.905508814362023,3.99078159534554,5.74752799887495,3.43381612490712,0.713878935577775,0.891189808001515,0.970776831913932,0.616051959617046,2.68009401933628,1.43283161231847,1.93872351355907,1.31320383847681,0.75560458237714,0.310407881460741,5.51940914232845,1.1934360016269,3.89167218054045,3.01153418020111,1.53321378720414,1.46506628160811,2.1487567240904,2.93406721603824,0.891189808001515,0.775054423919612,0.891189808001515,2.71092689087626,3.56506420042934,1.29635395178996,0.557403851727944,3.42483505369945,2.47219410205182,4.67476558265281,1.08704655459417,1.11401178830159,1.92142038872003,0.667714144928293,1.46893245264472,0.642650794358997,0.905508814362023,1.39801118188229,1.11401178830159,1.5743551224879,1.65662897616737,2.03016253440282,0,0.861052563696368,2.57360138635869,4.23854679117503,1.03801323092929,0.642650794358997,1.34506073502965,1.83119132400192,1.5743551224879,1.67136616696599,2.03541616906602,1.36015368232019,1.51282584376139,0.409169414185214,2.82572588497632,2.56812253486693,1.67616949025228,0.667714144928293,1.52988157140203,1.20771561628519,1.14754354602696,0.811521127529095,1.41139812056624,1.4986819572751,1.93347252355472,2.40986000391985,2.10029420913961,0.945833941109471,0.876382549783605
18A,rural,1.09624400215005,1.36541873607029,1.76833729577808,3.51630344007429,3.44070432609486,1.35084691867314,1.41925932492591,0.820389179353998,0.852670109812496,3.65795945009658,5.88955977467618,3.70802839988602,0.635150726299659,0.836829504101766,0.706041356195875,0.518009480010959,2.69610936445295,1.43581856503856,1.96175849463237,1.35084691867314,1.01869243597757,0.937211717090369,5.17089930179245,0.766967856792839,3.81577962938082,3.12325880769899,1.51708020846399,1.29279821248382,2.12850568382383,3.10572437182778,0.550387235197167,0.483022014764361,0.852670109812496,2.78587090885263,3.52472562681716,1.26360844764164,0.996929409105052,3.45227677092911,3.23431926914551,3.83599539302139,1.28711510450673,1.02917819327479,1.96296681714982,1.08727428387519,1.31481493046866,0.896994827060438,0.96209250662135,2.15874797484242,1.06875918493963,1.55880364618279,1.19858929919342,1.94948668451478,0.246840586073126,0.58051771807966,2.21626691052863,4.4842888446902,1.26960546434272,0.608692740923789,1.4928347828379,1.56488121223361,1.65698507860779,1.4928347828379,2.0550428642061,1.35575871706089,1.38411712471616,0.0986886744701699,2.94394044039173,2.43975042486658,1.82987539817117,0.683672660969285,1.45566739410422,1.0494194526609,1.02917819327479,0.896994827060438,1.39317284104633,1.32014902804207,1.88086038881676,2.154887001968,3.32004099028627,1.02917819327479,1.12209245712734
1A,rural,1.37727744981396,1.54989896388698,2.24218889919037,4.42093092472283,3.68501429184707,1.63142972516177,1.66100779479695,1.42902214899228,1.1699456847016,5.29833720578132,5.3771367545215,3.61956149858006,0.897331069358124,1.27108514202631,0.983097024677724,1.31852294435968,2.84184158424508,1.87324047926912,2.32575518629104,1.54989896388698,1.02036536335432,0.897331069358124,5.48373483010252,0.942327784730243,4.52623035882074,3.42617346455671,1.9754696939854,1.94257165924844,2.37893399178383,3.64457647404609,1.20633937839855,0.603836414345452,1.62703491310999,3.09877845501281,3.41803085144419,1.64435346228828,0.819667387259672,3.68897720403389,2.58588342695392,5.04095303412467,1.69629725304616,1.2906863072524,2.34308350085526,0.498939870746084,1.68869922844787,1.3612856108166,0.688261569577866,2.41349628663949,1.2399177031017,1.7967175023997,1.74605804985743,2.24432659688153,0,1.60899695726719,2.61861163498486,4.74332479542353,1.39270128178123,0.983097024677724,1.81714895484086,1.88559180864015,1.96747585186517,1.89283743732214,2.44010890068729,1.73241280990855,1.90928811447602,0.554547474091122,3.18208128498426,2.69859373970363,1.98331905286265,1.38505783376727,1.94470243133141,1.51130423266341,1.20633937839855,1.3274189680362,1.99102905877985,1.52268566958196,2.08819857252722,2.50145714863414,2.95626202251358,1.0864933998299,1.18241886719789
20A,rural,0.722370704244239,1.12646302697452,1.66716469043946,4.37084723668254,3.12339719753538,1.07204941858635,1.17481186940533,0.901890669708367,0.161424775360277,3.86813919384062,5.82799775131159,2.98919847281784,0.161424775360277,0.618186938344794,0.327455778190968,0.541085090180022,2.59675205383198,1.34111417028688,1.84012943327278,1.15474621524349,0.70343807367987,0.568335205842622,5.23053633794661,0.51200999853315,3.77700932166679,3.04709717362522,1.32753323768906,1.29408835542841,1.76472948330659,2.96190035137294,0.876665110912737,0.410889118941986,1.57623131612398,2.5093512497602,3.19224820252921,1.18769175502403,0.224088530261478,3.30445248047983,2.55687679684934,4.40508799763443,1.06368810971198,0.224088530261478,1.68770811521721,0.224088530261478,1.08830406929679,0.806334308581488,0.618186938344794,1.16153829935074,0.593975976420154,1.47765983448366,1.31351386485673,1.71680867599006,0.278840251689662,1.00982834072174,2.09228773442762,4.9221669151648,0.913974459585532,0.410889118941986,1.27375311451874,1.66926331770934,1.19399123120416,1.39941655774898,2.04998055638788,1.14784621740951,1.42219098462385,0.849883505060602,2.83070715299918,2.29657291275824,1.4542587519571,0.66290098445566,1.17481186940533,1.22418680265181,0.410889118941986,0.447275624581413,1.43314545189213,1.29408835542841,1.69958333710363,1.87668698314656,1.92225710621889,0.683642324454909,0.821341187690759
21A,rural,1.23363111295893,1.35615515153062,1.98177126561815,3.88038330383031,3.55095527195305,1.54925735942044,1.54925735942044,0.701676351083678,1.03834550611033,3.86153282260127,5.86877755073068,3.68690462061015,0.612886124064383,0.942127849493999,0.838334846053292,0.644543175520688,2.66591288631024,1.35018330543384,2.20264996513538,1.32543922945565,0.775358821121072,0.612886124064383,5.24780757208501,0.875757181565277,3.82597532210707,3.20095558018866,1.97326166664795,1.50105322354736,2.28474573183853,3.3103971747615,0.999687203091041,0.818340593036549,0.985996638652964,2.77098703411185,3.64841617371013,1.24142488021714,0.926461675419478,3.46977905090322,2.48898153838648,4.0771519338105,1.51361506272361,1.28546046886152,2.16656444369908,0.644543175520688,1.54158579335019,0.910209163417652,0.674048598809014,2.25057889218362,1.11706456726818,2.67168730087112,1.64140792002771,2.06578848261354,0.35032289500132,0.910209163417652,2.64841687628003,4.39122021198302,0.971860410025929,0.818340593036549,1.56051645336952,1.66533795682582,1.73756397679063,1.80583784081094,2.18629933253428,1.59264164362922,1.48371810754926,0.35032289500132,2.85042587440709,2.68189162638133,2.28892016858851,0.942127849493999,1.78865493823014,1.31251761401891,1.1924151788237,1.17476739871431,1.5094680242611,1.80583784081094,2.02959893470926,2.41537525578999,2.27484644744689,0.957248522977982,1.15637200508027
24A,rural,1.17808486268199,1.00715764042651,1.81257960867365,3.76793700788612,3.43055928342041,1.46446018351882,1.43146606706441,0.600356009596488,1.0972924476485,3.83033613381979,5.81329228655799,3.43517214136383,0.938219825092487,1.05862254146441,0.969113329825576,0.703306080229916,2.3030891889912,1.54801909288707,1.90123257879255,1.51818525061016,0.801346919768535,0.495775843070162,5.34057710600523,0.495775843070162,3.32010937591561,2.75191501128073,1.32299800807797,1.29575807169562,2.25024556847153,2.92517292192593,1.08982902588144,0.551206274715192,0.86893857643349,2.86738033344036,3.34532239252419,1.08982902588144,0.815733057740044,3.10094543332665,2.43853146872036,3.89384343466666,1.21909136035734,1.23554571328956,2.04446508393936,0.315095518231638,1.1395646931452,0.843150085632268,0.703306080229916,1.53471174030335,1.04213603271582,1.5506323232915,1.41039521589673,1.89538247922671,0.600356009596488,0.622991055489531,2.55135590229457,4.77630363713168,1.26165577635614,0.755087203118826,1.47076853501911,1.50968002689476,1.67250469186774,1.4548224460015,2.09490287041939,1.67642273196901,0.959057710018618,0,2.49977045269359,2.46534240727659,1.68606592411505,1.04213603271582,1.53740603119879,1.1395646931452,1.24617883874695,1.11184519275818,1.39575771153275,1.54539004295381,1.86614990001825,2.27893421562527,4.52981000868218,0.969113329825576,0.829657890525647
25A,rural,0.443429471977724,1.10185309648405,1.34469533661588,3.75757017626613,2.91243325837892,1.1152032158928,1.14073200786556,0.887030440890835,0.252698154676865,3.65216060452967,5.85112128750411,3.03471466077668,0.41140478522976,0.501161298660834,0.618826730395117,0.801279644414957,2.45780063171387,1.42897013688192,1.55782707643282,0.597706881315725,0.711313564732545,0.29813277581831,5.36340792425545,0.339261116435001,3.29225575586994,2.79422473768048,1.4800987612529,0.967936168632789,1.5831686523789,2.46225781547129,0.501161298660834,0.29813277581831,0.575507234201471,2.57352772511222,3.83625922435011,0.864208047320813,0.473253983919948,3.35017627310784,2.29913626763467,4.14872003488557,0.74341805036202,0.443429471977724,1.46273246878159,0,1.26401360978003,0.252698154676865,0.376829267230098,0.74341805036202,0.376829267230098,1.5075832052409,1.22497918111942,1.7963676692774,0.144474848876913,0.501161298660834,2.18623330942439,4.26534469098834,0.575507234201471,0.694325129701303,1.16484311032434,1.56721417378572,0.94907845766979,1.29982712745365,1.51810777339371,0.958609658836168,0.90871314813826,0.339261116435001,2.79367378904905,2.3389976847873,1.19321347405722,0.29813277581831,1.15295486222717,0.939333378299871,0.376829267230098,0.376829267230098,0.929364601190349,1.48852825204591,1.70357036488395,2.24022522346825,1.7963676692774,0.618826730395117,0.65821446262722
28A,rural,1.51410916374112,1.99749314786947,2.47544005044218,4.09359840952665,3.97620611102586,1.95014113749272,1.95429041032087,1.77231289263545,1.39731784744911,4.19362438672104,5.7096536563159,3.88233975773212,1.2370767463294,1.70449499794793,1.16713515727629,1.33326086926213,3.33002681852403,2.09725862623082,2.71998487791766,1.71177363424423,1.19172200439625,1.47855782792125,5.55447624310627,1.52534103750443,3.74852494669139,3.80770767835315,2.32186961515641,2.14504118530661,2.60650203312555,3.44216773706836,1.36646931300025,0.722578268559422,2.30378408742595,3.16797607396797,4.07464336945898,2.05023435723449,1.5362897368419,4.08116715039488,2.82626026723543,4.39093974587614,1.79075223750589,1.52534103750443,2.56300423361317,0.433246344661232,1.89224948230683,1.59675001508645,1.05193841331846,1.68189722883845,1.38216742439191,2.14769469575264,1.97838649665777,2.47043614714708,0.268546307565056,1.83095702368168,2.79701609277866,3.55130718102006,1.71893229098631,1.46602986341732,2.05353276854502,2.30746194662194,2.24239365092684,2.08520820968689,2.75402893619004,2.06648146957874,2.09127521214657,0.894699085213008,3.56790578324182,3.08809584764409,2.00490649470859,1.5362897368419,2.20463765511344,1.97446218401198,1.08372619156807,1.35018242539952,2.33752667682305,2.07281386315773,2.44183400657072,2.63325449453877,2.47294530557215,1.11334513685003,1.68189722883845
29A,rural,1.22555333595083,1.87377037834997,2.49769516100403,3.94527563128025,3.80982141490674,1.64812542515978,1.82524873672564,1.51346913845124,1.50460894757646,4.56962637501636,5.64846152142802,4.16117772785831,0.749047055882397,1.38121327701733,1.00954332777005,1.1901072046701,3.20884847751716,1.91393775680502,2.50758598286676,1.54720586573309,0.840641811036392,0.840641811036392,5.35192244702134,0.749047055882397,3.81785842704466,3.70177130437628,2.10542688782311,1.86605062492051,2.44660153266952,3.36147079417177,1.03666490647139,0.21977486495381,2.26511524581925,3.06211996599427,3.44704502265328,1.94748600124989,0.749047055882397,3.98500275097329,2.8106036452313,5.31335869506583,1.74565496393421,1.24224741778396,2.41256500715265,0.880085431964892,1.62838677602016,1.30326254846929,1.28879344676069,2.77894681934713,1.10914243506354,1.87377037834997,1.95706514151229,2.38985269721003,0.21977486495381,1.75581221438108,2.61425035718148,4.24136933120219,1.76573732662375,1.5708927411464,1.82950580526983,2.35591735955068,2.07522604701711,2.07281353601435,2.58624565136079,1.93769080140816,2.21406333100733,0.797254692071617,3.46042905776754,2.93944969309211,2.1143121966527,1.38121327701733,2.07281353601435,1.74048584308612,1.10914243506354,1.08630129728582,2.48383405546004,2.00202667076939,2.13366342007908,2.4404195655997,2.33394062069749,0.949620353593794,1.67915163845111
31A,rural,1.06687608361343,1.55918939948221,2.0626960073944,3.65125267556433,3.61233948392068,1.33045768240505,1.48018219279393,1.67972071495836,0.672973354974978,3.97836189314879,5.78203108467263,3.6406042753129,0.577734527607086,1.53047726728549,0.81718355641662,1.24779360857756,3.02703588179367,1.77734027046561,2.49369404164238,1.35780568920855,0.455566888676873,1.43082281469129,5.37913590297138,0.577734527607086,3.67055166119297,3.51219901222374,2.16886453558541,1.96759354124061,2.18756648309899,3.14567744369989,0.925258891475595,0.520932359657291,1.7423417788208,2.92942312710955,3.4977834299999,1.67121792199421,0.627959407626453,3.85745531382399,2.62390583318168,4.43122978092634,1.50605739936921,0.81718355641662,2.37816284917052,0.846826315749915,1.71990357257543,1.39987521607522,0.846826315749915,1.64007447683099,1.01172733603836,2.59725232441145,1.62601183257008,2.3356860728446,0.165447782263573,1.49331247275006,2.58223331109155,4.8832365097666,1.54793129297333,1.29108947959535,1.67972071495836,1.9218738112873,1.91458097232337,1.8597839913704,2.35031149929886,1.26998085461804,1.71990357257543,0,3.3587317690057,2.76144753906174,1.73868166275482,1.59644203896368,1.9783091172791,1.53637356106548,0.672973354974978,0.28496533797152,2.13627610124336,1.44550708006714,2.25523056539274,2.26953753089063,2.53847112454023,0.81718355641662,1.33045768240505
34A,rural,0.967726397834303,1.02641617182416,1.73646786530428,4.9058898847198,3.3023592004125,1.19180425838854,1.39717310620042,0.861464612413747,0.661073048914101,3.84155088252298,5.71160560568175,3.25325244492917,0.661073048914101,0.911923160453076,0.861464612413747,0.479284667800881,2.54771333584818,1.54996615888778,1.83499222643142,1.25564391606801,0.681790668365318,0.326219943937032,5.54906851807398,0.967726397834303,3.33704499464937,2.93316685732866,1.36482851246356,1.28182471051685,2.04328628986313,2.72632562443558,0.772725779910858,0.833851741796791,0.681790668365318,2.85591982604446,3.61941230124527,1.3606106579343,0.566630984090536,3.3425143414575,2.32337192759561,4.24289346187293,0.998061935149397,0.899847424552718,1.97787204113249,0.539421803135294,1.45542478200712,0.899847424552718,0.738601170178095,1.00772050266918,0.681790668365318,1.51576700608775,1.41994276198345,1.93601526569796,0.160700680526074,0.510393310116486,2.30110687182395,3.93347069881922,0.967726397834303,0.833851741796791,1.27154099902903,1.59174073113267,1.44508120177831,1.4850547647422,1.86519551161881,1.19180425838854,1.28687666874452,0.277734645000887,2.83666680837039,2.4759866686867,1.50979585536955,0.772725779910858,1.47864281439149,0.923672189316054,0.861464612413747,0.788832563659471,1.21611817637623,1.36482851246356,1.78374488870774,2.16922134441129,2.12996151123516,0.899847424552718,0.988183668952713
35A,rural,1.38186086068515,1.77858915340579,2.3225380829898,3.67374405230883,3.60873633225277,1.50024230626099,1.6778507958929,1.45533184924108,0.76972472682602,3.90286901408033,5.54649003505036,3.48687672031302,0.564001069345696,0.735650092487053,0.858350554883987,0.735650092487053,2.99871076977539,1.75550959113592,2.32069883107284,1.16926251037587,0.884283303777539,0.735650092487053,5.40788344475143,1.40523580083101,3.43485316424535,3.53026906325957,1.63085512498578,1.76884770069592,2.24760357785375,3.42871639117888,1.42741663321834,0.735650092487053,2.10114910951623,2.85190535737587,3.30212767862203,1.92677475627104,0.801319281157016,3.76858685991148,3.36762583498067,5.52627428737277,1.52396331750338,1.1821307017316,2.19306440747702,0.44345959035904,1.50024230626099,1.33986891907786,0.613677889399208,3.36087339029806,0.801319281157016,2.80133732883915,1.38186086068515,2.07598854240183,0.159586479868081,1.51815342100607,2.40805808266944,3.84550457801835,1.24130667445894,0.884283303777539,1.80956759469245,2.05948926275991,1.77536622008894,1.79435452896335,2.48392926894001,1.74523010818652,1.77858915340579,0.159586479868081,3.21178643743058,2.78074564934816,1.70909388745843,1.12819873572095,1.91754646672022,1.88612376574307,0.658251197058825,0.735650092487053,1.8984799254865,1.44159849148128,2.24431968793471,2.2497791234715,2.30569748474008,1.43456544823617,0.994813318496587
37A,rural,1.289292539959,1.60467693340921,2.26656976882652,3.91825279722735,3.67088823050247,1.63358724708877,1.71030173102286,1.25723940245094,0.815578594469164,5.11829448402729,5.30546852297625,3.61265278150466,0.872933703899844,1.289292539959,1.22263071602335,1.04753536698469,2.95595719343803,1.69438678156735,2.37118896429663,1.32865232922815,1.17172738526722,1.23447604123357,5.55414655682878,1.02918169438933,3.82227458662881,3.46381936006457,2.08124625481603,1.77210255127399,2.36257456607695,3.33837879392217,1.27886882025892,0.519609957666193,1.94800620340838,3.05828463860788,3.30957155267692,1.76870073326197,0.872933703899844,3.74010145309389,2.80205257816145,5.39666147936313,1.66505010883443,1.18502339963371,2.26981348203063,0.519609957666193,1.3470706398911,1.08206785047504,0.712229474729315,3.17996046713389,1.19792441678772,3.45385143101296,1.68620512113216,2.15592379085262,0.45433726395399,1.143848108079,2.50953057241449,3.9902793826548,1.3470706398911,1.32865232922815,1.85512625016018,2.07958015753223,1.92240635695229,1.86890000985467,2.35467275416725,1.66505010883443,1.97218067596523,0.576342084129976,3.21150909767902,2.77932927812716,1.89520246094252,1.143848108079,1.80786284944322,1.41380347712574,0.749479471524458,1.11405561765356,2.01295766357966,1.72940877721618,2.00707988809515,2.34208795423917,2.24430285940835,0.968950572568991,1.51660244000239
39A,rural,1.02470583215354,1.07359361779224,1.57781315981773,3.46967538935555,3.22783272051478,1.18690119222879,1.5122948166542,0.762879720109722,0.400275202770916,3.96779044931646,5.80743176826057,3.60710967132152,0.743543941559612,0.762879720109722,0.514576703850482,0.762879720109722,2.7097411420868,1.74219851800129,1.80316419625131,1.21450033013733,0.604977027290858,0.514576703850482,5.46232494673211,0.354345164812866,3.94316667174161,3.06974141396891,1.48805805388834,1.2528654465868,1.78915146865529,2.88240172292975,0.702080814489746,0.743543941559612,0.762879720109722,2.74107060240211,4.08809446807412,1.06424643023615,0.302976861670059,3.51723465623946,2.58280043449315,4.23428902824371,0.957697593710242,0.816202958574607,1.83633707426213,0.546846617223979,1.44307707024583,0.781391195315437,1.14190636193299,0.992492788872041,0.743543941559612,1.86715491793676,1.77833700068595,1.93325846425261,0.177390138960508,0.4418090120997,2.43843972773753,3.32465242389236,1.04492597550008,0.723307013128831,1.32592012210602,1.63473068018944,1.31011903060284,1.56607193013595,1.84581419389227,1.01423140650926,1.22766888491128,0.244707324741359,2.98160457747546,2.57441758615371,1.72397066982401,0.354345164812866,1.51897823349342,1.27667998825005,0.631362967397753,0.79914578462443,1.07359361779224,1.6165745553734,2.00816812134369,2.46589513945218,2.1093648921546,0.631362967397753,1.13393221980647
3A,rural,1.2569567028523,1.63765194675714,2.34305956317803,4.03622539444574,3.76118502140267,1.50564172784875,1.81729335409478,1.70464809405165,1.23135228149188,4.14491985665124,5.606645880407,3.63690677586879,0.857769634612074,1.63244659012028,1.09271923400915,1.51944464522881,3.07599939172825,1.91493273712101,2.5123225832668,1.49857219689161,1.01329557199208,1.05482050081673,5.60545779334932,1.42916332254998,4.56352387332802,3.60825193437495,2.18344174337395,2.14174461489725,2.35013896115485,3.25889315002321,1.11049646793019,0.710808232055636,1.33627629029035,2.96873308908982,3.87532359454658,1.6956870819975,0.790475803102145,3.87023488882531,2.64969523628507,4.34240253580023,1.79626367404112,1.46138789168956,2.53189986368846,0.406848794230064,1.82743825787993,1.53282235239004,0.942457674402406,1.31505241000393,1.23135228149188,1.9490778509868,1.61644537117951,2.35710480698808,0.308466616688118,1.61644537117951,2.56554685655055,4.82779478440972,1.8837837658665,1.46908381659703,1.87187909696704,2.12014448318956,2.03786303520337,1.85652415727928,2.49757392443384,1.68188904569892,2.04399628065882,0.181063128329348,3.38562488597112,2.93978493057544,1.90105040917704,1.74283070338992,2.01242536547524,1.77792595623113,1.05482050081673,1.14400637354967,2.12522533149289,2.03372555033576,2.17751136475987,2.39760512996605,2.41609103780026,1.12757454116156,1.43744638473528
6A,rural,0.709759719793135,1.11926200274607,1.58620782411603,3.40522023276091,3.1708933283329,1.23769356376523,1.42526102946397,0.850038939418628,0.501259464469451,3.68842491123623,5.8202528225197,3.07112029952651,0.319258259840724,0.156637676121969,0.911999986083247,0.709759719793135,2.49348456271344,1.28421134004269,1.7543985248577,1.24311518633181,0.850038939418628,0.556996091859189,5.43668944136406,1.06595902813096,3.79274760108662,2.83679714385817,1.44601066963822,1.34366806927624,1.94055148401284,2.78276170542591,0.709759719793135,0.793197046455157,0.911999986083247,2.62199549596393,3.75918777734154,1.22101037522622,0.556996091859189,3.3359090405058,2.33744873169619,4.25051095929327,0.850038939418628,0.822547286703814,1.62366916619491,0,1.49693605358385,0.271512779414437,0.40140453152744,0.945333743217523,0.777742951976923,1.53155832323465,1.48475352501299,1.94055148401284,0.156637676121969,0.761718577888273,2.33658066778941,4.27801311052517,0.690960383479278,0.582392954608467,1.25898541791631,1.58128951887153,1.20366061994774,1.42526102946397,1.85210294146436,1.1602602552292,0.888265508377593,0.217862403939366,2.76026102503156,2.46275530826599,1.41085586870549,0.709759719793135,1.26925227488547,1.04944557076982,0.582392954608467,0.761718577888273,1.14024473890209,1.41085586870549,1.81330150078371,2.22918360025934,2.13096490285444,0.709759719793135,0.53002130839595
7A,rural,0.929200379206065,1.12198688276188,1.50491002655337,3.81233149920225,3.29964090359983,1.30079468938357,1.47688181912071,1.06047169024817,0.777944848233735,4.69593389780192,5.56793759730775,3.23147683429138,0.573849639015806,1.11371471638113,0.54389113422824,0.740160040986384,2.45230624282484,1.4876054830813,1.9028453896896,1.22378190870755,0.889085976653518,0.511711895319917,5.72122697548641,1.16856112326276,3.6312722288761,2.82566539786281,1.55606168872009,1.55906715139601,2.13409063504978,2.70902275053775,1.23655576800648,0.653019874821006,0.98878233239635,3.03035225852073,4.19115442626633,1.13807302271151,0.573849639015806,3.28485946372178,2.58181631715688,4.01680654780787,0.844885739218437,0.889085976653518,1.9576016695386,0.397791409012706,1.31678234701216,0.54389113422824,1.08790861959021,1.05092685109088,0.829092782852331,1.62300749517072,1.49461025573396,2.02812251032066,0.777944848233735,0.54389113422824,2.44066228540975,3.7778493071257,0.874846603115083,0.916236285279208,1.20388777333865,1.69872726525396,1.34709345632607,1.48406026835967,1.96589671691751,1.24896462140463,1.16113739478652,0.719958799821844,2.74345845445999,2.62634985781364,1.52803342393641,0.653019874821006,1.55303528221754,1.07895419828651,0.777944848233735,0.573849639015806,1.2669374265455,1.52155140680038,1.93425363786858,2.44884571770693,2.24833994732696,0.719958799821844,0.795671963581387
