Sample,ruralurban,Methanobrevibacter,Actinomyces,Rothia,Alloscardovia,Bifidobacterium,Gardnerella,Scardovia,Adlercreutzia,Atopobium,Collinsella,Eggerthella,Gordonibacter,Slackia,Bacteroides,Barnesiella,Butyricimonas,Coprobacter,Odoribacter,Parabacteroides,Paraprevotella,Prevotella,Alistipes,Gemella,Staphylococcus,Granulicatella,Enterococcus,Lactobacillus,Leuconostoc,Weissella,Lactococcus,Streptococcus,Butyricicoccus,Clostridium,Parvimonas,Flavonifractor,Eubacterium,Anaerostipes,Blautia,Coprococcus,Dorea,Roseburia,Oscillibacter,Anaerotruncus,Faecalibacterium,Ruminococcus,Subdoligranulum,Catenibacterium,Coprobacillus,Eggerthia,Holdemania,Solobacterium,Acidaminococcus,Phascolarctobacterium,Anaeroglobus,Dialister,Megamonas,Megasphaera,Mitsuokella,Veillonella,Fusobacterium,Leptotrichia,Oxalobacter,Parasutterella,Sutterella,Bilophila,Desulfovibrio,Aeromonas,Succinatimonas,Citrobacter,Cronobacter,Enterobacter,Escherichia,Klebsiella,Morganella,Plesiomonas,Salmonella,Shigella,Actinobacillus,Haemophilus,Borrelia,Pyramidobacter,Akkermansia,Ahjdlikevirus,P22likevirus,Gammaretrovirus,Tobamovirus
081A,urban,0,0,1.40400517228077,0,0,0,0,0,0,0,2.66102861980639,2.13843796854261,0,5.60060927399,0,0,0,3.76885420790162,4.50759621745943,0,5.47696567482302,2.74315617485043,0,0,0,0,0,0,0,0,3.19748346795219,0,2.96541872541786,0,1.12922874036097,4.74332786807622,1.98266533043077,3.4633951747843,4.21379229820418,2.97592489769615,4.69493530008461,3.42685877080424,0,4.85488948059232,3.40477439428046,4.31074163454484,0,0,0,1.73047359492191,0,0,0,0,4.40805842337912,0,0,0,2.84811325348312,0,0,0,3.57285284735957,0,0,0,0,0,0,0,0,3.77979843377354,0,0,0,0,0,0,2.24931826648335,2.97698822174322,0.959861294958176,0,0,0,0,0
082A,urban,0,0,0,0,0,0,0,3.54875733050338,0,0,2.95440862847231,2.3212293589182,0,5.76382860154258,3.74241712402622,0,0,4.18592398600494,4.50072103632838,4.45488850262815,0,5.00276007379984,0,0,0,0,0,0,0,0,3.18735468169568,0,3.73713874560792,0,0,3.85897354973412,1.94637446044779,3.67436691987458,3.3509716025898,4.00335525373058,4.79749141109135,3.20680395449224,1.20416268500429,4.84351659343269,4.26810842438806,2.99165916820489,0,0,0,3.31267239510663,0,0,0,0,4.45173989660609,0,0,0,3.7897055616972,0,0,0,3.89901056246034,0,0,0,0,0,0,0,0,3.33432331395718,2.48982815997266,0,0,0,0,0,1.68690422666336,2.99808676763321,0,2.35559264388721,0,0,0,0
083A,urban,0,0,0,0,3.77289336693832,0,0,0,0,3.03518010215586,0,0,0,5.84417230813211,0,0,0,3.51871854185842,4.27083332638808,0,0,4.56295734303197,0,0,1.59476451169708,0,0,0,0,0,3.3541797838112,0,3.48662987391018,0,2.26341482199494,1.73444382251185,1.96292480806912,3.7662073650584,3.30047337582741,3.06398165264922,5.00816490226115,3.09334090984237,0,4.90921164258121,4.08611650241454,3.12888647326627,0,0,0,1.79579830568431,0,0,0,0,0,0,0,0,0,2.98798786316101,0,0,3.25560926717881,0,3.44167685368019,0,0,0,0,0,1.90992582049448,3.66847774804828,3.62660989022666,0,0,0,0,0,3.95012106291054,0,0,0,0,0,0,0
084A,urban,0,0,0,0,1.68268887712678,0,0,2.73967589040663,0,2.48333942371213,2.22528398507671,2.18464792960698,0,5.56447633150466,0,0,2.37241394583199,3.82708159062106,4.10968585010245,0,1.87106349180874,4.61866342507776,0,0,0,0,0,0,0,0,2.38831165994575,0,2.68307831477199,1.87974557912621,0,5.34071564029784,0.929560410818862,3.83841106009126,3.76633938291479,3.51078189543102,4.46360430544226,3.50441750268194,0,4.72253803168265,4.92255285652136,3.82231438577246,0,0,0,2.10175887477414,0,0,0,0,2.66794638617077,0,0,0,1.51772836736704,0,0,0,2.27694944379578,0,0,0,0,0,0,0,2.22361824301942,5.19639418494274,3.02388286069177,0,0,0,0,0,0,0,0,0,0,0,0,0
085A,urban,0,0,0,0,3.40969118980293,0,0,0,0,0,2.8356481177579,0,0,5.26591241795854,0,0,0,0,4.58067868731519,0,5.79319740769697,0,0,0,0,0,0,0,0,0,1.70086433968258,0,4.06791862854558,0,2.53416834856554,3.30306447057855,2.49085908949828,3.7407252234984,0,0,4.30224125033572,4.01037970281398,0,4.71499227846628,3.78734498777365,3.85403590037175,0,1.68582761869161,0,0,0,0,0,0,0,0,3.39284025980645,0,2.53242930010041,0,0,0,3.45943566334208,0,3.56839197538834,0,0,0,2.29713887137991,0,0,3.67967502616579,4.2332913987614,0,2.116881040567,0,0,0,0,0,2.5146447271415,3.7579608419356,0,0,0,0
086A,urban,0,0,0,0,2.80398975748423,0,0,0,0,0,2.35337716819112,0,0,5.82251066706426,0,0,0,0,4.72868073106227,0,0,0,0,0,1.99127197708117,0,0,0,0,0,2.9264320454348,0,4.25085441170891,0,2.43034133172846,5.04016263995208,2.18236337417467,3.87051153459521,0,3.51311546413448,4.91477388664935,0,0,4.51403052044883,0,1.93218992940984,0,1.13649683466125,0,0,0,0,0,0,2.23298287011742,0,0,0,3.45229866347072,0,0,0,3.14807496197259,0,0,0,0,0,0,0,0,3.89919925888711,4.05420892653629,0,0,0,0,0,3.4673560000024,0,0,0,0,0,0,0
091A,urban,0,0,0,0,2.12627786885085,0,0,0,0,0,2.45649066997938,2.79235246446256,0,5.85774230552697,0,0,0,0,0,0,0,4.39743023950672,0,0,0,0,0,0,0,0,2.55828947193558,0,3.05938398744305,0,0,4.70175950862104,1.90830764939401,3.68550845810509,3.00816521839679,3.217041177512,4.92947328582836,3.10573929397393,0,4.81653487196559,3.61465442120092,4.03126929150539,0,0,0,2.14904079952232,0,0,0,0,4.36650854344059,0,0,0,0,0,0,2.52330728340045,0,0,0,0,0,0,0,0,0,3.30855561119982,0,0,0,0,0,0,0,2.67062308052006,0,2.99095803138601,0,0,0,0
093A,urban,0,0,0,0,0,0,0,0,0,0,2.23522124227343,0,0,5.82186649595284,0,0,0,0,5.15420700830464,0,0,4.563831165939,0,0,0,0,0,0,0,0,1.71140137834617,0,4.27253916214044,0,2.66719017274262,1.83329348806355,1.69054141682356,4.02208821349118,0,0,0,3.20349328143388,2.31035992276459,0,2.95186929104482,4.16846436746808,0,2.64726547901595,0,0,0,0,0,0,0,4.9987289806046,0,0,0,3.57696985575357,0,0,2.69861924856734,0,0,0,0,0,0,0,0,3.72441837360102,0,0,0,0,0,0,0,0,0,0,0,0,0.0861305435166604,0
094A,urban,0,0,0,0,3.19583942008615,0,0,0,0,0,2.04851582433707,0,0,5.86249651198227,0,0,0,0,4.81135565643041,0,0,0,0,0,0,0,2.84675538694605,0,0,0,2.73232212886657,0,3.86323607833815,0,2.9129075322277,2.14298679509316,0,4.15650317108525,0,2.27478931196052,0,0,0,0,0,2.69730555865099,0,2.76809259219128,0,0,0,0,0,0,0,5.21261640115018,0,0,0.742620147807472,2.41263024778701,0,0,2.90563645866908,0,0,0,0,0,3.45704082336952,0,3.25002143455041,3.60923937443216,3.80327807811149,0,0,0,0,0,2.74395049861528,0,0,0,0,0,0,0
098A,urban,0,0,0,0,2.91824943140878,0,0,1.85075982505063,0,0,0,0,0,5.75326479269298,4.19829754787251,2.2751189745848,0,4.25513824779416,4.36935979123701,0,0,4.96694757810372,0,0,0,0,0,0,0,0,1.92113292882365,0,2.60290953397631,0,0,4.92700892353713,2.04628054265275,3.24017953990964,4.68440528395325,3.16444083650767,4.3897888379258,3.0232525943488,0,4.92908774924817,3.11263474393722,3.85418867562197,0,0,0,1.79591553288957,0,0,0,0,3.07773041482139,0,0,0,1.68645237657322,0,0,0,3.10784498480912,0,3.57294438279275,0,0,0,0,0,3.16702160503666,4.0294539448154,2.44187184431861,0,0,0,2.9880667776277,0,2.37343810539373,2.54264124334399,0,3.81420638407463,0,0,0,0
099A,urban,0,0,1.76067598947907,0,3.44100029848042,0,0,0,0,0,2.38202937912606,0,0,5.71312337468184,0,0,0,0,0,0,0,3.67069808243778,0,0,1.91950351011874,0,0,0,0,0,2.12133116201728,0,4.28158342656099,0,0,5.17015085834896,2.17520575708002,4.79669114758859,0,2.67074604622678,4.33480714164775,2.8744604345616,0,4.46801688022997,4.69075798549718,3.19975444690975,0,3.13487771631378,1.69809640025555,3.16672182832103,1.39271980594315,0,0,3.28257985540717,4.44108242403776,0,3.67380916891512,0,1.80189632703624,4.94235320964236,0,0,0,0,0,0,0,0,0,0,0,4.20480681939339,2.31350683278079,0,0,0,0,0,3.04178329392554,2.77852613085141,1.88419855987431,0,0,0,0,0
100A,urban,0,0,0,0,3.22451976519098,1.95903975145364,0,3.18171028614224,0,0,1.83300931112265,0,0,5.52604254231211,0,0,0,0,3.854924312207,0,5.40455107575421,4.63953619846273,0,0,0,0,1.99157284466458,0,0,0,2.37957883541565,0,0,0,2.51671936179392,4.59051820564032,1.83300931112265,4.50061235131218,4.40691706040369,3.75443171991727,3.96612899540977,3.10441255860136,0,4.87105144655037,4.09689234828695,5.00065996498196,0,0,0,2.43726779573177,0,0,0,0,4.54556382461925,0,0,0,0,3.85669940471958,0,0,3.77814877827451,0,3.55670594043458,0,0,0,0,0,0,3.61001098150404,0,0,0,0,0,0,0,0,0,0,0,0,0,0
101A,urban,0,0,0,0,3.73919702361128,0,0,3.19727580323398,0,0,2.59966929934803,2.28931176910783,0,5.88346993149092,0,0,0,3.49566924041284,4.49487057826706,0,1.79766746598473,4.20886181216765,0,0,0,0,0,0,0,0,2.75639559734679,0,3.90526806635029,0,2.88544075876561,2.84135279852846,2.28837352507085,3.949400246979,0,3.20712604214565,4.9737267028009,3.74428955235789,2.43920442811062,4.50328332464348,4.23196316288187,3.54769902820114,0,0,0,2.85722799412733,0,0,0,0,0,0,0,0,0,2.21430548854204,0,0,3.00274870080902,0,0,0,0,0,0,0,0,3.30428784078294,0,0,0,0,0,0,0,0,0,0,0,0,0,0
107A,urban,0,0,0,0,0,0,0,2.86527407798817,0,0,0,0,0,5.40331037775364,3.54518865987361,0,0,3.86662785532217,4.42086276551101,0,0,4.72716228155879,0,0,0,0,0,0,0,0,1.91914146056673,0,2.31659070761471,0,1.72129323605062,3.47796479603821,0,3.22359689738761,2.45058862268631,2.58487664315698,4.60512038905593,3.10687803858139,0,4.40296780785835,4.22346183926697,3.79495519053479,0,0,0,2.13809332928024,0,0,3.93673578042945,0,0,0,0,0,0,0,0,0,2.65153943879991,0,3.91296489014539,0,0,0,0,0,0,5.73113537658558,3.62817542237613,0,0,0,0,0,0,0,0,0,0,0,0,0
108A,urban,0,0,0,0,2.08199870207282,0,0,2.34746710465827,0,0,1.86312767366097,0,0,5.48269089177981,0,0,0,0,4.13642844090365,0,0,3.12140706125719,0,0,0,0,0,0,0,0,0,0,4.1207792374381,0,1.05505120253332,3.92736301919055,0,3.45819163281518,2.92413119784731,2.7969371004228,3.86588139716569,3.1595795000026,2.37540392143569,4.40791586776289,3.90989779425695,3.78991852677912,2.91926015779392,0,0,0,0,0,0,0,0,0,0,0,0,0,0,0,1.60674758209344,0,3.5517715676652,0,0,0,0,0,0,5.77903993961902,0,0,0,0,0,0,0,0,2.16558016003765,0,0,0,0,0
109A,urban,0,0,0,0,3.52412627324368,0,0,0,0,3.31337492261998,1.59070414181304,0,2.17771459702963,5.67577325379279,0,0,0,3.55397194809449,4.19249726439483,0,1.7332245025917,4.82460923935248,0,0,0,0,3.79557772519625,0,2.66488214277819,0,3.95421024865387,0,3.9802070552673,0,1.96773817626442,4.55261297060325,0,3.97398242371062,3.59287428392442,4.02284471026711,5.03600318518175,0,0,4.89768980818208,0,3.34308937405114,0,2.83807972648287,0,2.89923660743915,0,0,0,0,2.00453576348675,4.49870698239574,2.73730679143507,0,4.00926297621604,0,0,0,0,4.5409081637893,3.72717137115649,0,0,0,4.39996078143911,0,4.39146341113757,3.83587293279823,4.18125274707064,2.55025602530313,0,0,0,0,3.55527679929867,0,0,0,0,0,0.179860817751405,0
10A,rural,0,0,0,0,4.28350780341895,0,0,3.22086284067266,0,3.2916716669661,1.96204602014056,2.18976912543353,0,5.47002914273028,3.5748270590104,0,0,2.75058552411665,3.99104626529596,0,0.96563675401141,4.6888644962888,0,0,0,0,4.91952897461778,0,0,0,4.46838143117766,0,0,0,0,5.17061323932897,3.03466385061138,4.20593286517129,4.70369776996447,3.96283466211782,4.58921340773537,2.64296998072772,0,5.1863770116483,4.72711576022799,3.96506663461769,0,0,0,0,0,0,0,0,3.85661217186866,0,0,0,3.49236886354017,0,0,0,2.80013265803818,3.38348360431108,2.08796822093884,0,0,0,0,0,0,3.70298795703323,2.40059713641044,0,0,0,0,0,3.76542717470303,0,0,3.1204374616534,0,0,0,0
116A,urban,0,0,0,0,3.11913378234675,0,0,0,0,0,3.37795580126653,0,0,5.81233113130611,0,2.54321496406093,0,0,5.17725097057561,0,0,3.58135261737975,0,0,0,0,0,0,0,0,1.54919892511201,0,5.0591414770266,0,0,2.33998757944972,2.39625552021168,4.71293932521177,0,3.04521642956871,0,0,0,0,0,2.04791741360511,0,3.33790143942236,0,0,0,0,0,0,0,0,0,0,0,2.79418398128613,0,0,0,0,3.9963130635785,0,0,0,0,0,0,4.0539030050417,0,0,0,0,0,0,0,2.80420879165379,0,0,0,0,0,0
118A,urban,0,0,0,0,1.30599993518157,0,0,0,0,0,3.0171003381581,0,0,5.66249232708195,0,0,0,3.98501685328821,4.29910502456805,0,0,4.19450061225617,0,0,0,0,0,0,0,0,1.69833931850037,2.09993781687785,3.91369124736005,0,3.12987469684856,5.54745964011165,1.81949898789376,3.69477376347765,3.26379162381518,3.46731135767793,4.57838309676889,4.27360854872218,0,4.06401913474401,4.63757138751212,3.46365560017464,0,0,0,2.714554173173,0,0,0,0,0,0,0,0,0,0,0,0,0,0,0,0,0,0,0,0,0,3.75803574629174,0,0,0,0,0,0,0,2.98395381867108,0,0,0,0,0,0
119A,urban,0,0,0,0,3.71063910101258,0,0,0,0,0,2.67498231438835,0,0,5.59139388300445,0,0,0,0,4.34825690781387,0,0,4.88687634382651,0,0,0,0,0,0,0,0,1.44960234292306,0,3.5256406772133,0,0.980695253490905,4.22609486130308,2.17956564646093,4.35606380482928,2.4257330931893,3.12828662966677,3.47610378784229,3.19811971267925,3.35175865578345,4.33292200616353,4.09710466565203,4.25371950390066,0,0,0,0,0,0,0,0,0,0,0,0,0,0,0,0,0,0,3.58294651802793,0,0,0,0,0,0,5.58740710840536,3.98791933191254,0,1.81934895808798,0,0,0,0,2.97033894954018,0,0,0,0,0,0
11A,rural,0,1.72919352667342,1.93193790772195,0,2.47452226009934,0,0,2.77024313668268,0,3.37016980284784,0,0,0,5.28747833024186,0,0,0,2.7511697085961,4.54372662238177,3.9060973180268,5.62590226953428,3.45586692226346,0,0,0,0,4.18795713866414,0,0,0,4.20911642589744,0,1.71290981147306,0,0,4.79347411934051,0,4.46551357501487,3.9259492545464,3.91774446825633,4.36493654815605,2.71528862197935,0,4.83604701320333,3.97485322568662,4.04799112375722,0,0,0,0,0,2.65898453763388,4.29662888426915,0,0,4.4093349503407,3.95932842841365,0,3.5301975846587,0,0,0,0,0,3.35328509861354,2.93204234631035,0,1.80702234029479,0,0,3.67420193340666,3.32049155069311,4.10443811322791,0,0,0,0,0,1.93026459220835,0,0,0,0.5975799627532,0,0,0
120A,urban,0,0,0,0,2.87128060316739,0,0,2.16004864634238,0,3.05502412893292,0,0,0,5.73244465915717,3.7675698601113,0,3.28319021595868,4.28781077261496,4.83607886382126,0,0,5.02137689329985,0,0,0,0,0,0,0,0,0,0,2.86826453867119,0.662934160195613,0,4.79932982088797,1.25479536377866,3.52527373974489,3.03239470254825,2.84174532820396,4.18600938539646,3.88682394777815,0,5.12201542555386,3.71630733484657,3.74591556792194,0,0,0,3.04607315581884,0,0,0,0,0,0,0,0,0.977271589738867,3.22210120808893,0,0,3.25081244401191,0,3.83798139909469,0,1.60598636520069,0,0,0,2.89780497898779,3.88596761961009,2.87113029637031,0,0,0,2.42988447279905,0,2.46189451627054,2.86644479451205,0,0,0,0,0,0
13A,rural,0,0,0,0,2.94359392500205,0,0,0,0,0,3.45996627586678,2.47987483917269,0,5.80930731217404,0,0,0,0,4.24586628256082,0,1.81432519027237,4.79988021392809,0,0,1.33079447511949,0,0,0,0,0,3.22970769866852,0,4.84227369979383,0,2.9371691789423,4.42863237665189,2.13484196878348,4.53362355719792,0,0,4.6721018798525,3.35047164588204,0,4.74452640661272,0,0,0,2.51118293145243,0,3.02002679793491,0,0,0,0,4.19204239937465,0,0,0,3.83748510872794,3.6754121246165,0,0,0,0,0,0,0,0,0,0,0,3.13599531705223,3.28731512766029,0,0,0,0,0,2.83774793937999,0,0,0,0,0,0,0
15A,rural,0,0,0,0,3.68657747875611,0,0,2.45973097608655,0,3.58286543188621,0,0,0,5.60587727226089,4.07447957300431,0,0,4.01909231159369,4.44264045974498,0,0.984001902401748,4.74727483715568,0,0,0,0,1.97415233892937,0,0,0,3.2347168673636,0,0,0,0,5.32642375043192,0,3.71817865831696,3.69077118744269,3.86291766568517,4.82506747538737,3.01346126459883,0,4.88640261158122,3.57851414976895,3.92067169801783,0,0,0,1.90797308201972,0,0,4.39207898723041,0,0,4.30865725919219,0,0,2.95359865621992,0,0,2.2678389158011,0,0,3.54441087996898,0,0,0,0,0,3.28682156816024,4.30904107583874,4.21541943992977,0,0,0,0,0,3.69242470237172,0,0,0,0,0,0,0
18A,rural,0,0,0,0,0,0,0,2.34512414828266,0,3.29653275609143,2.10904074703632,2.85797618701514,0,5.79207600718579,4.33539997972232,0,2.09195641010837,4.10110999376007,4.266068989722,4.83587747313317,0,5.10839288254879,0,0,0,0,0,0,0,0,2.41394827708017,0,2.96752123180205,0,1.70871655531614,3.60348661231543,0,3.71725590522497,3.6836424027998,3.17001227075639,4.2164031141214,3.10617667705849,0,4.5103593505974,4.45924498062023,3.31330884948842,0,0,0,2.40368112320805,0,0,0,0,0,3.67525862511955,0,0,0.754571604256827,2.90643574402954,0,0,3.09334122361714,0,4.33347802868408,0,0,0,0,0,0,0,0,0,0,0,0,0,0,0,0,3.13778795581233,0,0,0,0
1A,rural,0,0.908368364817154,0,0.783179726280085,4.02934771784856,0,1.32796139497905,2.33301720907886,0,3.97775072394063,0,0,2.86133607510387,4.73502171392396,2.19067952951971,0,0,3.61476566748472,4.58481139660875,3.53596885692774,5.62768530972965,4.40790980703749,0,0,2.14691079247811,0,4.810132469952,0,0,0,4.68311672356582,0,3.97711679535311,0,0,4.50467294312337,0,3.98066107494634,4.0534183874963,3.99160275658537,4.2200666923461,2.39101267997074,0,4.89045430560887,4.7132252744193,3.56345255598697,0,0,0,1.40372774097498,1.24456385095364,0,0,0,4.17219040745752,4.28030024143656,0,0,3.1605484366463,0,0,0,0,3.35762763057252,2.62614892277666,3.15411123644921,0,0,0,0,2.97059460853616,3.53081088348264,4.20369326846949,4.49054040011626,0,0,0,0,3.35891424724984,0,1.81211366102403,2.59297390960983,0,0,0,0
20A,rural,0,0,0,0,4.35780528516159,0,0,0,0,3.38290951405289,1.67984464871913,0,0,5.72410681586747,0,0,0,0,4.71115513754904,4.85038156398665,5.00875618815013,4.19174407150285,0,2.35789579081036,1.34620014033972,0,0,0,2.00953836812028,1.60247500779729,3.32408998639275,0,4.07009371337683,0,2.50096461307046,3.50987959625658,1.82118348480902,4.21607867216589,0,4.15731773071677,4.83678358557715,0,0,4.16493037087363,0,2.97203565384502,0,3.31156601852825,0,0,0,0,0,2.24853670163315,0,4.42976164349058,0,0,2.84148939674529,1.47711890132366,0,0,0,0,4.3630913152621,0,0,0,0,0,0,4.23728144003259,3.24646300423278,0,0,0,0,0,2.38865202277485,0,0,0,0,0,0,0
21A,rural,2.53456034667127,0,1.06730204465545,0,2.83922422781345,0,0,1.90002551503916,0,3.17464593033635,0,0,0,5.61567077109982,0,0,0,4.4278811536002,4.22399834995259,0,5.47586281106817,4.72454103055965,0,0,0,0,0,0,0,0,2.05721223532122,0,2.28692243536607,0,0,4.76947168332445,2.51506157959546,3.56835295034098,3.96688174535717,3.79362325896554,4.43965751305454,3.25649219037574,1.92547140254086,4.5926304958792,4.1075585524077,3.21151793242873,0,0,0,2.51937554256293,0,0,0,0,0,3.45161596962934,0,0,2.5851109611921,0,0,2.14208075676391,2.35841238456641,4.27930303219106,3.3112376659274,0,0,0,0,0,2.09984058522562,2.98722383541753,2.93312063317791,0,0,0,0,0,2.62771864500279,0,0,0,0,0,0,0
24A,rural,0,0,0,0,2.83074025843461,0,1.73426473431046,0,0,2.44219409527686,0,1.50915418696797,0,5.52132054405464,4.61492432034963,0,2.39676376227861,3.76556173097705,4.84472007810814,4.52536888256755,2.29632642874837,5.36623432748007,0,0,0,0,0,0,0,1.67941302413604,3.09698776396437,0,2.4338546637967,0,0,4.10755919748998,0,3.05532492264773,3.2109838156581,3.18671802062625,3.93821474355969,3.06669361585461,1.84526915299304,5.0511351125798,2.59561332239102,4.04676677650199,0,0,0,0,0,0,0,0,3.81963105793337,4.84036658133651,3.6159890170534,0,3.00297440054937,0,0,2.82848361047146,2.54108023853525,0,3.78378587733469,0,0,0,0,0,2.7144319598212,2.87221105070577,3.09769840437303,0,0,0,0,0,1.65198960982441,0,0,4.60487875233995,0,0,0,0
25A,rural,0,0,0,0,3.63109776866684,0,0,0,0,0,3.10672078217859,0,0,5.89264075860525,0,0,0,0,4.26398019809776,0,2.28452741741642,3.88569574167861,0,0,1.52837572751862,0,0,0,0,0,1.64564093820692,0,3.98373956010481,1.58585672621901,2.7337854736708,4.36392621018362,2.31331245187358,4.67028400065944,0,3.3612922713972,4.72015467105258,3.53102519849469,0,4.45619376996797,0,3.53114153467755,0,1.79691131872802,0,2.15102058643239,0,0,0,0,0,0,0,0,0,0,0,0,3.54799655828628,0,3.34868467474237,0,0,0,0,0,0,4.01166352933983,2.29716937893082,0,0,0,0,0,2.32234180909438,0,0,0,0.281020253080035,0,0,0
28A,rural,0,0,0,0,1.93825991610616,0,0,0,0,2.6046420269559,2.2164436812891,0,0,4.55079012746586,0,0,0,2.55091988103476,3.77422676590428,2.92810567411504,5.86245083925475,4.26478092070467,0,0,0,0,0,0,0,0,1.60696836392889,0,2.19218315642599,0,0,4.59453125181368,2.38839724819405,4.07242534452907,4.47959980709633,3.65014403593511,3.9988270944882,3.29226814688718,0,4.66959602306694,3.50464752835385,3.654873297047,0,0,0,2.50056185035597,0,0,4.71210291575892,0,0,0,0,0,2.56045261448292,0,0,0,3.27720673543612,0,3.35821634553409,0,0,0,0,0,0,2.60634203158851,0,0,0,0,0,0,2.56420788135621,0,0,0,0,0,0,0
29A,rural,0,0,0,0,0,0,0,0,0,3.2523548454928,0,0,0,4.40734043603365,0,0,0,2.51579967698294,4.08221390623211,3.81579945650297,5.75962715847818,3.9044900429045,0,0,2.71306947688855,3.1450167827138,2.33112286783404,0,2.4733162674084,2.4970749760964,3.93017475913024,0,2.63868435442033,0,0,3.99857813190273,0,3.46886343737944,4.2738111763634,3.50617861235434,4.77595539940015,1.30164812598201,0,4.82646528824242,3.79498645980073,4.18419736835175,3.30056022843329,0,0,0,1.30164812598201,0,0,0,4.70883709930077,3.45044192709416,0,0,3.45239033909125,0,0,0,0,0,3.30330914703175,0,0,0,0,0,3.68266696653483,4.30468197390386,4.94923859024313,0,0,0,0,0,3.0298738863538,0,0,0,0,1.3916663052607,0,0
31A,rural,1.30360040011763,0,0,0,0,0,0,0,0,2.89620466818782,0,0,0,5.36347555144753,0,0,0,0,4.15282879760847,4.15454819560514,5.73614093703717,4.71877105511256,0,0,0,0,0,0,0,0,2.02853166188749,0,2.89865817893599,0,2.37144535042111,4.27535148119334,0,4.04143046645858,3.50287911880593,2.53274752051552,4.49746254438813,3.47249692543298,0,4.63222404373924,3.63528339610758,3.50681719105675,0,0,0,0,0,0,0,0,0,4.13143219563592,0,0,1.85382366356322,0,0,0,0,0,3.5004378201276,0,0,0,0,0,0,3.82530222783445,0,0,0,0,0,0,0,0,0,0,0,0,0.120128015802274,0
34A,rural,0,0,0,0,4.76590329519881,0,0,3.02793111021739,0,0,1.26884150688376,1.76674381809506,0,5.62175180473517,0,0,0,0,3.66348540456102,4.26132983984842,2.30182464715479,3.46152501329077,0,0,1.37364563917111,0,2.48542879027663,0,0,0,3.04147868358536,0,0,0,0,4.09262428641412,2.12093133977803,3.68719113112018,3.39366421195193,3.30846540287449,4.75448097558179,2.18100675251102,0,5.36373068182609,5.20978477811136,3.57805492797319,0,0,0,0,0,0,0,0,3.61172716326205,0,0,0,2.25386100086837,0,0,0,1.74880150166115,0,0,0,0,0,0,0,0,4.08043215913009,2.47572304120002,0,0,0,0,2.41583120084206,3.27690702231472,0,0,0,0,0,0,0
35A,rural,2.53719072322999,0,0,0,0,0,0,2.5799724110224,0,2.62378866142833,0,0,0,5.13849243927216,3.57489409532284,0,0,3.77161985046515,4.02516285185931,0,5.47904021069588,4.29774860690331,0,0,0,2.64228961457469,0,0,0,0,0.90519980071236,0,0,0,0,4.78612863909199,0,3.66976940986895,4.71727634297153,3.12399029191574,4.62491170791862,1.8085527952055,0,4.92184968270712,4.11300439349912,3.77498592380773,2.83491575855579,0,0,0,0,0,4.53256986487901,0,0,3.74576289809401,0,0,2.19663176022253,3.12597712205575,0,0,0,0,3.06343330359384,2.80339844104282,0,0,0,3.89657469811338,4.46166101296194,4.94055666460403,4.94177016873384,0,0,0,0,0,2.56246987754683,0,0,0,0,0,0,0
37A,rural,3.56536650017728,1.38993171634949,0,0,2.82763935593557,0,0,0,0,3.25870064864216,0,0,0,3.66269566623314,2.42287102680717,0,0,2.36234767763554,3.63630315325711,0,5.5697376646359,3.91423711313802,0,0,0,3.36097735667082,4.07955122320032,3.79127999834588,2.97318018916047,3.37237191612133,4.73721982951644,0,0,0,0,4.99623465747338,0,3.85990188406048,3.53063570069031,3.96163560660181,4.09678322575194,0,0,5.14314763102665,3.7848021497882,4.32544940658361,3.46290045087345,0,0,0,0,0,4.62720240958743,0,0,0,2.77755182536366,2.94402606762352,3.78190222623304,0,1.8629517490539,0,0,1.67004631645477,0,2.73439517044017,0,0,0,3.17795724700418,4.631439102812,4.56346863727084,4.94462214121356,0,0,0,0,0,3.80540753758419,0,0,0,0,0,0,0
39A,rural,0,2.08137724733156,0,0,1.61509924241368,0,0,2.39612944677697,0.972830487041914,3.47171399956651,0.988705977906472,0,0,5.73045599360422,3.39821494780732,0,0,0,4.69846608434823,3.95219332778766,2.36252796571339,3.74048771101386,0,0,1.86772809184923,0,0,0,0,0,3.06011980890558,0,4.35438345191236,0,2.34159761778006,4.94500973597837,3.11959935712856,4.7809291615094,2.99871105234069,3.92061975508949,5.13937239794814,2.50318657607284,0,4.42244578284292,4.44152097701879,3.87923046036532,0,0,0,0,2.35788915136618,0,0,0,0,0,1.16552756731611,0,3.01132255391297,0,0,0,0,0,2.44999450347211,1.32806245175671,0,2.32033427671786,0,0,0,3.85236069446674,0,0,0,0,0,0,0,0,0,0,0,0,0,0
3A,rural,0,0,0,0,2.77500562552248,0,0,3.20903539983005,0,3.88328458541301,1.42670461282559,0,0,4.68860628046561,4.595977625932,0,0,4.2322436562683,4.2455727912614,3.90858652765015,5.73755817717772,4.72057684167189,0,0,0,0,0,0,0,0,3.03865831828814,0,1.36334594433588,0,0,5.1611060020147,1.35076294817605,3.69885413227543,3.43275445744745,4.03864125878731,3.21053676496992,3.3459920916633,0,4.52672485606228,3.88969885387992,4.33062546049316,0,0,0,2.0767882918275,0,0,0,0,0,4.35620209456276,0,0,2.77788011872681,0,0,0,0,3.40638929185387,2.54089385569549,0,0,0,0,0,0,3.02088061899215,3.14345820462272,0,0,0,0,0,0,0,0,0,0,0,0,0.560757259014863
6A,rural,0,0,0,0,2.31928183846689,0,0,0,0,0,3.82568729802329,0,0,5.78013333897457,0,0,0,0,4.52417217711953,0,0,4.35482935029045,0,0,0,0,0,0,0,0,0,0,2.9928518947741,0,2.05777203378331,4.79560466143916,1.02417372864327,4.32588271798827,3.62556245142508,3.902984622929,5.09118019608129,3.33417614476516,0,4.88528765342047,3.52741051311562,3.44048484071326,0,0,0,2.23812081857793,0,0,0,0,0,3.83513013016003,0,0,0,0,0,0,2.85403523978407,0,3.84508528547637,0,0,0,0,0,0,4.14887532765922,0,0,0,1.944345072639,0,0,0,0,0,0,0,0,0,0
7A,rural,0,2.07042449434219,0,0,3.26019212985482,0,0,0,0,0,3.31254025215196,2.36017318130724,0,5.26895889335266,3.37253512174683,0,0,0,3.73804800624697,4.01803833358638,0,3.63866633464081,1.44146858351084,0,2.19086488896815,0,0,0,0,0,4.55744197448439,0,1.99675543493988,0,0,4.87813329597946,3.20708821710867,4.55049997090437,0,4.04615768999116,5.38588292234005,1.48565171907251,0,5.19717322158204,5.31610382580448,4.06857888232698,0,3.22597906483894,0,2.55414100668549,2.50720098607661,0,0,0,0,0,0,0,2.99747864363331,0,0,0,0,0,2.4687715658247,0,0,0,0,0,0,3.5052212317863,2.41883907683269,0,0,0,0,0,2.86991969132968,0,0,0,0,0,0,0.527321417745531
