Sample_ID,sample_type,Thermi,Actinobacteria,Bacteroidetes,Cyanobacteria,Deferribacteres,Euryarchaeota,Firmicutes,Fusobacteria,Lentisphaerae,Proteobacteria,Spirochaetes,Synergistetes,Tenericutes,TM7,Unassigned,Verrucomicrobia
ST00001,stool,0,3.25406055655327,5.67634058302986,0,0,0,5.67904267678782,0,0,3.76655246822689,0,0,0,0,4.60353597729316,1.63063689344946
ST00003,stool,0,3.90456074119847,5.6080653701411,2.63059731969412,0,0,5.73882120247443,0,2.45501410653532,4.18591024885187,0,0,3.15276380077647,2.03157672697759,4.27796235232309,3.25820808697979
ST00005,stool,0,2.41192762433837,5.6305257247421,0,0,0,5.72953599921189,0,0,2.29848861473945,0,0,1.15194784733322,0.880495504558292,4.55598446004509,0
ST00006,stool,0,3.58239561448826,5.66010988446964,0,0,0,5.68848499559666,0,0,4.50861528867784,0,0,0,0,4.27064686361596,0
ST00008,stool,0,2.75182900250005,5.79184962795288,3.91951597491943,0,0,5.47654248446587,1.78059362489769,0,4.84595933269344,0,0,2.07800980197633,0,3.27530985070034,2.02053595953076
ST00009,stool,1.65297478145736,4.45613808965079,5.73687711786615,0,0,0,5.61601491338959,0,0,3.65190652274172,0,0,0,1.65297478145736,3.91043464777888,1.65297478145736
ST00015,stool,0,3.27840042134875,5.83450944997475,1.62275553700042,0,0,5.46929020514014,0,0,4.28716161419092,0,0,0,1.9847761754638,2.91383797038093,0
ST00016,stool,1.33982429267051,3.04823937891134,5.85677485204612,0,0,0,5.41940341875263,0,0,4.20910542176676,0,0,0,1.92672854511088,2.93278792455463,0
ST00017,stool,0,4.71570881069522,5.07346174035868,0,0,0,5.90210536360341,0,0,3.73552436591535,0,0,2.78192016513951,0,4.39400338892169,2.78192016513951
ST00018,stool,1.39403336620423,3.85187333166755,5.49661765816254,2.55344834516021,0,0,5.7916326112388,1.68620934311155,0,4.04269840249846,0,0,0,2.65585496380936,4.56816238893059,4.05287312000807
ST00019,stool,0,3.42588043915596,5.82444410940046,2.60560986750796,0,0,5.49662761920507,0,0,4.1164482098369,0,0,1.88325280296261,1.41735018562037,3.37372322191356,2.10282262531022
ST00021,stool,0,4.13278259640517,5.46048336841162,2.17720371638754,0,0,5.83428240911687,1.29387258338708,0,3.58308349407828,0,0,0,1.29387258338708,3.81782492696004,3.63680441763181
ST00023,stool,0,4.0904560053536,5.53037007786227,1.93498316111968,0,0,5.79198175535813,1.57368056509591,0,4.05982113182368,0,0,4.00602017916046,2.51749619799264,3.84604901875857,1.79086817389557
ST00026,stool,0,4.06101039065182,5.52337195074867,1.94535215581612,0,0,5.79214684024108,2.24391249583169,0,3.67288472567032,0,0,3.26285517839378,2.24391249583169,4.39373460145117,3.53159104673818
ST00027,stool,0,4.40494235272995,5.0567966003672,3.54269270856227,0,0,5.88480468392756,0,2.15351826927838,4.19056039637622,0,0,4.34174218202967,2.2776938951742,4.68364544786072,3.60794207074424
ST00028,stool,0,3.88672489547137,5.74059633429099,2.10388220123935,0,0,5.62343255977634,1.7492340478144,0,4.24930803906297,0,0,0,1.51196003033865,3.58128893469444,1.68357478146988
ST00030,stool,0,3.17140653623142,5.82497853622503,0,0,0,5.4531308154644,1.61361514729772,0,4.09710136745755,0,0,0,0,4.52823700456153,1.61361514729772
ST00031,stool,0,3.70528294699645,5.71619686744253,0,0,0,5.61315101100179,4.57738734731686,0,4.39412353691085,0,0,0,0,3.24138773581664,1.59900016307221
ST00035,stool,1.46213726547515,4.33704943108898,5.34561512535228,1.17583922023506,0,0,5.84849589819001,1.17583922023506,0,4.64486719041144,0,0,0,2.14895098128327,3.82716388840112,1.99536787599486
ST00039,stool,0,3.9612948912758,5.56330858940591,0,0,0,5.76516026933954,0,0,4.18312464940793,0,0,0,0,4.43838449306036,0
ST00040,stool,0,4.16118087454821,5.5590921165859,0,0,0,5.76321164974804,4.16118087454821,0,0,0,0,0,0,4.4621958878279,0
ST00041,stool,0,3.55535012079824,5.83483312175958,0,0,0,5.47999060611134,0,0,3.7669330690247,0,0,1.63100865258952,1.92693010078741,3.68151902045811,0
ST00042,stool,2.56327973716567,4.14190588629426,5.40204185312469,2.26343526911899,0,0,5.84158742838247,0,0,4.12441644142328,0,0,4.22722843917667,3.30267003661785,3.77301757905475,2.863715753223
ST00044,stool,0,2.93077919606649,5.6866330069718,0,0,0,5.48278882393922,1.59413991945606,0,5.31766147652057,0,0,0,1.02404566705663,3.1334873875786,0
ST00045,stool,0.916434675632861,3.40206742794385,5.90289016211077,1.19031118180985,0,0,5.20661305610659,0,0,4.56237057207022,0,0,0.665094547757823,1.68234926692594,2.54280355848364,0
ST00046,stool,0,3.7522651796763,5.7658893145031,2.92879157893498,0,0,5.56274987046118,0.897212597515466,0,4.59004960078291,0,1.16981920101093,1.45590803805284,1.88545791658771,3.75961608825092,1.62690245774876
ST00047,stool,0,4.09230558776214,5.35669264451468,2.77329776660039,0,0,5.87281096202359,0,0,3.73413830339642,0,0,3.02531316047348,2.29763796741996,3.83844547925105,0
ST00050,stool,0.876220868007582,3.37909860985416,5.7061404841685,2.09649635383537,0,0,5.58124473746001,4.95018329331446,0,4.17939325371896,0,0,1.14737035083684,1.14737035083684,3.55236016830626,0.876220868007582
ST00051,stool,0,3.69600745957409,5.5512384230573,0,0,0,5.76495421611093,0,0,4.43365859117102,0,0,2.52113882596702,1.68381938935012,4.45434244583436,3.07303793002831
ST00053,stool,0,3.91986565042242,5.59994789674764,1.82343641568546,0,0,5.7390855059129,1.70066609198251,0,4.63724114711357,0,0,0,1.52887944618789,3.21507021451297,1.91904016499022
ST00054,stool,2.8216323966168,4.34578207549693,4.86363723532936,2.6002200045142,0,0,5.79743775870035,0,0,3.79785455194232,0,0,0,3.16369773126159,4.11149044830319,5.40792592727193
ST00056,stool,1.70493160481115,3.6473898606112,5.44642831341808,2.95203628091724,0,0,5.84672852532219,0,0,3.75579189887337,0,1.2446159039206,2.52149624702072,1.70493160481115,3.73378517075349,2.97549184933093
ST00057,stool,1.29877943668156,4.8596457343574,5.1425860938451,2.91038687493485,0,1.29877943668156,5.8095784868277,1.29877943668156,0,3.61494617361155,0,1.97992664719661,4.42975788416636,2.66648740775112,5.04631909156904,1.46753321123746
ST00059,stool,0,2.7808606585757,5.8216893881889,0,0,0,5.47899825719162,0,0,4.33804243609143,0,0,1.03667789617257,1.31727871019458,4.11475966075812,0
ST00060,stool,0,3.50926337412427,5.73205047380226,1.6733438546702,0,0,5.64113787900065,0,0,3.1486392463526,0,0,1.84635292387961,1.6733438546702,4.14836157798878,3.59099897326312
ST00062,stool,0,3.33484257135969,5.43623886924797,0,0,0,5.84174310318422,1.57548818728519,2.26512469224255,3.79174649283143,0,1.57548818728519,3.84031416887375,2.04484552218414,4.11649106015913,3.55954458215147
ST00063,stool,0,3.77861706274377,5.45571402651436,1.826706972177,0,0,5.83897593592179,1.58849642718483,0,4.06819606253288,0,0,0,0,3.80766418122923,0
ST00064,stool,0,2.6820480075532,5.75420289215417,2.05298203331491,0,0,5.60984806017707,1.69010079430019,0,4.3102348686933,0,0,0,1.81281758221588,3.58071372713098,1.23035737273905
ST00065,stool,0,3.71586628369812,5.58058627563028,1.40533646079458,0,0,5.74280475681453,1.57569727061068,0,3.96745775612826,0,0,0,1.90523236792893,4.70530594168577,2.92937925350015
ST00067,stool,0,3.5719500226872,5.63314512161369,0,0,0,5.7352010734767,1.4018783595933,0,4.32235269037191,0,0,0,0,3.14804986213725,2.81634008286473
ST00069,stool,0,3.70070952181812,5.66909026157754,2.65940933164986,1.65947523727803,0.99698092814067,5.6805301670177,2.54319641039387,1.5649369402787,4.39432366511568,0,2.63313985297704,1.5649369402787,1.27557504770877,4.35591048841314,2.1841867722583
ST00070,stool,0,3.77018082214551,5.61168667753182,1.22071063591732,0,0,5.74992422683805,0.945051006743588,0,4.19183493004337,0,0,0,0,3.58304527467968,3.54413784285352
ST00075,stool,1.72936226545839,4.34959532113293,5.11166618558209,0,0,0,5.92073424823075,1.51287944653527,0,3.73156751551562,0,0,0,2.32530526049065,3.97457102937547,1.51287944653527
ST00076,stool,1.08972740598161,4.06477469188202,5.33439004973885,3.8233112530905,0,0.678061935571931,5.86840578912263,1.08972740598161,0,3.86047992368954,0,0,3.44220800423581,1.29721203099505,4.23332302018384,0
ST00077,stool,0,4.05773723773399,5.3361005022171,3.04281597084165,0,0,5.85040031588573,3.96649308020679,0,4.50979711595039,0,1.45063333270875,1.62156510009319,2.66635351404578,3.70573160945752,4.17179124480967
ST00078,stool,1.47377193893314,3.90614466749351,5.63900222459255,3.48026576978751,0,0,5.73033365500553,2.36390558126267,0,3.9092353621562,0,0,0,2.53937012429915,3.73317086429984,3.26534850585086
ST00081,stool,0,2.99898067362723,5.76414822151651,2.49285903921225,0,0,5.57224287439613,0,0,4.60731954472809,0,0,0,2.30174844791199,3.47901569354798,2.76105950618384
ST00082,stool,0,3.2696266505565,5.6569354426207,0.526695040226282,0,0,5.71992087898873,0,0,3.95598437296205,0,0,0,1.29889734215964,4.00561478211947,2.57048725768126
ST00083,stool,0,3.77052594691743,5.56624371978465,2.80798130394283,0,0,5.77950071367381,3.09370798873324,0,4.25290708040677,0,0,0,1.82120924850465,3.52088373690895,2.86954875480435
ST00084,stool,0,4.15246933745136,5.29423901555607,4.03813288248838,0,0,5.87603182201161,0,0,3.95157247746017,0,2.12230446139362,0,2.4216928454984,4.20540190443441,2.96458449939229
ST00085,stool,1.05345121915416,3.22302114168209,5.63879626009289,1.92157009988408,0,0,5.73293450593232,0,0,4.21137986828132,0,0,0,1.92157009988408,3.75289524293133,2.39520908071877
ST00086,stool,0,3.50446549474914,5.67989497216967,0,0,0,5.69108134932746,3.6805114410759,1.86681887146892,4.24829121137627,0,0,2.76471406481521,0,3.61685667100011,0
ST00088,stool,1.42337042918797,3.7796537608659,5.47154071090933,2.61185243062049,0,0,5.79191900311851,0,0,4.24805362249661,0,0,0,2.3118826687824,4.77885213222155,1.7161302938292
ST00091,stool,0,3.8134689472101,5.65538797783602,0,0,0,5.72813257433039,0,0,3.30173570079299,0,0,0,0,3.62897984635926,2.40016063126308
ST00092,stool,0,4.21335588924547,5.41870907420111,2.53533242809327,0,0,5.84759978506378,1.50099107155225,0,4.10410247880248,0,1.36030965585493,1.26811003796091,2.30687549775879,3.60727891439843,0
ST00093,stool,0,3.75551476943567,5.73667486587281,2.1961893449465,0,0,5.63647023139719,0.908252846866804,0,3.11496295228162,0,0,0,1.95277252720573,4.15723421346382,1.7875540036486
ST00094,stool,0,3.95054044128387,5.57429482622034,2.33388063640717,0,0,5.77226517075172,0,0,4.13200055194098,0,1.98420745198299,2.77628772274104,1.6876580404991,3.97426334728728,0
ST00095,stool,0,3.47395182611571,5.28431260053555,1.83188932969046,0,1.53720849783682,5.86743105628917,0,0,3.68587349936825,0,2.56698730859842,4.46444903019191,0,4.34067709042222,4.05208439360477
ST00100,stool,0,3.40683984691982,5.46184550832764,1.7161302938292,0,0,5.81722257876079,0,0,4.32924243565901,0,2.01296540724386,3.68551282213796,1.93462638540306,4.36795108591298,3.19933583639695
ST00101,stool,0,3.536226941394,5.79574045576879,0,0,0,5.54212501045926,0,0,3.27464712319734,0,0,0,1.19898576581908,3.9623506073253,4.08867833992351
ST00103,stool,0,4.173029340872,5.39298542689194,0,0,0,5.82690215261196,0,0,3.93001315999611,0,0,0,0,3.8285689462946,4.71112734011237
ST00105,stool,0,3.21293232619816,5.72868083740427,0,0,0,5.63060455218706,0,0,4.49476596323725,0,0,0,1.15432189505232,3.6142284318381,2.62893292102133
ST00109,stool,0,3.30943404768943,5.53073683774126,3.65943158754794,0,0,5.77997387522337,0,0,4.37427294994103,0,3.16041351667447,4.0843036945041,0,3.91133427042504,3.78143646576579
ST00111,stool,0,4.57327242200507,5.53777335385218,1.18017954916508,0,0,5.72025604793439,0,2.54967354706324,4.04096741970412,0,0,4.65864194638228,2.19468243203175,4.47129077983787,3.76442341434253
ST00112,stool,0,3.28224539193232,5.65001953728664,2.43034135788089,0,0,5.71498871510339,0,0,4.4635031125924,0,0,2.83305673814758,0,3.40814056514531,1.27625513146379
ST00116,stool,1.15858386132427,3.91768034367896,5.06088436000221,2.03446294759851,0,0,5.92227020152633,2.03446294759851,0,3.91058473551931,0,2.61974803450251,3.86059981898108,2.45110173503844,4.27504206180049,3.7327280997523
ST00123,stool,0,3.7416705133846,5.64356016455951,0,0,0,5.73339630649936,0,0,3.97374974398761,0,0,0,2.08244094499007,3.556075921169,0
ST00124,stool,1.12670714426377,4.21392130241958,5.38376269120404,1.87694730925593,0,0,5.85527339331484,0,0,3.14252287785405,0,0,1.12670714426377,2.45624139284623,4.36739937964416,0
ST00127,stool,0,3.60169886315672,5.83098654754156,0,0,0,5.46259867417484,0,0,4.28497764956906,0,2.15236122948123,0,0,3.94173387196367,1.97779623467122
ST00131,stool,0,3.26040255429005,5.84854956303442,0,0,0,5.34344054934799,0,0,4.79811719088371,0,0,1.57721047678083,1.67181503799274,3.95565844541999,2.17056118390598
ST00132,stool,0.958533848257096,3.96027146584095,5.5995100712735,2.99114361234537,0,0,5.76285280756765,0,0,3.77839102766604,0,2.08757050181478,2.18948485655716,0,3.80560981816386,2.52200610076618
ST00136,stool,0,3.49839413698484,5.43860829074757,0,0,0,5.7998294837095,0,0,4.27340420763444,0,0,4.69208512116233,2.42072654215297,4.35106049139302,2.96361557210901
ST00138,stool,0,0,5.31586720494668,0,0,0,5.87912774294109,0,0,2.90237645712122,0,0,3.49024454106937,0,4.5066117666927,0
ST00139,stool,1.53159411388922,3.57086585233888,5.48083760515261,1.8261917186723,0,0,5.82575476039039,0,0,3.14219506269737,0,0,0.966247590439343,2.31661265380734,4.33522539408485,2.93411171286464
ST00141,stool,0,3.59407894991185,5.78361531194749,1.41376935874058,0,0,5.57474455812775,0,0,3.82811607544766,0,0,0,0,3.74214016817234,2.76849637976324
ST00142,stool,0,4.5839452530043,5.87639967001515,1.89785166898699,0,0,5.25427884246841,0,0,4.04708923485279,0,0,1.22032184537815,1.22032184537815,4.26636031904156,1.22032184537815
ST00143,stool,0,3.41041234250051,5.52075858390783,2.89972316349546,0,0,5.80491964957986,0,0,4.11637178710351,0,0,3.62094958494792,1.30828952401838,3.85465428901352,3.37293575159704
ST00146,stool,0,4.04533728877038,5.59968264250076,0,0,0,5.74122514566287,0,0,4.12680363922474,0,2.24841569922642,3.86926559144406,2.94542034902494,4.25458195151467,2.24841569922642
ST00150,stool,1.50210162047097,3.74517077682841,5.57019885239529,3.68696103507163,0,0,5.73230280821306,0,0,4.38768813416466,0,3.28777912669349,3.35370845620405,2.93068123320206,4.03232300545506,4.57659853296045
ST00151,stool,0,2.82264457699801,5.65914390306691,0,0,0,5.72650633433853,0,0,3.87429434422205,0,0,0,0,3.46579550025918,1.16687786857314
ST00152,stool,0,3.23350903861947,5.64833400004355,0,0,0,5.73498760681559,1.7931467469879,0,3.8804508524932,0,0,0,0,3.382874242284,1.21157360287775
ST00159,stool,0,4.03329816919075,5.53865260582334,0,0,0,5.4827690921727,5.42566919611385,0,4.60999812353454,0,0,1.62094379296936,1.85950366836153,3.4572198824548,4.46867307099234
ST00161,stool,0,3.58258795590909,5.66807497694849,3.15438615500583,0,0.908158326399939,5.70789916409535,2.30022462492436,0,4.12967144467306,0,1.9695129151004,3.14123407399813,2.05881514616301,3.36562055521988,3.0444024853591
ST00162,stool,0,3.85166386834572,5.52978659370327,1.82586351630081,0,0,5.76084873149785,1.97881555695639,0,4.47966712671818,0,3.7852069095075,3.1448043911897,2.57744198014258,4.56463918874254,3.43977205271892
ST00163,stool,1.80758325618943,3.36578825959326,5.50383761249345,1.86472888403461,0,0,5.82140024404118,0,0,3.57799682677268,0,1.44853272041226,1.66415241182777,2.95614873142631,3.78696865677204,3.68167005987453
ST00166,stool,1.23930335691419,3.75890465733355,5.56667922554519,3.62776158085432,0,0,5.76578919845376,0,0,4.10787181355107,0,0,3.73539340026967,0.96260973938876,4.29722552556603,1.69940811455845
ST00167,stool,1.0948847505795,3.31095436467198,5.16955133478516,0,0,0,5.85388648565442,0.981428199616946,0,5.12657375588498,0,0,0.827428854155802,1.58190408741069,3.27948592587513,1.95266795044257
ST00172,stool,1.05572561567685,3.69842381504241,5.75980729688904,0,0,0,5.60758502990717,1.62814719786847,0,4.0905922414204,0,0,1.21889328351147,2.08006525068699,3.33815924122583,1.33722308768174
ST00178,stool,0,3.54584271389653,5.46418901474878,2.28670635304581,0,0,5.83703384963436,0,0,4.21133965507057,0,0,0,0,3.23287872748784,0
ST00183,stool,0,3.85237324322171,5.69733070706203,3.09339672023761,0,0,5.67655953636106,1.43711903874369,0,3.37052354737223,0,0,1.82542912951019,2.07780682996045,4.079473013082,3.61417866039055
ST00184,stool,0,3.74479641838891,5.82836290180372,1.9352089088605,0,0,5.48391602619606,0,0,4.14068831198974,0,0,0,0,3.35152355894785,1.34801654384257
ST00193,stool,1.46290065336261,3.28988628098516,5.54201122404209,1.46290065336261,0,0,5.80643719898747,0,0,3.83955839470651,0,0,0,2.10432022089505,3.34824058009715,0.903545543212289
ST00194,stool,0,3.43393919063249,5.7472934780072,0,0,0,5.59566978643093,1.55670064611137,0,4.51483770865953,0,0,0,2.20043619963317,4.05102120966371,2.09207315879414
ST00205,stool,0,2.91469105703901,5.61068532465918,1.56078135686424,0,0,5.75974473714733,0.65679928624908,0,3.28926005101864,0,0,1.56078135686424,1.06490538666815,4.14552219287622,1.67196055539152
ST00207,stool,1.26432694539655,3.32896037579122,5.72368481339641,1.57621983152454,0,0,5.4943647332523,1.5037414138604,0,5.18457596837556,0,0,0.467019349209186,2.24729348928642,3.44731071357814,2.62328255489933
ST00222,stool,0,3.83194524786417,5.75618674631934,1.83080644604829,0,0,5.54676606402981,4.61779847952464,0,4.28281850500469,0,0,0,0.970427989305884,3.42110869551891,3.86083597926632
ST00223,stool,0,3.32888234926257,5.69204760657475,1.35838977423375,0,0,5.69354733804071,0,0,3.7719749938579,0,0,0,1.19170983181835,3.78043756179574,0
ST00226,stool,1.36106804399838,3.27036182494272,5.51466973160418,2.04463939175666,0,0.731831778042043,5.81858833961672,0,0,3.64112145439261,0,0,3.28840874745315,1.43708595111413,3.58785097761797,3.33227385025131
ST00227,stool,0,3.78309193481492,5.80771626862112,0,0,0,5.53170440357407,0,0,3.01443279652801,0,0,0,0,4.01944905566335,0
ST00228,stool,0,3.64614656316876,5.38641293255129,3.2113918932341,0,0,5.84036516553104,0,0,4.24367888999353,0,1.96063360351677,2.2592795666174,0,4.2547296138536,4.348568796074
ST00231,stool,0,3.84886913686363,5.48733332719554,3.27785331277332,0,0,5.80565047946201,0,2.17502616496764,4.22103489116214,0,1.41114975237537,4.30193295860226,1.12665238949532,3.81809331961492,3.09760116665392
ST00232,stool,1.88932013660709,4.07498131662445,5.59071174570376,2.40825856742818,0,0,5.727204380771,0,0,4.78822241046153,0,0,1.88932013660709,3.08815474852017,3.25805700312584,0
ST00234,stool,0,4.3832370876326,5.2022421998297,1.43656793203146,0,1.60732881827654,5.87804700526667,1.43656793203146,0,3.98685869426001,0,4.13305810768913,3.04401833731316,1.82486565821152,4.46453895925649,3.88432611248131
ST00243,stool,0,2.79851798795203,5.74701160344455,0,0,0,5.60137575250361,0,0,4.36291505796401,0,0,0,1.2820494032075,4.26558244675445,0.916869344643071
ST00248,stool,0,4.13490652918532,5.59237780758372,2.4897859355137,0,0,5.75395981520222,0,0,3.82040053691413,0,0,1.48175274120396,1.65304325705541,4.11215256771429,3.889259356258
ST00253,stool,0.924568572014555,4.07072088552901,5.40876337732165,0,0,0,5.84641484872379,0,0,4.2082426369741,0,0,0,1.7799194026095,3.60844764366338,3.97884665173269
ST00259,stool,0,3.74761825076534,5.67084155830238,3.133900560428,0,0,5.6551562391779,0,0,4.58418389571318,0,0,0,0,4.51581184198269,3.08278791969537
ST00266,stool,0,3.37158582688604,5.77061938342933,0,0,0,5.50047514591242,0,0,4.91854168463255,0,0,1.00498825592115,1.81163295473728,3.62264288775988,3.6264021439777
ST00379,stool,1.6081156865305,5.02224186096492,5.15267430407096,2.94019585056423,0,0,5.85791878066741,2.14446771908352,0,3.10949547545693,0,0,2.55273501152447,2.50173450297792,4.25243719255322,4.03188373276802
ST00382,stool,0,3.13271543349037,5.62958827599751,2.44969339513189,0,0,5.71989428337509,0,0,3.53493174711364,0,0,0,2.15020269157609,3.29087619811511,4.62316313375428
ST00383,stool,1.93522366845331,3.85963159774935,5.55840914864186,2.95341362313416,0,0,5.74936317542681,1.82279014168137,1.31488962032748,4.65519387750121,0,1.14918939653433,1.14918939653433,2.86601898294028,3.82699786803735,4.1973519666853
ST00384,stool,0,0,5.55332815766967,0,0,0,5.79247064815496,0,0,4.3492263945913,0,0,0,0,0,0
ST00386,stool,1.61640280187825,4.50614969422563,4.58859398642269,0.95754098894708,0,0,5.96142403883743,3.57901138497044,0,3.47865213172994,0,0,0,2.47645304751948,3.76057261113031,3.09184210733281
ST00387,stool,0,3.45329374499518,5.80183754899368,0,0,0,5.54347439617154,0.89617900626911,0,4.11689086377402,0,0,0,1.33487794143491,2.95161983332944,0
ST00411,stool,0,3.83784545059426,5.360341179896,3.16004679162049,0,0,5.87085904520645,0,0,3.38432148880139,0,0,0,0,4.23359775367691,1.93437827978953
ST00412,stool,0.684711883072161,3.51305778003048,5.6691240146717,1.75115784120979,0,0,5.71028409544384,0.632472853767039,0,3.25358926608966,0,0,0,1.56399495724033,3.62175016595323,4.02860536786297
ST00420,stool,1.92288354618787,4.57121126007134,5.37648977151648,2.61768414838028,0,2.41226510411177,5.83028375324764,2.14265259820593,1.2874557151772,4.23155821166332,0,0,2.00908963922407,3.2401347084874,4.45451966305064,0
ST00425,stool,0,3.13536801191856,5.82346054369707,2.89495814899633,0,0,5.50224239258449,0,0,4.07192247312774,0,0,1.78760212909386,1.20628602812099,3.26677244615069,2.45866804245354
ST00465,stool,0,3.82508721451467,5.70528955003738,1.00033825919807,0,1.00033825919807,5.67556371286797,0,0,3.40194852395784,0,0,0,1.27910965597061,3.98485809476483,1.00033825919807
ST00480,stool,0,3.13763079134937,5.71179068742508,0,0,0,5.67410566097496,0,0,3.98579799522749,0,0,0,1.36635965021405,3.22833424531561,1.91682705704954
SW00001,swab,2.47090988598203,3.67964006405938,5.69702370346292,1.43455453473106,0,0,5.64771960056445,0.877934009761538,0,4.50545998172655,0,0,0,0,4.31730656091146,0
SW00002,swab,0,3.46545478850604,5.58437776795653,3.24115943370125,0,0,5.77493695331569,2.08102679532944,0,4.10450036199246,0,0,1.54587600764921,0,3.45257124523786,1.25703034869783
SW00003,swab,2.47393825582838,3.78518440778107,5.39457729205686,3.22286007993511,0,0,5.84225041781345,2.97354167612129,2.09576384643354,3.89303890268585,0,1.12603570795937,3.58513955391787,1.41050912491855,4.51862799397227,3.42688256267355
SW00004,swab,2.58106518300456,3.96508981622278,5.52103016533516,0,0,0,5.77900657356295,1.55092069426536,0,4.4659167058148,0,0,0,1.84580026382133,4.44649554378011,0
SW00005,swab,2.61399538863376,3.54957407864407,5.64579919563167,0,0,0,5.71676970890121,0,0,4.3242593421404,0,0,0,0,4.06629342089791,0
SW00006,swab,3.04059416528341,3.43195893517118,5.43692988590212,0,0,0,5.84013199795035,1.22784176160757,0,4.17311809827716,0,0,0,0,4.19774261570462,0
SW00007,swab,2.29291044824146,3.43351992776332,5.39179169354107,3.75150015022346,0,0,5.82553668515444,0,1.94348472688285,4.50613780718512,0,0,3.45717535820804,0,4.60946177812747,1.94348472688285
SW00009,swab,1.41464984522741,3.31949819289223,5.58330263478885,0,0,0,5.77664225513002,0,0,4.03862135404266,0,0.860047980805645,0,0,3.77058922380972,1.70724032775404
SW00011,swab,2.8510076668445,3.6373091235037,5.63146475750587,1.5071381014091,0,0,5.71867866905652,2.79514040825018,0,4.15643789016324,0,0,0,0,4.45780643461442,1.60133773124457
SW00012,swab,2.22120462242697,3.18771111116173,5.66277703592444,0,0,0,5.71458033654267,0,0,4.03766440898229,0,0,0,0,3.95656136488434,1.42241217923393
SW00013,swab,1.87219310286895,3.72319062375746,5.51635962185812,1.15729913408248,0,0,5.7772891877019,2.00533449863084,0,4.39700738451474,0,0,0,0,4.6273054037658,1.15729913408248
SW00014,swab,1.99207983016115,3.76329822240805,5.72534211477945,0,0,0,5.6217923961657,3.92925528537092,0,4.31338831289739,0,0,0.827189960438925,1.47108816133024,4.17898252322847,0.827189960438925
SW00018,swab,2.38089627821942,3.76250780067743,5.71824415244538,1.33876623393883,0,0,5.63936563480453,1.05720101119931,0,4.30316184814073,0,0,0,0,4.12290087671888,3.3031314272838
SW00019,swab,1.46479771960608,3.89178656405147,5.74869343386242,0.90526529722991,0,0,5.60721437255013,1.17841120330278,0,4.41155552224187,0,0,0,0,2.96532516305269,1.17841120330278
SW00020,swab,4.08256021536924,3.81617682539687,5.38654851293371,0,0,0,5.85757808043883,1.73083615360749,0,4.12698464309096,1.2695648911655,0,1.8537523412326,0,3.41599595697163,3.1092282770245
SW00021,swab,3.79867192301305,4.11734500746854,5.3692212586259,2.03792681171477,0,0,5.80687420080848,4.25666922091807,0,4.09529037086662,0,0,1.56869302827561,1.95954079029629,4.87414518268941,0
SW00022,swab,0,3.65346739639066,5.72247371236987,2.72477126832215,0,0,5.64750784263131,2.02906294266189,0,4.25289296768897,0,0,2.20379814465157,0,3.68782895912485,0
SW00023,swab,3.15276967229621,3.32181351104943,5.59591442362062,0,0,0,5.76560160564242,1.25313445603244,0,4.00274490001959,0,0,1.54186875323106,1.25313445603244,3.95739747431904,0
SW00024A,swab,3.05956359146764,4.02513269629615,5.34834073313606,3.35713617503941,0,0,5.66976604256253,2.01761774538938,1.37876134177175,4.57000949095068,0,1.47202486555916,3.50647814637936,0,5.40648723072613,0
SW00024B,swab,1.58252333953275,3.74573446637041,5.42997494311536,0,0,0,5.83198121909108,1.87783741970422,1.58252333953275,4.4402627535036,0,0,0,0,4.25543587222998,2.61346684004457
SW00025,swab,2.15045993143361,3.22681664012946,5.47001188794434,0,0,0,5.7714885717943,1.97590162129966,0,4.48783594347443,0,0,0,0,4.90880969535656,2.44995154808406
SW00026,swab,2.95776897174669,3.61178411505651,5.74293313534313,0,0,0,5.56515147078295,3.65635588957561,0,4.51857917045702,0,2.79236531849458,0,0,4.55843421854659,0
SW00027,swab,0,3.78929769562802,5.71876999652414,0,0,0,5.64656061801416,2.47367069339459,0,4.26811248309571,0,0,0,0,3.71533074489761,3.52349168707023
SW00028,swab,3.7962671421094,4.33428861273673,4.94428062560666,0.860611894532713,0,0,5.92347800663176,4.15072100772287,0,4.06691377716646,0,0,1.50883756549569,0,4.29878320836545,0
SW00029,swab,2.41951320873774,3.98844460429066,5.43455779640018,3.50077954326016,0,0,5.66839997156407,2.12013306859188,1.90047442163289,4.26359874954027,0,1.72710535041389,3.83622168072471,1.43414101435749,5.34896075182745,0
SW00030,swab,0,3.66251595822762,5.57824503466044,2.0929973368353,0,0,5.77833148990319,1.09760074841817,0,4.07851817514245,0,0,0.938516282219117,0.938516282219117,3.6405689673939,0
SW00031,swab,0,4.08987799822876,5.71769989805702,0,0,0,5.59087451947747,2.58582127438709,0,4.83836002998163,0,0,0,0,3.81520809666858,0
SW00032,swab,2.91577260120106,3.46420867545306,5.32289943246162,3.73839712004248,0,0,5.84648832044302,1.80811053431495,1.80811053431495,4.49548185788809,0,0,3.27135626547441,0,4.61755346148495,3.54178912889252
SW00033,swab,2.78113493776578,0,5.45343790970229,0,0,0,5.84045255496888,0,0,4.32450409079878,0,0,0,0,3.22000992880611,0
SW00035,swab,3.64500276563755,3.9570087539709,5.36461628326954,1.41874933475514,0,0,5.80866260157263,3.84908586486745,0,4.484306894213,0,0,0,1.41874933475514,4.85686960983841,3.2533671061351
SW00036,swab,4.23070861596382,3.76004766607451,4.83395861387778,2.10538147628076,0,0,5.93606395830183,3.21616823937945,0,4.35845703118518,0,0,2.28033550071277,0,4.31682558709912,2.58022527599366
SW00038,swab,2.72943363342162,3.8748091072109,5.48658964239821,2.60476472946413,0,0,5.7918633376061,2.72943363342162,0,4.7393549081777,0,0,2.42921263327897,0,3.97786718799883,2.72943363342162
SW00039,swab,2.77893084001491,3.56365617541274,5.29461306458466,1.95909723385272,0,0,5.87416180520783,1.49141633454828,0,4.19570708075881,0,0,4.04892535264771,2.25773472489761,4.36199195192037,1.49141633454828
SW00040,swab,3.23825813090474,3.74868117670581,5.46907121018005,0,0,0,5.6680862342558,4.9273552939041,0,4.57509379653921,0,0,0,0,5.03946759224509,2.90275866423517
SW00041,swab,1.78920934463664,3.97804046247669,5.65686771999294,0,0,0,5.566856197874,5.17777379517819,0,4.13815258011265,0,0,0,0,3.53809580197312,0
SW00042,swab,2.16221418420094,3.24463348298511,5.75000144072018,0,0,0,5.59676362933751,2.61257327925573,0,4.44566162707651,0,0,0,1.51934019712069,4.08866888086631,0
SW00043,swab,2.74203952979096,3.86036489439608,5.32647632168924,2.30615381398812,0,0,5.86443832341161,1.06440592552099,0,4.56796160335342,0,0,0,1.51581860518763,4.04273897997603,0
SW00044,swab,0,3.76514065998802,5.70605190403545,0,0,0,5.63636522577202,4.1474319344111,0,4.50775849279161,0,0,2.53588344055085,0,3.73881638271897,3.01216091097989
SW00045,swab,3.44019907753309,3.91307854274905,5.47734410856984,2.78329819689699,0,0,5.75460634526711,3.78559784903736,0,4.44018720899172,1.1261467018684,0.70956591722747,1.53132461669987,0,4.93506290780609,2.17448327927864
SW00046,swab,3.08947757888542,3.29244003720262,5.60076129422621,1.38320197263403,0,0,5.73516953468172,1.38320197263403,0,4.69486460203827,0,2.14611272862244,2.6920673959513,0,3.63632535267894,1.17317188595905
SW00047,swab,3.68376677545517,3.56740050662566,5.61734840312974,1.48544413157794,0,0,5.71656789574525,2.23830846514145,0,4.67436859488761,1.15973761143238,1.55580440817185,2.10513286112935,0,3.93967077713328,2.18067477844599
SW00048,swab,1.90635430013177,2.47641626187743,5.585711754116,0,0,0,5.76046188835699,2.44655659759181,0,4.54906079150758,0,0,0,0,3.42614020169676,0
SW00049,swab,2.18578170313758,3.31448951382409,5.76619014858292,1.53572600927822,1.02218233685129,0,5.59754992330739,1.91357178988649,0,3.99694084368998,0,0.760574621441434,0,0,3.76493687670968,3.36994147413627
SW00050,swab,0,2.75291723799691,5.32181796533761,0,0,0,5.89163551585175,2.45265369226838,0,3.89050801734849,0,0,0,2.32822517184523,3.34061941307573,0
SW00051,swab,0,3.5631908314015,5.58670665409915,0,0,0,5.77248852265144,0,0,3.91709071480239,0,2.1349033607801,2.73456927185698,0,3.9578309751868,0
SW00052,swab,2.88415687170982,3.20153425105123,5.27441650598573,1.11230812295674,0,0,5.89225004262096,0,0,4.22911132639562,0,0,0,0,4.08986015760249,0
SW00053,swab,1.25522041738421,3.53943915686591,5.63101335190621,0.823861862278266,0,0,5.72908181839335,2.59946417575109,0,4.44481163175361,0,0,0,1.46730814582701,3.67815964241933,0.823861862278266
SW00054,swab,3.63066395601871,3.64307035052528,5.38491795741929,3.37735611765206,0,0,5.85441797870851,2.39552358492114,0,4.25749172533955,0,0,3.04130662878445,1.67602941538367,3.98834846712716,3.28678766647227
SW00055,swab,0,4.12873474645623,5.40536555895104,1.56548941913947,0,0,5.83303770891127,0,1.78258779363153,3.71795061997821,0,0,4.35425090067689,1.98401267781584,4.30404457160617,3.51268940579722
SW00056,swab,2.08083443033044,3.37479298880383,5.58867512703666,0,0,0,5.73045950173649,1.61086470953042,0,4.35254465221008,0,0,0,0,4.66399820911771,3.52707851923871
SW00057,swab,2.03830131547606,3.43867637598717,5.66914197413149,0,0,0,5.70573283517513,0,0,4.16612987395358,0,2.4095818584742,0,0,3.87776689386187,1.48450606877441
SW00060,swab,1.89832209822089,3.5437157549921,5.63603482103804,0,0,0,5.73426828248209,2.40638893310798,1.60274631753275,4.17669377501058,0,2.19659908257266,1.31242346049498,0,3.77936142491921,1.60274631753275
SW00061,swab,2.8580371943642,3.86154685192992,5.41007912831572,2.75099581046257,0,0,5.81332333351727,2.91708199495909,0,4.88364143124216,0,0,0,0,3.80770472521898,0.929508989780306
SW00062,swab,1.68409488471837,3.53196917589661,5.62484065300492,0.559749969167562,0,0,5.66217752403051,3.46929879464903,0,4.60283504605819,0,0,1.10819648855159,0,4.07730974940181,4.78281309302805
SW00063,swab,2.16347515698524,3.5705341314004,5.58559552441034,1.47626698425656,0,0,5.7405542561815,0,0,3.87150574904277,0,0,1.18950501106355,1.47626698425656,4.72634021830569,1.18950501106355
SW00064,swab,4.05745009021897,3.43561653191032,4.72596373633773,0,0,0,5.9539716430267,2.05905341992819,0,4.37123479795026,0,0,0,1.76179777581553,3.97437014297723,2.05905341992819
SW00065,swab,3.85519464641237,4.45720917311041,5.1837712667405,2.95252876660928,0,0,5.84566773475289,2.35191972086398,0,4.7229042707317,0,0,0,0,4.75311223659459,0
SW00066,swab,3.57156152944661,3.96994728095381,5.30793046023291,2.48237013770246,0,0,5.8516497575086,0,0,4.17781267018731,0,2.4138994431132,3.45936910140298,1.95221030013651,4.72621753918102,3.10653971611993
SW00067,swab,3.29010537083051,3.29010537083051,5.22940444833913,0,0,0,5.8924857115954,0,0,4.06807101586272,0,0,3.68791175164573,0,4.42023290625995,3.46612239726406
SW00068,swab,2.1015619310159,3.20311841335335,5.65394254246099,1.54636134661346,0,0,5.71937302663135,3.63200742748553,0,4.17633294445328,0,0,2.93228736307095,1.54636134661346,3.5086393190416,1.54636134661346
SW00069,swab,2.69793239338466,3.40431996556843,5.18728725853008,2.81854306468795,0,0,5.91466449813353,2.77285885018543,0,4.04433800453134,0,1.01672344897158,3.38626323581246,1.82443872686218,3.7982802106113,2.518172108888
SW00070,swab,2.24686966670143,2.94797919543512,5.6218098268009,1.24844222078553,0,0,5.74732790914339,1.63142151883706,0,4.25996603522088,0,1.41628567815275,1.48084689410663,0,3.4928660678265,1.34042237267161
SW00072,swab,1.89571704130592,2.84502349063235,5.6642397519197,0,0,0,5.70850224210551,0,0,4.33148254168244,0,0,0,0,3.69472791969863,2.19397740953763
SW00073,swab,2.91069286566272,3.03795655746684,5.750073357493,0,0,0,5.62026787652872,2.24689674216396,0,3.30034771269568,0,0,0,1.28959317144637,4.16408831376889,3.24467732308268
SW00074,swab,2.74757645038674,3.61505379148608,5.4571964075052,2.61522816041259,0,0,5.82662817958159,3.79547402754943,0,4.40758177879636,0,0,0,1.95006644396507,3.68693284278323,2.87939645541391
SW00075,swab,3.50426944212891,3.43807557142821,5.50439791693372,1.52176111138737,0,0,5.78355679475496,2.11391210930085,0,4.79428748183712,0,0,0,0,3.66695423989959,1.52176111138737
SW00076,swab,4.09059099809184,3.46145179438877,5.32121004764194,1.9385201544678,0,0,5.87294337045901,3.20923195401792,0,4.38441427313439,1.40678383181135,1.69921852734694,1.69921852734694,0,3.45775693159059,0
SW00078,swab,3.01832965909425,3.98799453881127,5.47157261011986,2.49104358026616,0,0,5.68767841630063,0,0,3.73584825669811,0,2.84244652328457,0,0,5.29945365341381,2.19141330304146
SW00079,swab,3.21703319471669,3.61397118042139,5.64825148086094,2.05289252908893,0,0,5.59417955868071,1.61260085797355,0.954075780371202,5.13600327543804,0,1.39775993851288,1.39775993851288,0,4.29102583516585,1.39775993851288
SW00082,swab,1.78393954696656,2.95331286508111,5.60490874308158,0,0,0,5.76695299495145,0,0,3.91033005407927,0,0,1.11263874908665,0,3.54918210870903,0
SW00085,swab,2.03758574242059,3.47568657997227,5.63333213611452,0,0,0,5.68944382101887,1.91397261145095,0,4.59559079518787,0,0,0,0,4.55353393424337,3.41995124367775
SW00086,swab,2.03754893875009,3.3361327122571,5.58789373149514,0,0,0,5.77657740130564,0,0,3.84860518506416,0,1.44727719293704,0,0,3.73096636575447,2.43309240930448
SW00087,swab,2.57601383941888,3.9803670642527,5.71836323444332,1.35397125466882,0,0,5.40921607518999,1.26184050807799,0,5.12167477313103,0,0,0.983948389142012,0,4.8918711057813,2.50592878593851
SW00089,swab,1.51039085876467,3.50550638508206,5.82085194070137,0,0,0,5.49909356475469,0,0,4.23351108803737,0,0,0,0,3.32045251521205,0
SW00091,swab,3.61354952003857,4.05892877447016,5.51668446440011,1.88277352213836,0,0,5.76732927000182,3.27521778041694,0,4.72678185734843,0,0,0,2.05696440590045,4.18027199994067,1.88277352213836
SW00093,swab,3.20884111553734,3.31049394751031,5.50577187135298,0,0,0,5.81158217631427,1.08727062130671,0,4.33623718745546,0,0,0,0,3.78667752438889,1.75684948976992
SW00094,swab,2.07795443640503,4.21105710898486,5.52053753943388,1.90367407587581,0,0,5.54383854841376,3.97744556161472,0,4.68391322935213,0,3.14157021362685,0,0,5.38557087569706,1.60803190591178
SW00095,swab,0,3.64406955750639,5.39199423502413,0,0,0,5.83674204265899,0,2.13224331534962,4.24236428269513,0,0,4.34681650750401,1.28304098847522,4.31450753897864,3.26948131158384
SW00097,swab,3.04370069543162,3.38488283353887,5.60809274034616,2.20095260940837,0,0,5.59013989963057,5.14622549146919,0,4.31720646812454,0,0,1.02390647471877,0,3.29481336715342,4.58862075609031
SW00098,swab,0,3.50613552730976,5.76424557887807,0,0,0,5.57859830646338,0,0,3.886770072774,0,0,0,1.95454668236865,4.46159596062944,0
SW00099,swab,3.95910458377005,3.55013135453964,5.37637657890131,0.85297770935266,0,0,5.85274265985906,1.57713533202762,0,4.10312515167507,0,0,1.79436006993547,1.64243633486568,4.35730830378935,3.15869973593198
SW00101,swab,1.84159258432118,3.59127879534641,5.53203325999454,0.79687980863062,0,0,5.81183019915317,2.04747930487247,0,3.71132826445414,0,0,1.22513382705197,1.98118089511598,3.26441101249642,1.06178446133841
SW00103,swab,1.80049303165508,3.39143429648529,5.40919889668532,3.02442239671687,0,0,5.84097842681021,1.94465224160391,1.87852688098995,4.00685753846399,0,1.58320379306756,4.34307615972282,1.41274542095872,4.12965423448197,2.75810923495547
SW00105,swab,3.040102798517,3.84525799255983,5.53989549955796,1.46026231334638,0,0,5.7005970808491,1.01224285804594,0,4.40320829231135,0,0,1.58142228377462,3.3278642895677,5.05812175330644,3.19082105885495
SW00108,swab,2.7641072804046,3.39041938612767,5.65748048646199,0,0,0,5.71839642380672,0,0,4.21145517014516,0,0,1.54545840318707,0,3.50617337378038,2.13814132206047
SW00110,swab,2.99055920305716,3.2720721597692,5.56614451752683,1.06539147305571,0,0,5.73041855045639,3.22524302213007,0,4.87997041762369,0,0,0,0,4.11837884994499,2.83314548570302
SW00120,swab,3.19750196418189,2.89087281245562,5.62188924919756,0.906437273892991,0,0,5.75290697571035,1.70271723748521,0,3.4311457349758,0,1.1796607837862,0,1.1796607837862,3.99135518262976,2.41878207863451
SW00123,swab,1.80773262018912,3.64184904987363,5.6160105124872,2.84293444856541,0,0,5.67987868456535,1.92529319617825,0,4.86384202456611,0,0.883985300088505,3.32240032435304,0,4.43248440707899,2.98351337042063
SW00124,swab,0,3.43286880960651,5.73267774030657,0,0,0,5.64816208009278,0,0,3.82702748861687,0,1.1372074178959,0,1.4221092082015,3.6714478007455,2.8453121307875
SW00131,swab,3.71789076278875,3.73561620349676,5.29244384968654,1.45018879208459,0,0,5.72892931393522,0,0,5.38041969564617,1.74344835967598,0,1.45018879208459,0,4.23867087082947,0
SW00133,swab,2.28738614914601,3.23151910653041,5.71826992233486,0,0,0,5.66613518819558,1.52029669184194,0,3.58988536854814,0,1.81472347848172,3.12010167415154,0,3.81240659067961,0
SW00137,swab,3.92185993274958,3.58927800465202,5.0880351052739,3.19077686413422,0,0,5.88901465796053,1.72526345679698,0,4.33507807541956,0,2.51422107329898,3.24873382183602,1.60304141307315,4.81131300447743,2.83159374087928
SW00142,swab,2.16046495140095,3.54674258771274,5.68630650857424,0,0,0,5.58897886663039,4.05236131861134,0,4.71556982537401,0,0,0,0,4.75734382911857,3.33374585952426
SW00144,swab,3.88742930876921,4.29218146615772,5.46230302577489,0,0,0,5.79968893630472,1.69590651213794,0,4.56652159136294,0,0,1.03058793119729,1.47985054113888,4.16739384166803,2.78121086528769
SW00147,swab,2.84542177476937,3.420374173327,5.61996191857659,0,0,0,5.72955710041931,0,0,4.51271218243587,0,0,0,0,4.03316732700693,0
SW00153,swab,2.57198727984474,3.31575958777076,5.64580200271729,3.49753135985204,0,0,5.67002396013104,0,0,3.96395683219041,0,2.16363746249474,0,0,4.87438395557697,1.62695506942899
SW00155,swab,1.08767372215057,3.19080809224755,5.67248030370548,1.54046581636492,0,0,5.69809155775748,0,0,4.04544509379429,0,3.6560499709369,2.28336547928457,1.08767372215057,4.11251185896848,2.33143202876351
SW00156,swab,1.3872148531841,3.67590733551154,5.38755538294911,3.40262904696318,0,0,5.83920432743183,2.04200079829586,2.25605509258234,4.18662703471028,0,1.67924926217832,4.31648808300519,1.3872148531841,4.31370164249444,3.00628376983206
SW00159,swab,0,3.60887947661897,5.67717448683741,0,0,0,5.71017037106463,0,0,3.64673403724858,0,0,1.25093550169466,1.63400192646198,3.4551774429286,0.973615948207929
SW00168,swab,3.09038371698178,3.15017701972032,5.66998420456575,0,0,0,5.70616098991003,1.46183817474817,0,4.26051645974982,0,0,0,0,3.48414716415947,0
SW00169,swab,3.86295480027482,3.50321009622387,5.34724287678389,2.52823661563027,0,0,5.86616864906439,2.41367189724292,1.60341016493913,4.31461051751171,0,0,3.37078556143546,1.50919767207713,3.92855982086309,2.15182437020228
SW00173,swab,0,3.83836371154761,5.72532356989966,0,0,0,5.63741616836621,1.75956213279676,0,2.56603546456617,0,0,1.75956213279676,0,4.43590391343411,2.15294544832473
SW00174,swab,2.63311226779906,3.06796682690473,5.42958722615978,1.99030051355228,0,1.05577969707187,5.83254981918762,0,0,4.35194520248028,0,0,2.93885255406891,0.649026508034607,4.39633001042481,3.03044536308663
SW00177,swab,2.95354744266334,3.19025667608215,5.56411462610253,2.65582352063319,2.02773839013258,0,5.78307004486034,2.21816638990632,0,3.85939553393429,0,0,1.55869010247533,1.73076363596865,4.20757408942247,1.26949497262353
SW00179,swab,2.83087384466535,3.4820533500294,5.65827391861771,0,0,0,5.7021580393718,1.69300085988887,0,4.50497582476077,1.23314405044258,0,1.06956514666198,1.23314405044258,3.65526990441517,2.86717239028575
SW00240,swab,2.42129469348611,3.31580601197774,5.89701254557979,0,0,0,5.28987330005909,0,0,2.72150079483886,0,0,1.09435275872989,0,3.56589139357041,3.98430497949107
SW00243,swab,1.46284775708729,3.10118053077617,5.64870771822057,1.63392344178741,0,0,5.73000882465727,0,0,3.54983683433457,0,0,0,1.46284775708729,3.18826815000563,4.04754584444815
SW00244,swab,2.30413336818358,2.95566573885242,5.48972905924218,3.32336759677534,0,0,5.80617158504015,2.75503372786521,2.12911877885321,4.52858475207354,0,0,1.83130286922792,0,4.07040033296388,3.22305067615706
SW00247,swab,2.24918354886727,2.79150034358434,5.82563696951929,2.98753967220267,0,0,5.4835832796456,0,0,4.29109576992092,0,1.48309721560472,0,1.19611616414211,3.61169957042642,2.86710873674276
SW00248,swab,0.653209895957115,3.92133189176159,5.67832559408875,0,0,0,5.67705969413593,4.16667091479169,0,4.20291385746242,0,0.795877190099707,0.439330551980158,1.22401164654585,3.83991441039608,3.27829284409541
SW00250,swab,1.87280503783142,3.2773487665032,5.65342350970014,0,0,0,5.73278545806306,0,0,3.71653550704844,0,0,0,1.34305039731898,3.32308332479575,0
SW00259,swab,2.56843131936491,3.85836253821451,5.65381150496198,3.36490047884958,0,0,5.68286799657423,0,0,4.15581327179529,0,0,0,0,4.63172471335221,2.73079185313116
SW00262,swab,1.43211787318612,2.68382850212448,5.69279320426147,0,0,0,5.69736442770517,1.89840027470093,0,3.4202428620496,0,0,0,0,3.41265491339751,3.49235462032866
SW00265,swab,1.16405630321454,3.24629527291887,5.43795673294042,3.1143150996611,0,0,5.84100701927724,2.27121517713192,2.02197553052595,4.35395787962729,0,0,2.61619292635826,1.00259895853139,3.77740325614015,1.83853534050271
SW00268,swab,2.40087477660234,2.89486521848553,5.68095253635971,3.41710404448785,0,0,5.69335636325812,2.02463397799448,0,4.23572536678761,0,0,1.28403284111567,1.89480093428579,3.70262443844286,2.81174198341106
SW00288,swab,3.432656162458,4.32876669517337,5.31527135106597,0,0,0,5.71678630091231,3.44601526423565,0,4.25370585893509,0,0,0,0,5.35726138819133,0
SW00302,swab,1.15701573037986,3.65079922992574,5.66794830370955,0,0,0,5.71001205444801,2.33180499588577,0,4.060698282176,0,0,0,0,3.58666771240359,3.18663787996939
