Sample_ID,sample_type,Cerasicoccales,Saprospirales,Actinomycetales,Anaeroplasmatales,Bacillales,Bacteroidales,Bifidobacteriales,Burkholderiales,Campylobacterales,Cardiobacteriales,Caulobacterales,Clostridiales,Coriobacteriales,CW040,Deferribacterales,Deinococcales,Desulfovibrionales,Enterobacteriales,Erysipelotrichales,Flavobacteriales,Fusobacteriales,Gemellales,I025,Lactobacillales,Methanobacteriales,ML615J-28,Mycoplasmatales,Myxococcales,Neisseriales,Oceanospirillales,Pasteurellales,Pseudomonadales,RF32,RF39,Rhizobiales,Rhodospirillales,Rickettsiales,SHA-98,Sphingobacteriales,Sphingomonadales,Spirochaetales,Streptophyta,Synergistales,Syntrophobacterales,Thermales,Turicibacterales,Unassigned,Verrucomicrobiales,Victivallales,Xanthomonadales,YS2
ST00001,stool,0,0,1.63063689344946,0,1.63063689344946,5.67634058302986,0,1.63063689344946,1.92655394096879,0,0,5.66828753290815,3.24384715202283,0,0,0,0,3.75714662762003,4.03032371033554,0,0,0,0,2.96324567168682,0,0,0,0,0,0,0,0,0,0,0,0,0,0,0,0,0,0,0,0,0,0,4.60353597729316,1.63063689344946,0,0,0
ST00003,stool,0,0,0,0,1.56245805447505,5.6080653701411,2.03157672697759,3.59190203782668,0,0,0,5.72227167475811,3.8987578929454,0,0,0,4.01433320594444,2.72730394781646,4.28840787740325,0,0,0,0,2.39723971170988,0,2.96584162979271,0,0,0,0,0,2.03157672697759,2.50599734637756,2.69739884412614,2.03157672697759,0,1.56245805447505,2.80634955100579,0,0,0,2.63059731969412,0,0,0,0,4.28361806410708,3.25820808697979,2.45501410653532,0,0
ST00005,stool,0,1.15194784733322,2.41192762433837,0,3.27728893791337,5.63051231337902,0,0,0,0,0,5.70474323737116,0,0,0,0,2.28384066920108,0.880495504558292,3.6649895884288,0,0,2.84917646702357,0,4.35309599502402,0,0,0,0,0,0,0,0,0,1.15194784733322,0,0,0,0,0,0,0,0,0,0,0,0,4.55606406455644,0,0,0,0
ST00006,stool,0,0,1.92941034209844,0,0,5.66010988446964,0,4.48359287376173,0,0,0,5.67450984237963,3.57274678167449,0,0,0,3.25694947156495,0,4.15856487097237,0,0,0,0,3.02159403848987,0,0,0,0,0,0,0,0,0,0,0,0,0,0,0,0,0,0,0,0,0,0,4.27064686361596,0,0,0,0
ST00008,stool,0,0,0,0,1.48670228547315,5.79184962795288,1.19960694002325,4.82207525454007,0,0,0,5.47438675171279,2.74026791462305,0,0,0,3.56056123381452,1.95427901587206,3.10611440693373,0,1.78059362489769,0,0,1.19960694002325,0,2.02053595953076,0,0,0,0,0,1.19960694002325,0,1.19960694002325,1.19960694002325,0,0,1.78059362489769,0,0,0,0,0,0,0,1.78059362489769,3.28544416519371,2.02053595953076,0,0,3.91951597491943
ST00009,stool,0,0,2.48971612965712,0,1.94914960243785,5.73687711786615,0,1.65297478145736,0,0,0,5.57669797852769,4.45143587133128,0,0,0,3.34237701621289,3.34237701621289,4.53475967474367,0,0,2.24773150356077,0,3.05856256224399,0,0,0,0,0,0,0,0,0,0,1.65297478145736,0,0,1.65297478145736,0,0,0,0,0,0,1.65297478145736,1.65297478145736,3.91277557662355,1.65297478145736,0,0,0
ST00015,stool,0,0,2.09291996339842,0,2.62754356185238,5.83450944997475,0,4.23830114208118,1.1658601238876,0,0,5.46257853798958,3.24934481048215,0,0,0,0,3.29071525957544,3.07002503069465,0,0,0,0,3.46571921344357,0,0,0,0,0,0,0,1.9847761754638,0,0,0,0,0,0,0,0,0,1.62275553700042,0,0,0,0,2.96170618803818,0,0,0,0
ST00016,stool,0,0,1.92672854511088,0,1.7256823173451,5.85677485204612,0,0,0,0,0,5.4159043909704,3.01452219975528,0,0,0,1.63080945443627,1.7256823173451,3.08700824480411,0,0,0,0,2.56372239388057,0,0,0,0,1.33982429267051,0,0,4.19516443201739,2.57592390633102,0,1.33982429267051,0,0,0,0,0,0,0,0,0,1.33982429267051,2.67260324157436,2.97317151380612,0,0,0,0
ST00017,stool,0,0,2.78192016513951,0,3.89520063970431,5.07346174035868,0,3.08259122762507,0,0,0,5.88534811794731,4.71062938348927,0,0,0,3.48031573391217,0,3.82266002371038,0,0,0,0,4.19620299349341,0,2.78192016513951,0,0,0,0,0,0,3.08259122762507,0,0,0,0,0,0,0,0,0,0,0,0,0,4.39400338892169,2.78192016513951,0,0,0
ST00018,stool,0,0,2.45684180806611,0,2.97865745857497,5.49661765816254,0,4.02454211357985,0,0,0,5.7179917128186,3.83408659400748,0,0,0,2.63242715605523,0,4.8005394863898,0,1.68620934311155,0,0,4.51065031430878,0,0,0,0,0,0,0,0,0,0,0,0,1.39403336620423,0,0,0,0,2.55344834516021,0,0,1.39403336620423,0,4.57343321279217,4.05287312000807,0,0,0
ST00019,stool,0,0,0,0,2.40213554328089,5.82444410940046,1.70999348862219,4.06320703027178,0,0,0,5.48702200938515,3.41761104574682,0,0,0,3.15658943828532,1.70999348862219,3.79668036160559,0,0,0,0,2.48102994852517,0,1.88325280296261,0,0,0,0,0,0,0,0,1.41735018562037,0,0,0,0,0,0,0,0,0,0,1.70999348862219,3.3783170401282,2.10282262531022,0,0,2.60560986750796
ST00021,stool,0,0,2.0532265443854,0,2.63395406338416,5.46048336841162,2.50303107055694,3.43572832167731,1.29387258338708,0,0,5.81937278334617,4.11882188978469,0,0,0,3.00404044117617,0,4.30626693247253,0,1.29387258338708,0,0,3.3358746362882,0,0,0,0,0,0,0,0,1.75602165766329,0,1.29387258338708,0,0,0,0,0,0,1.58372211129955,0,0,0,0,3.83238146921892,3.63680441763181,0,0,2.0532265443854
ST00023,stool,0,0,2.8413124541906,0,2.99906060034333,5.53037007786227,2.08836918760259,3.94818309063414,1.11914290217852,0,0,5.77719179979411,4.06074019392517,0,0,0,3.07195117264439,3.085168398611,3.6792947391609,0,1.57368056509591,2.29115837385132,0,4.0904560053536,0,2.62989885768259,0,0,0,0,2.23348365323849,0,0,3.98740278405973,0,0,0,1.57368056509591,0,0,0,1.93498316111968,0,0,0,3.36146207938042,3.87303784621423,1.79086817389557,0,1.40334625127676,0
ST00026,stool,0,0,3.24167773409595,0,3.67288472567032,5.52337195074867,0,3.40296847010115,0,0,0,5.76705725466607,3.98966122091549,0,0,0,3.17114058937957,0,4.25005330752561,0,2.24391249583169,2.24391249583169,0,4.07076938932752,0,0,0,0,0,0,0,0,0,3.26285517839378,2.84411098520156,0,0,0,0,0,0,1.94535215581612,0,0,0,2.41917740557529,4.39829797478464,3.53159104673818,0,0,0
ST00027,stool,0,0,2.51974882710833,0,3.01617779008676,5.0567966003672,0,3.54269270856227,0,0,0,5.86226557341063,4.39926544475835,0,0,0,3.80694314630077,2.57757670470891,3.84948917459884,0,0,1.68245410381145,0,4.48358327418128,0,4.34174218202967,0,0,0,0,0,0,3.71874247306451,0,0,0,0,2.2776938951742,0,0,0,0,0,0,0,0,4.68533857086906,3.60794207074424,2.15351826927838,0,3.54269270856227
ST00028,stool,0,0,2.31341856254307,0,2.04637841176422,5.74059633429099,1.94270623139641,4.17625358866927,1.22408919229101,0,0,5.5861101038428,3.86997788062466,0,0,0,1.94270623139641,0,4.09885257248606,0,1.7492340478144,1.80625784119502,0,4.33835875139511,0,0,0,0,0,0,2.93822332039706,0,3.24875717437482,0,0,0,0.948238552509632,1.8566558603179,0,0,0,2.10388220123935,0,0,0,0,3.58575126762643,1.68357478146988,0,0,0
ST00030,stool,0,0,2.64528871173484,0,3.00128527958066,5.82497853622503,0,3.74600479447678,0,0,0,5.39635492030798,3.01830196428693,0,0,0,3.82828582121937,1.61361514729772,4.49054338028102,0,1.61361514729772,0,0,3.45432298657296,0,0,0,0,0,0,0,0,0,0,2.2076726414054,0,0,0,0,0,0,0,0,0,0,0,4.52823700456153,1.61361514729772,0,0,0
ST00031,stool,0,0,0,0,1.59900016307221,5.71619686744253,2.28913357260673,4.09716328448452,0,0,0,5.5714632840539,3.68838559348624,0,0,0,2.43462348922785,3.31241348803601,3.70195566215041,0,4.57738734731686,0,0,4.51170136700506,0,0,0,0,0,0,0,3.99790280266157,0,0,0,0,0,0,0,0,0,0,0,0,0,0,3.24138773581664,1.59900016307221,0,0,0
ST00035,stool,0,0,3.30744000921704,0,3.38907337427293,5.34561512535228,1.92915205652463,4.53786364788312,0,0,0,5.8056322971762,4.29262814158809,0,0,0,3.17956905937148,1.63320469046256,4.5842534074473,0,1.17583922023506,2.29419755019186,0,4.38642507567252,0,0,0,0,0,0,3.8971921250281,0,1.99536787599486,0,1.85099210617497,0,0,0,0,1.46213726547515,0,1.17583922023506,0,0,1.46213726547515,2.96587197758086,3.83611741150662,1.99536787599486,0,0,0
ST00039,stool,0,0,0,0,3.48426858152192,5.56330858940591,0,4.18312464940793,0,0,0,5.63334627921621,3.9612948912758,0,0,0,0,0,4.38723394898901,0,0,0,0,5.08618970881643,0,0,0,0,0,0,0,0,0,0,0,0,0,3.48426858152192,0,0,0,0,0,0,0,0,4.43838449306036,0,0,0,0
ST00040,stool,0,0,4.16118087454821,0,4.16118087454821,5.5590921165859,0,0,0,0,0,5.74093529446619,0,0,0,0,0,0,0,0,4.16118087454821,0,0,4.16118087454821,0,0,0,0,0,0,0,0,0,0,0,0,0,0,0,0,0,0,0,0,0,0,4.4621958878279,0,0,0,0
ST00041,stool,0,0,2.46731203824834,0,2.10130506926451,5.83483312175958,0,1.63100865258952,0,0,0,5.45074322476536,3.51848947356583,0,0,0,3.49010299460469,2.82550027746653,4.25824444362715,0,0,1.63100865258952,0,3.09819854975537,0,1.63100865258952,0,0,0,0,3.30218861062335,0,0,0,1.63100865258952,0,0,0,0,0,0,0,0,0,0,2.10130506926451,3.68900549620408,0,0,0,0
ST00042,stool,0,0,3.43731091901246,0,3.53993985706271,5.40204185312469,2.73897510009497,4.00539684714038,0,0,0,5.8167605257687,4.02453000873607,0,0,0,3.37518742114242,2.80580871022853,3.77964704820837,0,0,0,0,4.39621106159852,0,2.80580871022853,0,0,0,0,2.26343526911899,0,0,4.21047772520581,0,0,0,1.96476666395626,0,0,0,2.26343526911899,0,0,2.56327973716567,3.61334928745732,3.89960495339126,2.863715753223,0,0,0
ST00044,stool,0,0,2.1878268263395,0,2.94985023046082,5.6866330069718,1.02404566705663,4.7895026406316,1.59413991945606,0,0,5.47953608851343,2.8388419292997,0,0,0,0,2.42965543237279,2.93562603952547,0,1.59413991945606,1.68883284687695,0,2.67200085574475,0,0,0,0,0,0,0,5.16363946420537,2.159985935917,0,1.02404566705663,0,0,0,0,0,0,0,0,0,0,0,3.13653284728379,0,0,0,0
ST00045,stool,0,0,2.19553194731227,0,2.57328496699844,5.90289016211077,0.916434675632861,4.55436273165323,0,0,0,5.20137724169486,3.37305107129934,0,0,0,0,2.79298227700984,2.62102451076733,0,0,1.07461353386983,0,3.04112394543336,0,0,0,0,0,0,1.07461353386983,1.35696043371279,0.665094547757823,0.665094547757823,1.07461353386983,0,0,0,0,0,0,1.19031118180985,0,0,0.916434675632861,1.47710005446385,2.59781037624682,0,0,0,0
ST00046,stool,0,0,2.28777707259285,0,2.4310517440936,5.7658893145031,0,4.52911487971379,0,0,0,5.53660683036056,3.73717922501252,0,0,0,3.49172700610553,3.26836094752401,3.17910622926283,0,0.897212597515466,1.33600701796438,0,4.29094978099344,0,0.897212597515466,0,0,0,0,2.12043181411141,0,0,1.33600701796438,0,0,0,0,0,0.897212597515466,0,2.09713352347912,1.16981920101093,0,0,0,3.76581932918313,1.62690245774876,0,0,2.8601634731269
ST00047,stool,0,0,2.7020725453006,0,2.51066586941668,5.35669264451468,0,3.71503280640699,1.86211835831516,0,0,5.72642815828736,4.07428931276336,0,0,0,0,2.03621646319332,4.94997537656202,0,0,1.56701352160008,0,5.09227398412733,0,2.89805347498524,0,0,0,0,0,0,1.56701352160008,2.43175254912688,0,0,0,1.27759670865656,0,1.27759670865656,0,1.86211835831516,0,0,0,0,3.87005988280607,0,0,0,2.71728277270143
ST00050,stool,0,0,1.43265202281356,0,2.29358698747722,5.7061404841685,1.43265202281356,4.0118495631948,0.876220868007582,0,0,5.54915610574655,3.36953103695211,0,0,0,2.52312536339059,3.61093181188073,3.66621436171157,0,4.95018329331446,1.93328822337526,0,4.34715233416041,0,0,0,0,0,0,2.57129295356203,1.52634266521104,0,1.14737035083684,1.14737035083684,0,0,0,0,0,0,2.07320841872936,0,0,0.876220868007582,0,3.55394474293478,0.876220868007582,0,0,0.876220868007582
ST00051,stool,0,0,0,0,1.980328814469,5.5512384230573,0,4.34869215506617,0,0,0,5.75499708906908,3.69600745957409,0,0,0,3.67045865527729,1.68381938935012,4.07616768378792,0,0,1.68381938935012,0,2.99738712815378,0,2.52113882596702,0,0,0,0,1.980328814469,0,0,0,0,0,0,1.68381938935012,0,0,0,0,0,0,0,1.68381938935012,4.45578284268097,3.07303793002831,0,0,0
ST00053,stool,0,0,2.17198067784462,0,2.55843027870125,5.59994789674764,0,4.55901316282315,0,0,0,5.72189269033608,3.91208797776047,0,0,0,3.21507021451297,0,4.2597608843189,0,1.70066609198251,1.70066609198251,0,3.40809979067739,0,0,0,0,0,0,2.29618809141891,0,3.72543220047887,0,0,0,0,0,0,0,0,0,0,0,0,2.12119335561982,3.22366519652395,1.91904016499022,0,0,1.82343641568546
ST00054,stool,0,0,3.53375382373608,0,4.16579180863311,4.86363723532936,3.0032518939247,3.27452625041737,0,0,0,5.72851818862642,4.24913630269562,0,0,0,3.53710648830926,0,4.82650720546454,0,0,3.02550673536442,0,3.96715191706347,0,0,0,0,0,0,0,0,2.83864054806197,0,2.32817173874586,1.73218878282113,0,0,0,0,0,2.6002200045142,0,0,2.8216323966168,0,4.15786705291695,5.40792592727193,0,0,0
ST00056,stool,0,0,2.81089362923402,0,2.90988808881602,5.44642831341808,0,3.56952229766528,0,0,0,5.82575420090459,3.57910720663036,0,0,0,3.21505720197892,1.5331030931125,4.33512049583036,0,0,1.70493160481115,0,4.0178495711656,0,0,0,0,0,0,2.22177132603557,0,0,2.52149624702072,2.00165659771608,0,1.2446159039206,0,0,0,0,2.95203628091724,1.2446159039206,0,1.70493160481115,2.22177132603557,3.741680207135,2.97549184933093,0,1.5331030931125,0
ST00057,stool,0,0,3.00516741969991,0,2.97581368201353,5.1425860938451,0,2.88972831544997,1.01904617443533,0,0,5.71694786844535,4.85353733749483,0,0,0,3.46965616584637,2.29975689307335,5.06153984597654,0,1.29877943668156,2.61985035997787,1.58875618776986,3.78228400447721,1.29877943668156,1.76109962070009,0,0,1.58875618776986,0,1.01904617443533,0,2.12475319477561,4.42884168483858,1.01904617443533,0,0,2.85677225018607,0,0,0,0,1.97992664719661,0,1.29877943668156,2.68382479460722,5.0481960335968,1.46753321123746,0,0,2.91038687493485
ST00059,stool,0,0,1.70248342597234,0,2.50133219915312,5.8216893881889,0,4.20166407890982,1.31727871019458,0,0,5.46398616794937,2.74378307104701,0,0,0,3.76278351673731,0,3.42633742156816,0,0,1.95390965827029,0,3.85520952974385,0,0,0,0,1.60772206517694,0,0,0,0,1.03667789617257,1.31727871019458,0,0,0,0,0,0,0,0,0,0,0,4.11541813118395,0,0,0,0
ST00060,stool,0,0,2.40610175590421,0,2.1442786989369,5.73205047380226,0,0,1.6733438546702,0,0,5.56253785035303,3.47373651227023,0,0,0,3.12675335746341,0,4.85282488311996,0,0,0,0,3.02616780370563,0,1.84635292387961,0,0,0,0,0,0,1.38143131660892,0,0,0,0,0,0,0,0,1.38143131660892,0,0,0,0,4.14978306426766,3.59099897326312,0,0,1.38143131660892
ST00062,stool,0,0,2.26512469224255,0,1.87070829395906,5.43623886924797,0,3.74284509787738,1.57548818728519,0,0,5.83725453526224,3.29640291935808,0,0,0,2.7406706742198,1.87070829395906,3.64667298639175,0,1.57548818728519,0,0,2.71076380908233,0,3.804407020644,0,0,0,0,0,0,0,2.7406706742198,0,0,0,2.4683592871555,0,0,0,0,1.57548818728519,0,0,3.22680515878252,4.12492358900583,3.55954458215147,2.26512469224255,0,0
ST00063,stool,0,0,1.01880506514155,0,2.20823366665287,5.45571402651436,0,4.0231819833577,0,0,0,5.83159361962018,3.77793378625318,0,0,0,3.05825295208365,0,4.03393329008978,0,1.58849642718483,1.76083760808258,0,2.74671850032759,0,0,0,0,0,0,0,0,1.01880506514155,0,0,0,0,0,0,0,0,1.826706972177,0,0,0,1.01880506514155,3.81021097476339,0,0,0,0
ST00064,stool,0,0,1.98667546610194,0,2.32004948050475,5.75420289215417,0,4.07329111826087,1.69010079430019,0,0,5.57943138870368,2.58536371111886,0,0,0,3.9021776615876,0,3.82003849552006,0,1.69010079430019,1.81281758221588,0,4.3078478095632,0,0,0,0,1.69010079430019,0,2.71002028367524,0,0,0,0,0,0,0,0,0,0,2.05298203331491,0,0,0,2.54767770990404,3.58795025103408,1.23035737273905,0,0,0
ST00065,stool,0,0,2.34412647323096,0,1.4988172856705,5.58058627563028,1.12105764264163,3.7983376463118,0,0,0,5.70509952640567,3.6960311741005,0,0,0,2.23554345116038,0,4.49318175576879,0,1.57569727061068,0,0,4.1606315202704,0,0,0,0,0,0,2.43091898598874,0,3.40719953930792,0,0,0,0,2.47749805780652,0,0,0,1.40533646079458,0,0,0,1.12105764264163,4.70640242613777,2.92937925350015,0,0,0
ST00067,stool,0,0,2.4649853930391,0,2.38610177931123,5.63314512161369,1.69421443475444,4.10533273978825,0,0,0,5.72115356871648,3.53056897419232,0,0,0,3.08364128460234,2.08685330677985,3.39308879452198,0,1.4018783595933,0,0,4.14021922085303,0,0,0,0,0,0,3.83769437150048,1.69421443475444,0,0,0,0,0,1.4018783595933,0,0,0,0,0,0,0,2.87625246937852,3.14804986213725,2.81634008286473,0,0,0
ST00069,stool,0,0,2.92453156417388,0,3.06185320370654,5.66909026157754,0,4.25518586937505,1.5649369402787,0,1.27557504770877,5.64958831738136,3.62123643525493,0.99698092814067,1.65947523727803,0,3.74892375789832,2.93815946360835,4.39837217174049,0,2.54319641039387,2.10047442280901,0.99698092814067,3.81427615637382,0.99698092814067,0,0,0,0,0,0,1.8600131824227,0,1.5649369402787,1.91049911014269,0,0,0,0,2.06855473221258,0,2.58548458454241,2.63313985297704,0,0,1.44392250626482,4.35795654821637,2.1841867722583,1.5649369402787,0,1.8600131824227
ST00070,stool,0,0,2.41293117418224,0,2.59281626309151,5.61168667753182,2.01093484428392,4.08057446244285,0,0,0,5.68946356859779,3.74284752385692,0,0,0,3.51714988122936,2.17440567331645,3.35979307548127,0,0.945051006743588,0,0,4.84727386280676,0,0,0,0,0,0,0,1.60268511849617,0,0,1.60268511849617,0,0,0,0,0,0,1.22071063591732,0,0,0,1.60268511849617,3.58304527467968,3.54413784285352,0,0,0
ST00075,stool,0,0,3.14962959572502,0,3.11945696559171,5.11166618558209,2.10482330849373,3.62220370614745,1.0616362441589,0,0,5.79802464321356,4.31868361345532,0,0,0,2.85533227613318,2.06734478443594,3.8861907904783,0,1.51287944653527,2.06734478443594,0,5.29215221129742,0,0,0,0,0,0,0,2.48603552458327,0,0,1.63447225381271,0,0,0,0,1.0616362441589,0,0,0,0,1.72936226545839,0,3.98415748795937,1.51287944653527,0,0,0
ST00076,stool,0,0,2.18069798250875,0,2.77515029592423,5.33439004973885,0,2.65590519400958,0,0,0,5.83106826413078,4.05910361128977,0,0,0,3.65936153697557,3.03253292404612,4.74474021735333,0,1.08972740598161,1.43703553708368,0,3.26084737800111,0.678061935571931,1.43703553708368,0,0,0,0,1.7594777744075,0.678061935571931,0.930947948118729,3.43805355295388,1.08972740598161,0,3.03253292404612,1.73005394833803,0,0.678061935571931,0,3.82281976553252,0,0,1.08972740598161,3.43864948468703,4.23503950128715,0,0,0,0.930947948118729
ST00077,stool,0,1.16472392742411,2.9604879752299,0,3.37963115570275,5.33607323538433,1.62156510009319,4.32985722522283,1.16472392742411,0,0,5.83501345032072,4.0199050778298,0,0,0,4.01250124687591,0,4.23191378463141,0,3.96649308020679,2.09171027690517,0,3.70573160945752,0,1.45063333270875,0,0,0,0,0,0,2.75794550143573,1.16472392742411,1.45063333270875,0,0,0,0,1.83924166405675,0,2.82478394954256,1.45063333270875,0,0,0,3.74467560465546,4.17179124480967,0,0,2.64008309225644
ST00078,stool,0,0,2.66399516342381,0,2.69026872023774,5.63900222459255,2.06475032550013,3.8033933008766,2.36390558126267,0,0,5.71137394717257,3.87396413074192,0,0,0,2.82131639931904,2.53937012429915,3.37293063306155,0,2.36390558126267,2.41484929884233,0,4.28503005941581,0,0,0,0,0,0,2.69026872023774,0,0,0,0,0,0,2.46043967319682,0,1.47377193893314,0,1.47377193893314,0,0,1.47377193893314,2.46043967319682,3.76003819380596,3.26534850585086,0,0,3.47611119194147
ST00081,stool,0,0,2.4607817370347,0,2.88996056211169,5.76414822151651,1.8289414594088,4.53201925170352,0,0,1.65605800540101,5.56593869426101,2.80840626516089,0,0,0,3.79100710666419,2.30174844791199,3.58097506330476,0,0,1.8289414594088,0,2.86444036725361,0,0,0,0,0,0,0,0,0,0,1.36451166695882,0,0,0,0,0,0,2.49285903921225,0,0,0,0,3.50683584102744,2.76105950618384,0,0,0
ST00082,stool,0,0,1.99066243756822,0,2.30499443915531,5.6569354426207,1.94655975168371,3.92601647124694,0,0,0,5.70409071572939,3.22432383327222,0,0,0,2.67967878610579,1.95801235189728,4.11452456115295,0,0,1.29889734215964,0,3.54321720423998,0,0,0,0,0,0,1.46765312539584,0.907855138741337,0,0,0,0,0,0,0,0,0,0.526695040226282,0,0,0,3.31264966727085,4.00642438692215,2.57048725768126,0,0,0
ST00083,stool,0,0,1.99510998055711,0,2.36056970215421,5.56624371978465,0,4.17636101196341,0,0,0,5.77329624228237,3.76325511327003,0,0,0,3.43106566052699,1.64838320185597,3.77292275716273,0,3.09370798873324,0,0,3.36907714444118,0,0,0,0,0,0,0,1.35700408219192,1.8872185934293,0,0,0,1.74333703480257,0,0,0,0,2.43598738576275,0,0,0,1.64838320185597,3.52934176140692,2.86954875480435,0,0,2.56910481969704
ST00084,stool,0,0,3.02251754311747,0,2.72189970254986,5.29423901555607,0,3.90439897133036,0,0,0,5.85044320939616,4.11904802766754,0,0,0,2.72189970254986,0,3.7911831158299,0,0,0,0,4.53732890347817,0,0,0,0,0,0,0,2.59723551886367,0,0,0,0,0,2.12230446139362,0,0,0,2.72189970254986,2.12230446139362,0,0,3.23321228303227,4.21246332241517,2.96458449939229,0,0,4.01668389551338
ST00085,stool,0,0,2.37680167429014,0,2.94823417395495,5.63879626009289,2.47709432950171,4.13745587848179,0,0,0,5.71546207052705,3.05502164454863,0,0,0,3.36561587437767,1.50418681958744,4.26001475097972,0,0,1.62571171509457,0,3.28993080483976,0,0,0,0,0,0,2.27085266555353,1.05345121915416,0,0,0,0,0,1.79836208525226,0,0,0,1.92157009988408,0,0,1.05345121915416,2.24616598524013,3.75995586005333,2.39520908071877,0,0,0
ST00086,stool,0,0,1.86681887146892,0,2.46442999769948,5.67989497216967,0,3.64630476918502,2.33998783597284,0,0,5.653339562055,3.4944844350193,0,0,0,4.05124716131832,2.81578362717223,4.56245674509914,0,3.6805114410759,1.86681887146892,0,3.45209485200332,0,0,0,0,0,0,0,0,3.06537061521179,2.76471406481521,0,0,0,0,0,0,0,0,0,0,0,3.06537061521179,3.61685667100011,0,1.86681887146892,0,0
ST00088,stool,0,0,3.21984483686426,0,3.31536478603319,5.47154071090933,2.44960737847964,4.17385458899568,0,0,0,5.7764797047665,3.6108960021035,1.7161302938292,0,0,3.30451217731981,1.42337042918797,4.18339927423925,0,0,2.36279980729429,0,3.45214595929839,0,0,0,0,0,0,1.42337042918797,2.3118826687824,0,0,2.36279980729429,0,0,1.42337042918797,0,2.3118826687824,0,2.61185243062049,0,0,1.42337042918797,3.06026032588811,4.78050796367963,1.7161302938292,0,1.88942947161375,0
ST00091,stool,0,0,2.10085552379636,0,0,5.65538797783602,0,3.30173570079299,0,0,0,5.66571889213284,3.80503708808528,0,0,0,0,0,4.31226387812908,0,0,0,0,4.7080675383381,0,0,0,0,0,0,0,0,0,0,0,0,0,0,0,0,0,0,0,0,0,0,3.62897984635926,2.40016063126308,0,0,0
ST00092,stool,0,0,2.89294597891263,0,3.00033894304768,5.41870907420111,0,3.98719227156293,1.55726684556315,0,0,5.78323536649365,4.19210382856795,0,0,0,3.24427744633723,2.02628838467903,3.60868785250562,0,1.50099107155225,1.94792394188055,0,4.96295133048494,0,1.26811003796091,0,0,0,0,3.00975070461995,1.60707986240011,0,0,1.50099107155225,0,0,0,0,1.15091017641109,0,0.731185972868283,1.36030965585493,0,0,0.989894856100875,3.62839589779476,0,0,0,2.52974499251065
ST00093,stool,0,0,2.50556397830259,0,2.57231702799389,5.73667486587281,1.18159613710614,3.02893645751916,0,0,0,5.62492714396595,3.72930894087956,0,0,0,2.16572274850593,1.87797309351355,3.11020718565937,0,0.908252846866804,1.51759857795393,0,3.9852155097015,0,0,0,0,0,0,0,0.657804744124271,0,0,0,0.908252846866804,0,0,0,0.657804744124271,0,2.18626940677828,0,0,0,0,4.15990793411901,1.7875540036486,0,0,0.657804744124271
ST00094,stool,0,0,2.58287640623626,0,2.82542785235255,5.57429482622034,0,3.74318661115059,0,0,0,5.72334750226674,3.93155404082982,0,0,0,3.28093764430924,0,4.78211895854669,0,0,1.6876580404991,0,3.20396658587515,0,2.77628772274104,0,0,0,0,0,1.6876580404991,3.779092940738,0,1.39545287556327,0,0,2.0802157742247,0,0,0,2.33388063640717,1.98420745198299,0,0,0,3.97972566697713,0,0,1.39545287556327,0
ST00095,stool,0,0,2.30472564752421,0,2.5257123130591,5.28431260053555,0,2.93988836937626,0,0,0,5.86513821957094,3.44365045329734,0,0,0,3.42766821148429,2.42912578215253,3.2489367288353,0,0,0,0,3.15818624605643,1.53720849783682,4.387756614228,0,0,1.83188932969046,0,1.83188932969046,2.22597480264445,2.86742837730069,3.67372714930155,0,0,0,2.22597480264445,0,0,0,1.83188932969046,2.56698730859842,0,0,2.00584340491144,4.34200109965486,4.05208439360477,0,0,0
ST00100,stool,0,0,2.13684906152861,0,2.43629161201844,5.46184550832764,1.54419378567021,4.28636128637626,0,0,0,5.8132672343229,3.37688878009265,0,0,0,3.26423852489709,0,3.42664065193574,0,0,0,0,3.12852861146632,0,3.06346268613668,0,0,0,0,1.25539475410035,2.07930960659131,0,3.56715577012894,0,0,1.54419378567021,3.05703417685334,0,0,0,1.7161302938292,2.01296540724386,0,0,2.70855008591,4.36984611106716,3.19933583639695,0,0,0
ST00101,stool,0,0,2.34865416816431,0,2.86140663952908,5.79574045576879,0,2.21466263409951,0,0,0,5.47475976162971,3.50720742377529,0,0,0,2.99712479543731,2.51436598442501,4.67834267849357,0,0,0,0,3.20430775031599,0,0,0,0,0,0,0,2.47310614631273,0,0,2.01987920932671,0,0,0,0,0,0,0,0,0,0,1.7799415429628,3.96305157141246,4.08867833992351,0,0,0
ST00103,stool,0,0,3.15211695274144,0,3.15211695274144,5.39298542689194,2.5509738785175,3.85084211854987,2.5509738785175,0,0,5.80838884954776,4.11798571476844,0,0,0,0,0,4.24874538953473,0,0,0,0,3.89222923759161,0,0,0,0,0,0,0,0,0,0,3.02728019146214,0,0,0,0,0,0,0,0,0,0,0,3.89222923759161,4.71112734011237,0,0,0
ST00105,stool,0,0,0,0,2.02992395800576,5.72868083740427,0,4.31757381275171,0,0,0,5.62557152934669,3.21293232619816,0,0,0,3.59562780836896,3.05256503372556,3.59269412210475,0,0,0,0,2.95575120656866,0,0,0,0,0,0,0,3.7324359851927,0,0,0,0,0,0,0,0,0,0,0,0,0,0,3.61562678756515,2.62893292102133,0,0,0
ST00109,stool,0,0,2.62228396368358,0,2.198039031553,5.53073683774126,0,4.21741145316213,1.55435536120849,0,0,5.7723231559515,3.20978609504797,0,0,0,3.70650337314368,2.54330993527936,3.8785823197554,0,0,0,0,3.37793765919671,0,4.08368020740579,0,0,0,0,1.26527732918348,0,3.21902111141506,1.26527732918348,1.55435536120849,0,0,2.62228396368358,0,0,0,2.24352117346668,3.16041351667447,0,0,0,3.91133427042504,3.78143646576579,0,0,3.64253461229955
ST00111,stool,0,0,1.9337465091525,0,2.80440129795719,5.53777335385218,0,4.001808478958,0,0,0,5.70228699486691,4.57228690826757,0,0,0,2.89924295002305,1.9999700272909,4.24008374893441,0,0,0,0,3.27131339826,0,4.44981162950509,0,0,1.63774596527658,0,1.18017954916508,0,0,4.24043695717335,0,0,0,2.92187908470197,0,0,0,1.18017954916508,0,0,0,2.54967354706324,4.47665232818365,3.76442341434253,2.54967354706324,0,0
ST00112,stool,1.27625513146379,0,1.73777309517089,0,2.2550554961762,5.65001953728664,0,3.76325473431251,1.73777309517089,0,0,5.67514349285023,3.26990149423587,0,0,0,3.11629006908147,0,4.65127882810945,0,0,1.86072140567965,0,2.57600849501323,0,2.83305673814758,0,0,0,0,1.56563552848499,0,4.34008111427815,0,0,0,0,1.73777309517089,0,0,0,2.43034135788089,0,0,0,0,3.40814056514531,0,0,0,0
ST00116,stool,0,0,2.59085622258318,0,2.70797787294036,5.06088436000221,0,3.35542101583692,1.83274330014133,0,0,5.91582269082893,3.89677509466996,0,0,0,3.40626673638824,3.43285438087324,3.9966181740495,0,2.03446294759851,1.15858386132427,1.15858386132427,3.2031617633877,0,3.28893402305212,0,0,0,0,1.61512932847006,0,2.59085622258318,3.72511966009269,1.97704371348173,0,0,2.20921493223366,0,1.44427412596695,0,1.91085936805904,2.61974803450251,0,1.15858386132427,1.83274330014133,4.28239757916274,3.7327280997523,0,0,1.44427412596695
ST00123,stool,0,0,3.0569386522337,0,3.13984663347581,5.64356016455951,0,0,2.38167118752855,0,0,5.52854499093065,3.64122603579789,0,0,0,3.0569386522337,2.62393562441219,3.99795567829277,0,0,3.45919608219052,0,5.27639246074321,0,0,0,0,0,0,3.87477191509577,1.78498823395339,0,0,1.78498823395339,0,0,2.08244094499007,0,0,0,0,0,0,0,0,3.59745763343303,0,0,0,0
ST00124,stool,0,0,2.58548308706474,0,2.73724067509714,5.38376269120404,0,3.03787282700433,0,0,0,5.78802754782103,4.20360883283111,0,0,0,2.27141416688506,1.12670714426377,4.83217496986493,0,0,1.12670714426377,0,4.53501377545922,0,0,0,0,1.41120663158033,0,0,1.58164487919027,1.12670714426377,1.12670714426377,1.12670714426377,0,0,0,0,1.12670714426377,0,1.87694730925593,0,0,1.12670714426377,1.12670714426377,4.37267730300573,0,0,0,0
ST00127,stool,0,0,2.27653481780576,0,2.27653481780576,5.83098654754156,0,4.15650138916845,0,0,0,5.44361331031177,3.58077032240842,0,0,0,3.65453871922704,2.62743908545956,3.98184671294367,0,0,0,0,3.40473607393645,0,0,0,0,0,0,0,0,0,0,0,0,0,0,0,0,0,0,2.15236122948123,0,0,0,3.94637824865805,1.97779623467122,0,0,0
ST00131,stool,0,0,2.04659881543249,1.00833954043262,2.14272790961504,5.84854956303442,0,4.76607479781488,1.00833954043262,0,0,5.33321755100418,3.23326569129345,0,0,0,3.64211625491571,0,3.11611973148153,0,0,0,0,3.5635005997454,0,0,0,0,0,0,1.45608716997995,1.67181503799274,0,1.45608716997995,0,0,0,0,0,0,0,0,0,0,0,1.45608716997995,3.95786386664571,2.17056118390598,0,0,0
ST00132,stool,0,0,3.00176920346709,0,2.85790758727453,5.5995100712735,1.52319330591298,3.5354072324372,0.958533848257096,0,0,5.75188916707671,3.9079684576308,0,0,0,3.00871119783042,3.11507398191324,3.7024889870494,0,0,0.958533848257096,0,3.90360419445441,0,2.18948485655716,0,0,0,0,2.18948485655716,1.40257282974209,0,0,0,0,1.81766432057724,0.958533848257096,0,0,0,2.99114361234537,2.08757050181478,0,0.958533848257096,2.80069712724692,3.80725565713802,2.52200610076618,0,0,0
ST00136,stool,0,0,0,0,2.12134180777571,5.43860829074757,0,4.26108363634792,2.12134180777571,0,0,5.78671115381278,3.49839413698484,0,0,0,2.42072654215297,2.12134180777571,4.21498151545316,0,0,0,0,3.23224286977066,0,4.09580346754123,0,0,0,0,0,0,0,4.56521487885591,0,0,0,0,0,0,0,0,0,0,0,2.42072654215297,4.36110198735758,2.96361557210901,0,0,0
ST00138,stool,0,0,0,0,2.81232529189681,5.31586720494668,0,0,0,0,0,5.87597027168493,0,0,0,0,2.65292170313768,0,1.70633723926004,0,0,0,0,3.65684948093633,0,0,0,0,0,0,0,0,0,3.49024454106937,0,0,2.5440530733268,2.00307621213295,0,0,0,0,0,0,0,0,4.50863011728398,0,0,0,0
ST00139,stool,0,1.41089131195506,2.39544460270348,0,2.98148407238842,5.48080206998534,1.53159411388922,2.82570688972315,0,0,0,5.79306252498287,3.5368348771001,0,0,0,2.81486538587694,1.53159411388922,4.63723800498771,0,0,1.76912453819128,0,3.61564788205894,0,0,0,0,0,0,0,0.966247590439343,0,0.966247590439343,1.41089131195506,0,0,0,0,0,0,1.8261917186723,0,0,1.53159411388922,0,4.34000221490688,2.93411171286464,0,0,0
ST00141,stool,0,0,1.94570522194913,0,2.5440584708777,5.78361531194749,0,3.82407670059989,1.80154125497804,0,0,5.55907414493487,3.58432162596376,0,0,0,0,0,4.05378201585655,0,0,0,0,3.20313989689974,0,0,0,0,0,0,0,0,0,0,0,0,0,0,0,0,0,1.41376935874058,0,0,0,0,3.74604326136596,2.76849637976324,0,0,0
ST00142,stool,0,0,2.68561039669922,0,2.45016763797334,5.87639967001515,0,3.23499761886652,1.67965059547915,0,0,5.23675615125676,4.57843329537335,0,0,0,3.58966313345775,3.73501124744531,3.80936947335854,0,0,1.80231312731385,0,2.39920761539254,0,1.22032184537815,0,0,0,0,0,0,0,0,1.50807626577643,0,0,0,0,1.50807626577643,0,1.89785166898699,0,0,0,0,4.26819191607194,1.22032184537815,0,0,0
ST00143,stool,0,0,1.59850869080336,0,2.32982150647487,5.52075858390783,1.30828952401838,3.80365602624652,0,0,0,5.79558164072741,3.40050794920316,0,0,0,2.40205941750337,2.06827026427097,3.80628770966102,0,0,0,0,3.82427605795409,0,2.83110112836982,0,0,0,0,1.30828952401838,0,3.79834432932418,3.54419450950334,1.59850869080336,0,0,1.98983062414161,0,0,0,1.30828952401838,0,0,0,1.98983062414161,3.86163944138692,3.37293575159704,0,0,2.88901297521299
ST00146,stool,0,0,3.4765515136547,0,3.32534423198531,5.59968264250076,0,2.84863343158632,0,0,0,5.62598888871577,3.90876902975285,0,0,0,3.85880158907735,2.24841569922642,4.12680363922474,0,0,3.28757433652858,0,5.0418415746295,0,0,0,0,0,0,3.09140766131672,3.60779261233489,0,3.86926559144406,0,0,0,2.24841569922642,0,0,0,0,2.24841569922642,0,0,2.84863343158632,4.27536442819043,2.24841569922642,0,0,0
ST00150,stool,0,0,3.19888892100972,0,3.27377575234558,5.57019885239529,1.71844875011142,4.23148850886563,1.86219744503185,0,0,5.71209199400214,3.59440268296461,0,0,0,3.69242281459413,1.0514892131629,4.23771841862101,0,0,2.05631768275006,0,3.63855907983966,0,3.35370845620405,0,0,0,0,1.0514892131629,0,3.30577445722479,0,2.39306498246177,0,0,2.83779958661442,0,1.97001440403704,0,2.31423495193903,3.28777912669349,0,1.50210162047097,0,4.07408784379536,4.57659853296045,0,0,3.66824247990226
ST00151,stool,0,0,1.16687786857314,0,2.13941094393602,5.65914390306691,1.74617109294714,3.87429434422205,0,0,0,5.67094854677257,2.77546718549419,0,0,0,0,0,4.80300775380137,0,0,1.45286339160309,0,2.43886284810763,0,0,0,0,0,0,0,0,0,0,0,0,0,0,0,0,0,0,0,0,0,0,3.46579550025918,1.16687786857314,0,0,0
ST00152,stool,0,0,0,0,2.22800666234525,5.64831908944647,1.4990536364871,3.80110627071021,0,0,0,5.72877566153788,3.2256883133303,0,0,0,2.98382882228807,2.48648634531684,3.81554745284202,1.21157360287775,1.7931467469879,0,0,2.96983288695452,0,0,0,0,0,0,0,0,0,0,0,0,0,0,0,0,0,0,0,0,0,1.4990536364871,3.39103968010914,1.21157360287775,0,0,0
ST00159,stool,0,0,2.63262440632944,1.62094379296936,2.311516834645,5.53865260582334,0,4.12863907562523,0,0,0,5.32819850253589,4.01572482317436,0,0,0,0,3.68331318060297,2.80837821699271,0,5.42566919611385,1.33018671794516,0,4.9549664256376,0,0,0,0,0,0,1.91674474311762,4.34942004039535,1.04900110619996,0,0,0,0,0,0,0,0,0,0,0,0,0,3.46790236671439,4.46867307099234,0,1.33018671794516,0
ST00161,stool,1.76156156442028,0,2.67135615703338,2.78609536117386,2.80096295958934,5.66773080903888,1.56193035511625,3.91763667565086,2.00136470153546,0,2.45447344312171,5.69060960272049,3.52126227042298,0,0,0,3.2888595622455,2.00136470153546,3.64825079408031,2.56806469641511,2.30022462492436,0,0,4.16541452602097,0.908158326399939,1.56193035511625,0,0,2.05881514616301,0,3.35486817872656,2.13284947529049,1.70464258875547,2.86850722529057,1.63912231634409,0,2.13284947529049,1.46798728814436,0,0,0,3.04161211475752,1.9695129151004,0,0,1.34794885878347,3.41334618363926,3.02156079574425,0,1.63912231634409,2.51497230606613
ST00162,stool,0,0,3.1049064065466,0,3.22246495859822,5.52978659370327,0,4.45954192049733,1.58766230398672,0,0,5.69650414014849,3.76599649924793,0,0,0,3.01996936128044,1.97881555695639,3.96461738021061,0,1.97881555695639,2.31874379270674,0,4.82531270569704,0,3.1448043911897,0,0,0,0,0,1.58766230398672,0,0,2.0917053151211,0,0,2.95243983938951,0,1.46644865828638,0,1.58766230398672,3.7852069095075,0,0,2.5436768698362,4.57116987926908,3.43977205271892,0,0,1.46644865828638
ST00163,stool,0,0,2.91997833380969,0,3.32323032551428,5.50383761249345,0,3.26340093286012,1.66415241182777,0,0,5.76332555421994,3.17344337170555,0,0,0,2.80760327026425,3.05296264659493,4.83557269561163,0,0,2.65559890625957,0,4.07496046491776,0,1.56958877796719,0,0,0,0,1.56958877796719,1.28010421013276,0,1.00128317838385,1.66415241182777,0,1.28010421013276,0,0,1.28010421013276,0,1.86472888403461,1.44853272041226,0,1.80758325618943,1.28010421013276,3.84838064258505,3.68167005987453,0,0,0
ST00166,stool,0,0,1.82217213235573,0,2.23723355580734,5.56667922554519,2.19403252598943,4.06907807221115,0,0,0,5.74217587520235,3.74187434451703,0,0,0,2.98848503027931,1.23930335691419,4.2309981166651,0,0,0.96260973938876,0,4.1284260022866,0,0.96260973938876,0,0,0,0,1.52763389372598,1.87259732181526,0,3.73473995462271,0,0,0,2.03050259980562,0,0,0,0,0,0,1.23930335691419,0.96260973938876,4.299725457201,1.69940811455845,0,0,3.62776158085432
ST00167,stool,0,0.981428199616946,2.54403856221298,0,2.9056823224524,5.16952611142899,0.981428199616946,4.46351562348595,0,0,0,5.84982756140172,3.22754529856757,0,0,0,4.10100750611108,4.13086997396931,3.21561234807477,0,0.981428199616946,2.02872191494901,0,3.61218174882454,0,0.827428854155802,0,0,0,0,0,4.89552149368858,0,0,0,0,0,0,0,1.0948847505795,0,0,0,0,1.0948847505795,0,3.28788959907466,1.95266795044257,0,0,0
ST00172,stool,0,0,1.72300750493985,0,2.6133966936892,5.75976031912955,1.76365243747727,2.06092423544554,0,0,0,5.59847525581293,3.68885036948802,0,0,0,1.99785072159816,2.132893820855,2.68872863151384,1.62814719786847,1.62814719786847,1.43011892142783,0,3.2007056401169,0,0,0,0,0,0,0,4.07798264823401,0.791307672278112,1.21889328351147,0,0,0,1.50660328586137,1.33722308768174,0,0,0,0,0,1.05572561567685,3.76632332871512,3.36714341576612,1.33722308768174,0,0,0
ST00178,stool,0,0,1.39904888746649,0,2.4243965418284,5.46404543495071,1.98791486318501,4.20356152095281,0,0,1.86446207934425,5.82823013887768,3.53071335294834,0,0,0,0,0,4.08383260598634,1.98791486318501,0,1.39904888746649,0,3.12987644741837,0,0,0,0,0,0,0,0,0,0,1.69132755954825,0,2.16251506777657,0,0,0,0,2.28670635304581,0,0,0,1.39904888746649,3.23287872748784,0,0,1.39904888746649,0
ST00183,stool,0,1.43711903874369,2.58345121600727,0,2.82813425762324,5.69718129346236,0,1.96969843577842,1.43711903874369,0,0,5.65087433098313,3.82840384600677,0,0,0,3.25369959374136,2.16429639581418,4.20559280835072,2.16429639581418,1.43711903874369,2.75415254548663,0,3.96319851839336,0,1.82542912951019,0,0,0,0,1.73013900452635,1.90352708373544,0,0,0,0,2.12320110945307,2.75415254548663,0,0,0,3.09339672023761,0,0,0,1.43711903874369,4.09076531863227,3.61417866039055,0,1.43711903874369,0
ST00184,stool,0,0,1.51756272314804,0,1.98580088288234,5.82836290180372,0,4.13934902635955,0,0,1.51756272314804,5.47675895218121,3.74229372503026,0,0,0,0,1.06604998430328,3.5918249889925,0,0,0,0,2.99127890502662,0,0,0,0,0,0,0,0,0,0,0,0,0,0,0,0,0,1.9352089088605,0,0,0,0,3.35152355894785,1.34801654384257,0,0,0
ST00193,stool,0,0,2.52814895368585,0,2.84623787245137,5.5419063602881,1.63397695245381,3.83424121083438,0,0,1.34291962755871,5.71221396561119,3.19614320867305,0,0,0,0.903545543212289,1.17657716870691,5.09029504281443,1.89260852901048,0,1.75638632446228,0,3.01335731626305,0,0,0,0,0,0,0,1.55680864486059,0,0,0,0,0,0,0.903545543212289,0,0,1.34291962755871,0,0,1.46290065336261,0,3.3721423027495,0.903545543212289,0,0.903545543212289,0.903545543212289
ST00194,stool,0,0,2.24591985767535,0,2.24591985767535,5.7472934780072,1.55670064611137,4.47645817348652,0,0,0,5.59070061164638,3.39895694779851,0,0,0,3.3300105722898,2.73560831086203,3.50126309784001,0,1.55670064611137,1.26755911785992,0,3.02918365898218,0,0,0,0,0,0,0,1.94734816112338,0,0,0,0,0,0,0,0,0,0,0,0,0,1.55670064611137,4.05773318506214,2.09207315879414,0,0,0
ST00205,stool,0,0,2.33601208275105,0,2.47953513291787,5.61068532465918,0,3.26491357685405,1.83384203606707,0,0,5.75000652928492,2.78238769181426,0,0,0,1.27153013968673,0.65679928624908,3.88237989004812,0,0.65679928624908,1.8557999585944,0,3.67457253742108,0,0.65679928624908,0,0,0,0,0,0.907123030330694,0,1.51634850658192,0.907123030330694,0,0,1.27153013968673,0,0.65679928624908,0,1.56078135686424,0,0,0,0.65679928624908,4.14607126797427,1.67196055539152,0,0,0
ST00207,stool,0,0,3.07713987761413,0,2.90228190465054,5.72368481339641,0.686819211471701,4.25232910168155,0,0,0,5.46614154715337,2.97109742338487,0,0,0,0,5.12144978650819,4.06383158926682,0,1.5037414138604,2.00609465413427,0,3.85451932592443,0,0.467019349209186,0,0,0,0,0,3.44219074113723,0,0,1.41669557729299,0,0,0,0,1.38331772309252,0,1.57621983152454,0,0,1.26432694539655,0,3.47486166114049,2.62328255489933,0,0,0
ST00222,stool,0,1.24756796114386,2.62126690232947,0,2.67037361446048,5.75611052546552,1.70799972400438,4.11413639737911,0,0,0,5.49065561280214,3.80099477310342,0,0,0,3.37780492119437,3.53522536534136,3.03560053923941,1.92643220830625,4.61779847952464,0,0,4.61420244914938,0,0,0,0,0,0,0,2.52461650301996,0.970427989305884,0,0,0,0,0,0,0,0,1.83080644604829,0,0,0,0,3.4224803555811,3.86083597926632,0,1.24756796114386,0
ST00223,stool,0,0,2.20693889086104,0,2.49666563277608,5.69204760657475,0,3.74611772270306,0,0,1.19170983181835,5.6819476780941,3.2950005526085,0,0,0,0,1.71535495367444,3.98636006514704,0,0,0.917748683320282,0,3.47790560222941,0,0,0,0,0,0,1.19170983181835,2.41976869494959,0,0,0,0,0,0,0,0,0,0,0,0,0,0,3.78148388173866,0,0,0,1.35838977423375
ST00226,stool,0,0,2.04463939175666,0,2.54708685466647,5.51466973160418,1.90349316971499,3.42180180377857,0,0,0,5.81063594586636,3.22394724384804,0,0,0,2.33497183311442,1.92668871678569,3.7830281287152,0,0,0,0,3.66569726608694,0.731831778042043,2.10855653039059,0,0,0,0,1.60785323065451,1.15164715178134,3.13584102126475,3.25895222672443,1.26886025207034,0,0,1.82539529998178,0,0,0,2.02707387436791,0,0,1.36106804399838,2.88636546705602,3.59807899490289,3.33227385025131,0,0,0.731831778042043
ST00227,stool,0,0,2.11427359035327,0,2.95650085952858,5.80771626862112,0,3.01443279652801,0,0,0,5.47846622404489,3.77375346428913,0,0,0,0,0,4.57780160893473,0,0,0,0,2.7138226966827,0,0,0,0,0,0,0,0,0,0,0,0,0,0,0,0,0,0,0,0,0,0,4.01944905566335,0,0,0,0
ST00228,stool,0,0,3.44736913043047,0,3.27830054876964,5.38641293255129,0,3.94712750959338,0,0,0,5.81499134137241,3.2113918932341,0,0,0,3.18658401081031,3.80717843580036,3.76210746598293,0,0,0,0,4.37582640722601,0,2.2592795666174,0,0,0,0,2.85954290569999,0,0,0,0,0,0,0,0,0,0,2.2592795666174,1.96063360351677,0,0,3.8954268884534,4.2547296138536,4.348568796074,0,0,3.16027273537336
ST00231,stool,2.05105382098149,0,2.43694631646114,4.11786183973345,2.35014887618643,5.48728078220935,1.12665238949532,3.6553216885559,1.41114975237537,0,1.41114975237537,5.79648276330875,3.83098419367862,1.12665238949532,0,0,3.59954702098355,3.17600782335263,4.0041334001021,1.58158725472593,0,1.41114975237537,0,3.32613388111327,0,2.2415581271323,0,0,0,0,2.32543935144127,2.00038368963286,3.79715257733491,3.82939360481976,0,0,0,2.17502616496764,0,0,0,1.58158725472593,1.41114975237537,0,0,2.8339325059174,3.82216297234564,3.05710155310768,2.17502616496764,1.12665238949532,3.26925772199465
ST00232,stool,0,0,2.70843953865362,0,3.52063319131079,5.58923136046127,2.44949700791177,3.15505089078687,0,0,2.70843953865362,5.70811054259812,4.04508726108786,0,0,0,2.25408302394145,2.92558856244184,2.88424742031739,3.08815474852017,0,2.68620787084346,0,3.57399202801972,0,0,0,0,0,0,0,4.76526241141072,0,1.88932013660709,0,0,0,1.71602165957076,2.01285571846197,0,0,2.40825856742818,0,0,1.88932013660709,4.1639846567389,3.48224890612112,0,0,2.31177244502407,0
ST00234,stool,0,0,3.12826996453636,0,2.66435615515304,5.2022421998297,0,3.80515620302592,1.72957763237784,0,0,5.86583332763228,4.35841456096303,0,0,0,3.11531478217057,3.29275409012978,4.15720143214817,0,1.43656793203146,2.16372828961162,0,3.72365456093593,1.60732881827654,3.04401833731316,0,0,0,0,0,0,0,0,0,0,0,2.23582042237147,0,0,0,0,4.13305810768913,0,0,2.32552368152791,4.46999676486353,3.88432611248131,0,0,1.43656793203146
ST00243,stool,0,0,1.64882205597273,0,1.82165141286436,5.74701160344455,0.665482244632615,4.36079145664209,0,0,0,5.59724810932249,2.76464798023988,0,0,0,2.04087288546777,0,3.42799916472317,0,0,0,0,3.00269226606658,0,0,0,0,0,0,0.665482244632615,0,0,0,0,0,0,1.47757816857788,0,0,0,0,0,0,0,0,4.26600975263567,0.916869344643071,0,0,0
ST00248,stool,0,0,2.29868084222242,0,2.92634103590023,5.59232897491131,0,3.79359403358617,0,0,1.48175274120396,5.73365601055612,4.12855995603139,0,0,0,1.48175274120396,2.32956448088978,4.03011621625929,1.65304325705541,0,2.44646822096793,0,4.11728602676925,0,1.36156225949307,0,0,0,0,1.71860860183011,1.57578868111267,0,0.920666425873127,0,0,1.19481455025366,0,0,0,0,2.4897859355137,0,0,0,2.8200286171898,4.12427678905262,3.889259356258,0,1.36156225949307,0
ST00253,stool,0,0,2.60303848946018,0,2.89130753896123,5.40861277295515,1.72295606970079,4.20343741565732,0,0,1.48603906343302,5.82669851552135,4.05372181578661,0,0,0,0,2.07732994158162,4.44901612531763,1.9536010452944,0,2.75114462391793,0,3.21812784503222,0,0,0,0,0,0,0,0.924568572014555,0,0,0,0,0,0,0,0,0,0,0,0,0.924568572014555,1.65737698671982,3.61552055163199,3.97884665173269,0,1.36580220026828,0
ST00259,stool,0,0,2.95796880626173,0,4.43703331687785,5.67084155830238,0,4.45810759092264,2.4818033526124,0,0,5.60127276634233,3.67079325015615,0,0,0,3.69793987912861,3.32567211872589,4.21278922860776,0,0,0,0,3.95023958149772,0,0,0,0,0,0,0,2.878883235036,2.18220312595344,0,2.95796880626173,0,0,0,0,2.65741697407533,0,0,0,0,0,0,4.517808540993,3.08278791969537,0,0,3.133900560428
ST00266,stool,0,0,2.82375651543665,0,2.40863775278771,5.77061938342933,2.00548394473469,4.67837532363011,0,0,0,5.47027435675007,3.20060447049111,0,0,0,0,4.54559286991423,4.24671145727477,0,0,1.00498825592115,0,3.52575876096296,0,1.00498825592115,0,0,0,0,0,0,0,0,0,0,0,0,0,1.81163295473728,0,0,0,0,0,0,3.62920038453134,3.6264021439777,0,1.45250040842303,0
ST00379,stool,0,0,2.77409695878694,0,3.08899013921669,5.15188781802962,0,2.6950618107482,0,0,1.6081156865305,5.84260265525458,5.01978638696741,0,0,0,2.84093936259823,0,3.90160399832952,2.41187342389384,2.14446771908352,2.29843447720485,0,4.1850138017022,0,0,0,0,0,0,0,1.6081156865305,1.3176628565772,2.55273501152447,0,0,0,0,0,0,0,2.87660546019184,0,0,1.6081156865305,2.37725148908071,4.26099920901076,4.03188373276802,0,0,2.0780396171801
ST00382,stool,0,0,2.57424645473241,0,2.43127702875164,5.62955252628523,0,1.91830905305363,0,0,0,5.71218966680512,2.99265859522526,0,0,0,3.43916326401251,0,2.94349357311547,1.38715153692328,0,2.15020269157609,0,3.89406761874936,0,0,0,0,0,0,2.74995169397381,1.10357481548636,1.10357481548636,0,0,0,1.10357481548636,0,1.10357481548636,0,0,2.44969339513189,0,0,0,2.02628712704258,3.32099785597418,4.62316313375428,0,0,0
ST00383,stool,0,0,2.95023551926936,0,3.32292086996475,5.5577560345016,0,3.94465791863615,0,1.31488962032748,2.63014162012804,5.74228489088511,3.80260151777834,0,0,0,4.37935240752113,0,3.37868381139727,2.70356034872035,1.82279014168137,1.72750987140218,1.77775773636486,3.58569939788021,0,0,0,0,0,0,0,1.6706782933401,4.06958432213551,1.14918939653433,1.8635886735209,0,0,2.56557982725644,1.60527385522164,1.14918939653433,0,2.56557982725644,1.14918939653433,0,1.93522366845331,0,3.88667301899205,4.1973519666853,1.31488962032748,2.14157477636839,2.72551219805014
ST00384,stool,0,0,0,0,4.04821583230092,5.55332815766967,0,4.22429413587082,0,0,0,5.73837383796404,0,0,0,0,0,3.74722470077558,4.44613252082028,0,0,0,0,4.52531117566253,0,0,0,0,0,0,0,0,0,0,0,0,0,0,0,0,0,0,0,0,0,0,0,0,0,0,0
ST00386,stool,0,0,3.42283693432376,0,3.40665640251871,4.58859398642269,1.69382973476954,3.4215113449207,0,0,0,5.93482146283905,4.4680344822763,0,0,0,1.81656556737729,1.75951909068235,4.62580893810512,0,3.57901138497044,2.70699309824275,0,3.83831991375454,0,0,0,0,0,0,0,2.05675479224402,0,0,1.52211104261595,0,0.95754098894708,0,0,1.99044269148788,0,0.95754098894708,0,0,1.61640280187825,3.33675134796024,3.78251062292743,3.09184210733281,0,0,0
ST00387,stool,0,0,1.16871561242758,0,2.40709673528319,5.80183283770349,0,4.11506239273309,0,0,0,5.53555356861952,3.45118625939549,0,0,0,0,1.62574668812448,3.72713387092254,0.89617900626911,0.89617900626911,0,0,2.8334636656079,0,0,0,0,0,0,0.89617900626911,0,0.89617900626911,0,0,0,0,0,0,0,0,0,0,0,0,1.69122226669533,2.96151717134804,0,0,0,0
ST00411,stool,0,0,0,0,2.67058826934695,5.360341179896,0,3.13373662911743,0,0,2.23287523608327,5.86220273780798,3.83784545059426,0,0,0,2.9298081175444,1.63837046697061,3.88359663242386,0,0,0,0,3.8101781744274,0,0,0,0,0,0,0,0,0,0,0,0,0,1.93437827978953,0,0,0,0,0,0,0,0,4.23359775367691,1.93437827978953,0,0,3.16004679162049
ST00412,stool,0,0,1.66758175717682,0,2.18439450507085,5.66912299430625,1.84906044797211,0.573079963383628,1.24181455992384,0,0,5.70729042108232,3.49743351940671,0,0,0,3.22405107935211,1.93169823676026,3.06801988131303,0.321540004329491,0.632472853767039,1.90880878117183,0,3.32371539077985,0,0,0,0,0,0,0.938370866252822,0.731336626252103,0,0,0,0,0.504258191584973,0,0,0,0,1.75115784120979,0,0,0.684711883072161,0.573079963383628,3.62706593790043,4.02860536786297,0,0,0
ST00420,stool,0,0,3.44070171102746,0,3.78566222608481,5.37453925144556,0,3.53057738367085,2.00908963922407,0,2.70464385141312,5.78743883811214,4.53781415252679,0,0,0,3.96041982407582,0,3.80296941431889,2.99728399405532,2.14265259820593,2.89339740038593,2.04652363933327,4.68441772565505,2.41226510411177,2.00908963922407,0,0,1.00827112494357,0,1.2874557151772,2.04652363933327,3.55460873222418,0,1.45601396671445,0,0,2.79662614522047,1.87237889214951,1.74937798204241,0,2.14265259820593,0,0,1.92288354618787,1.96812204526056,4.49631856967965,0,1.2874557151772,2.04652363933327,2.44211625888028
ST00425,stool,0,0,2.29455438154743,0.931457855351392,2.43527085430256,5.82346054369707,0,3.8936241685813,0.931457855351392,0,0,5.47736495292068,3.06807447255072,0,0,0,3.25236263919056,1.58771094809602,4.19858284836206,0,0,1.49359743218625,0,3.20397879664724,0,1.73062078083852,0,0,0,0,1.58771094809602,0,3.3231819298152,0,0,0,0,0,0,0,0,1.20628602812099,0,0,0,0,3.27030141245298,2.45866804245354,0,0,2.88653582698406
ST00465,stool,0,0,2.46127237017225,0,2.47459083075013,5.70526641629369,1.56856739814318,2.94188683010744,0,0,1.27910965597061,5.66734471499485,3.80349132307236,0,0,0,2.52412116936101,3.08851160933096,3.87060405565824,1.44752044183318,0,1.91418509837799,0,3.01573522009392,1.00033825919807,0,0,0,0,0,1.80654993147846,0,1.00033825919807,0,0,0,0,1.27910965597061,0,0,0,1.00033825919807,0,0,0,0,3.98687880393004,1.00033825919807,0,0,0
ST00480,stool,0,0,2.25278724808726,0,2.02043387364696,5.71179068742508,0,3.28030355291852,0,0,1.19951038076758,5.63070934119635,3.07733209262744,0,0,0,2.87072786837548,3.83634765026589,4.16749485508768,0,0,1.95417709203474,0,3.02284318973475,0,0,0,0,0,0,1.91682705704954,0,1.87596001915031,0,0,0,0,0,0,0,0,0,0,0,0,4.46166741824882,3.23400804424252,1.91682705704954,0,0,0
SW00001,swab,0,0,2.58820078597283,0,4.10518007744507,5.69702370346292,0.877934009761538,0.877934009761538,2.02447089094194,0,0,5.59366156182459,3.64240013900038,0,0,0,0,4.50198179212037,4.34746926979942,0,0.877934009761538,0,0,4.2307238631786,0,0,0,0,0,0,1.31490586065463,2.0984558668074,0,0,0,0,0,0,0,0,0,1.43455453473106,0,0,2.47090988598203,0,4.31730656091146,0,0,0,0
SW00002,swab,0,0,1.93633788209867,0,2.51240030347154,5.58437776795653,1.93633788209867,4.04659655484048,2.34820563422818,0,0,5.76503959873498,3.43929379046696,0,0,0,3.11345811356729,1.25703034869783,4.08967777114626,0,2.08102679532944,1.84068320115124,0,2.82402630752478,0,1.54587600764921,0,0,0,0,1.71782865471465,0,0,0,0,0,0,1.25703034869783,0,0,0,0,0,0,0,1.71782865471465,3.45257124523786,1.25703034869783,0,0,3.24115943370125
SW00003,swab,0,0,2.91886488477867,0,4.09619223166221,5.39457729205686,1.94235227077296,3.58093098094087,2.88522398753256,0,0,5.81934435800559,3.71456408946205,0,0,0,3.45977287484265,1.70301795891005,4.33383287905631,0,2.97354167612129,1.12603570795937,0,3.11790329491278,0,3.55627991237909,0,0,0,0,0,1.41050912491855,2.45551824973457,2.3950485713387,0,0,0,2.32477599609139,0,0,0,1.12603570795937,1.12603570795937,0,2.47393825582838,0,4.52090002420304,3.42688256267355,2.09576384643354,0,3.21963304987966
SW00004,swab,0,0,2.53978643415865,0,4.36527273713727,5.52103016533516,0,4.41993265875516,2.01982187144877,0,0,5.71572240390703,3.94851350949355,0,0,0,3.2711579187674,2.97036046976758,4.68466850014688,0,1.55092069426536,2.14372207191952,0,3.99189407764812,0,0,0,0,0,0,0,0,0,0,1.55092069426536,0,0,0,0,0,0,0,0,0,2.58106518300456,0,4.44756783807025,0,0,0,0
SW00005,swab,0,0,2.42076912753428,0,4.30173513327391,5.64579919563167,0,3.88437135135371,3.1884071684952,0,0,5.6878282371665,3.51616012471974,0,0,0,3.44814867903465,3.95619742901816,4.08602223010523,0,0,0,0,3.12913435084483,0,0,0,0,0,0,0,1.70085459236336,0,0,0,0,0,0,0,0,0,0,0,0,2.61399538863376,0,4.0669046204736,0,0,0,0
SW00006,swab,0,0,2.51793957819985,0,4.68270543564457,5.43692988590212,0,2.24521834128002,2.40717331021094,0,1.06441433775141,5.77096195790521,3.37568900248143,0,0,0,1.34630735658918,4.13554280042794,4.59311862942664,0,1.22784176160757,1.93344007487043,0,4.16026166428311,0,0,0,0,0,0,2.4334022000828,2.61737209225231,1.06441433775141,0,1.63744306049178,0,0,0,0,1.58087845977667,0,0,0,0,3.04059416528341,0,4.19774261570462,0,0,0,0
SW00007,swab,0,0,1.35601639159927,0,3.55405505645807,5.39179169354107,0,4.15799354647216,0,0,0,5.81289082672595,3.43003289066726,0,0,0,3.90587768447623,3.80780915279901,3.50093974857766,0,0,0,0,4.09083340229176,0,3.45717535820804,0,0,0,0,0,1.35601639159927,3.50390329530149,0,0,0,0,1.64737329132934,0,0,0,0,0,0,2.29291044824146,1.94348472688285,4.60946177812747,1.94348472688285,1.94348472688285,0,3.75150015022346
SW00009,swab,0,0,2.47823116592572,0,3.41060954148024,5.58330263478885,0,3.95606015665871,2.9946405662767,0,0,5.75715998152598,3.25215268480842,0,0,0,2.93905837653542,1.29524769369673,4.34725700717799,0,0,0,0,3.13630510696229,0,0,0,0,0,0,0,0,0.860047980805645,0,0.860047980805645,0,0,1.29524769369673,0,0,0,0,0.860047980805645,0,1.41464984522741,1.29524769369673,3.77150821019717,1.70724032775404,0,0,0
SW00011,swab,0,0,2.92529368039521,0,4.42767590211802,5.63146475750587,1.85174961144381,1.67870261199518,3.1948272578912,0,1.5071381014091,5.66775806206178,3.53493322402009,0,0,0,3.39531929479375,3.98796089818417,4.48254405470783,0,2.79514040825018,0,0,2.73724788639837,0,0,0,0,0,0,2.51592902003924,2.14971385752912,0,0,1.21941195467677,0,0,0,0,0,0,1.5071381014091,0,0,2.8510076668445,2.29151905875723,4.45780643461442,1.60133773124457,0,0,0
SW00012,swab,0,0,2.61085900725963,0,3.97392160287962,5.66277703592444,0,3.8190394069483,3.31704070602369,0,0,5.68796814255501,3.0544170878637,0,0,0,3.29519560159901,2.10804345567649,4.2710971421389,0,0,0,0,3.43521699514087,0,0,0,0,0,0,0,2.06266207113127,1.13749934769121,0,1.13749934769121,0,0,0,0,0,0,0,0,0,2.22120462242697,0,3.95656136488434,1.42241217923393,0,0,0
SW00013,swab,0,0,3.24182142824604,0,3.8219466776888,5.51635962185812,1.15729913408248,4.27979964833776,3.1108259038808,0,0,5.75234931536862,3.54768897897122,0,0,0,3.29497425325499,2.58194553731934,4.32928724423883,0,2.00533449863084,1.32319386762136,0,3.71933093640231,0,0,0,0,0,0,2.70085893003394,1.83138292306706,3.22313187947807,0,1.32319386762136,0,0,0,0,0,0,0,0,0,1.87219310286895,2.25869617237526,4.6273054037658,1.15729913408248,0,0,1.15729913408248
SW00014,swab,0,0,2.7707594589268,0,3.75377360066678,5.72534211477945,0,0.827189960438925,2.85815836383999,0,0,5.60224105389392,3.71678711277084,0,0,0,3.6079387224489,4.19353487434739,4.09147318521242,0,3.92925528537092,1.09462665032716,0,2.57126580033822,0,0,0,0,0,0,2.01665762917607,1.90870567034538,0,0.827189960438925,0,0,0,0,0,0,0,0,0,0,1.99207983016115,1.47108816133024,4.17980390752523,0.827189960438925,0,0,0
SW00018,swab,0,0,1.80240876561106,0,3.83432540972572,5.71824415244538,1.33876623393883,4.26116368457046,1.97621233223687,0,0,5.57679889302207,3.75621466301166,0,0,0,3.21901745000079,1.80240876561106,4.33019009670738,0,1.05720101119931,1.05720101119931,0,4.48036894632696,0,0,0,0,0,0,1.05720101119931,1.05720101119931,0,0,1.33876623393883,0,0,0,0,0,0,1.33876623393883,0,0,2.38089627821942,1.50817041992125,4.12290087671888,3.3031314272838,0,0,0
SW00019,swab,0,0,1.70140562111963,0,3.38683757270046,5.74869343386242,0,4.394266766068,1.80862643348841,0,0,5.59974036014558,3.88903198290174,0,0,0,0.90526529722991,2.94844307842909,3.43657390764866,0,1.17841120330278,0,0,3.24052985200585,0,0,0,0,0,0,0.90526529722991,1.34479520731431,0,0,1.34479520731431,0,0,0,0,0,0,0,0,0,1.46479771960608,0,2.96532516305269,1.17841120330278,0,0,0.90526529722991
SW00020,swab,0,1.2695648911655,1.8537523412326,0,5.64574375428244,5.38651712092831,0,3.90837903078869,1.8537523412326,0,0,5.43872158443771,3.81148242499599,0,0,0,3.12670567795051,2.98637861869192,3.29111276464149,0,1.73083615360749,0,0,3.18035281453698,0,0,1.73083615360749,0,0,0,0,3.41305270995256,1.2695648911655,1.2695648911655,2.45122686155546,0,0,0,0,0,1.2695648911655,0,0,0,4.08256021536924,0,3.41599595697163,3.1092282770245,0,1.55876195239112,0
SW00021,swab,0,1.56869302827561,4.06063589920817,0,5.40638210425236,5.36915436204138,0,3.79114182382403,3.34587844634305,0,0,5.54449728860452,3.20543815115501,0,0,0,3.23375465821348,2.96381990587313,4.35235918164996,0,4.25666922091807,0,1.95954079029629,4.12150634041324,0,1.27923198322146,0,0,0,0,0,3.08864062035808,2.21268945199656,1.27923198322146,1.27923198322146,0,0,0,0,0,0,0,0,0,3.79867192301305,1.56869302827561,4.87414518268941,0,0,1.27923198322146,2.03792681171477
SW00022,swab,0,0,0,0,3.73686883914475,5.72247371236987,0,3.89132512255192,3.78848068283583,0,0,5.62025875534984,3.65346739639066,0,0,0,3.15561938131971,3.40536405107714,3.96454838086792,0,2.02906294266189,0,0,4.09134312093153,0,2.20379814465157,0,0,0,0,0,0,0,0,0,0,0,0,0,0,0,0,0,0,0,0,3.68782895912485,0,0,0,2.72477126832215
SW00023,swab,0,0,2.43390681713383,0,4.7999004928671,5.59591442362062,0,2.34409905475803,3.74809034705777,0,0,5.70971424258384,3.26184624699025,0,0,0,1.83661784381636,2.96105383646219,3.78092491999951,0,1.25313445603244,1.54186875323106,0,3.07364952243268,0,0,1.54186875323106,0,0,0,0,3.28531483475784,3.0977633881125,0,1.93226070140068,0,0,0,0,0,0,0,0,0,3.15276967229621,1.71378285133274,3.95820688111602,0,0,0,0
SW00024A,swab,0,0,3.95410272125416,0,4.66487624797381,5.34834073313606,0,4.07163699305989,4.34476173542424,0,0,5.59495456742509,3.20403057378975,0,0,0,3.21478575873575,2.88582484598881,4.0403631508147,0,2.01761774538938,3.52839875235093,0,4.12255090320285,0,2.59177688454919,0,0,0,0,0.828015212129353,2.23779516598702,2.77591630374104,3.45027392209825,1.6139476462725,0,0,2.06295800629959,0,0,0,0,1.47202486555916,0,3.05956359146764,1.25983286323113,5.40650675037999,0,1.37876134177175,1.37876134177175,3.35713617503941
SW00024B,swab,0,0,1.29270431993349,0,3.38075575628994,5.42997494311536,0,4.29078300100894,3.35653624625531,0,0,5.81154023311834,3.74427980384015,0,0,0,3.75861171555455,1.29270431993349,4.44522265949466,0,1.87783741970422,0,0,2.95171215701665,0,0,0,0,0,0,0,0,0,0,0,0,0,0,0,0,0,0,0,0,1.58252333953275,1.75481235925966,4.25543587222998,2.61346684004457,1.58252333953275,0,0
SW00025,swab,0,0,2.37107841409367,0,3.59978453339785,5.47001188794434,0,1.67943827183663,3.7531185041975,0,0,5.7047253298989,3.16191738168285,0,0,0,2.99291740436667,4.38123762224732,4.89323845315018,0,1.97590162129966,0,0,3.30394065592688,0,0,0,0,0,0,0,0,0,0,0,0,0,0,0,0,0,0,0,0,2.15045993143361,0,4.90880969535656,2.44995154808406,0,0,0
SW00026,swab,0,0,3.14758920786455,0,4.60945270009266,5.74293313534313,0,4.03651123626117,3.96050382256356,0,0,5.4936342974533,3.42924414886099,0,0,0,4.08648087124611,2.60086879437921,3.52361323902733,0,3.65635588957561,1.65524984493614,0,4.06758836759404,0,0,0,1.65524984493614,0,0,2.30092615464083,2.08842631642975,0,0,0,0,0,0,0,0,0,0,2.79236531849458,0,2.95776897174669,0,4.55883209533369,0,0,1.53350130265226,0
SW00027,swab,0,0,2.64927528121716,0,1.87596637454852,5.71876999652414,2.17409744777262,4.13969347863762,0,0,0,5.60278510067658,3.74528839173153,0,0,0,2.34921808326508,0,4.41916885459718,0,2.47367069339459,0,0,4.20863240648525,0,0,0,0,0,0,1.87596637454852,0,3.64839789631252,0,0,0,0,0,0,0,0,0,0,0,0,0,3.71533074489761,3.52349168707023,0,0,0
SW00028,swab,0,1.80308641804828,4.29878320836545,0,5.37010341952087,4.94397169861776,0,2.6034612746657,3.08880790515749,0,0.860611894532713,5.43186398316479,3.22942314920317,0,0,0,2.67218380672583,3.74075928122976,3.44763068945432,0,4.15072100772287,0,0,5.51964648620541,0,1.13062793758436,0.860611894532713,0,0,0,0,3.59149356291337,0,1.13062793758436,1.97689356089309,1.70788164304775,0,0,0,0,0,0,0,0,3.7962671421094,0,4.29878320836545,0,0,1.13062793758436,0.860611894532713
SW00029,swab,0,0,3.93245555470888,0,3.93510339156402,5.43455779640018,0,4.08906528261587,3.48987966556674,0,0,5.63528936665093,3.07143815426522,0,0,0,3.14244589558499,2.88082685842663,4.01995853369065,0,2.12013306859188,3.23102562156297,0,4.11945803367272,0,2.265319097299,0,0,0,0,0,2.12013306859188,2.84983495022801,3.82446230811847,0,0,0,2.19876505891591,0,0,0,0,1.72710535041389,0,2.41951320873774,1.43414101435749,5.34916428670535,0,1.90047442163289,0,3.50077954326016
SW00030,swab,0,0,2.4888287557471,0,2.54460979150503,5.57820539509006,1.55095797046557,3.93190329810039,2.13161480182713,0,0.938516282219117,5.66500886235203,3.62896915599493,0,0,0,2.95030253828108,0.684842274365716,3.46242405829038,1.55095797046557,1.09760074841817,1.38093073393638,0,5.12852267432314,0,0,0,0,0,0,3.37690140129644,1.21377964592733,0,0.938516282219117,0,0,0,0,0,0,0,2.0929973368353,0,0,0,2.17828226332752,3.64133138235399,0,0,0,0
SW00031,swab,0,0,2.11094839266604,0,4.01070381426349,5.71769989805702,0,4.35310338238908,2.7104781441653,0,0,5.57665790331481,4.08533074216945,0,0,0,0,4.64916043856659,3.22177550423236,0,2.58582127438709,0,0,2.80721894922331,0,0,0,0,0,0,3.10791033108045,0,0,0,0,0,0,0,0,0,0,0,0,0,0,0,3.81520809666858,0,0,0,0
SW00032,swab,0,0,2.1057494485477,0,4.55946828276328,5.32289943246162,1.51378428528737,4.00137424546634,0,0,0,5.81891991682209,3.43994867154075,0,0,0,3.45466667161521,3.36378252209999,3.50472893255005,0,1.80811053431495,0,0,3.55347157560418,0,3.27135626547441,0,0,0,0,0,2.45603652800825,4.1992691423354,0,0,0,0,0,0,0,0,0,0,0,2.91577260120106,2.20197805624113,4.61755346148495,3.54178912889252,1.80811053431495,0,3.73839712004248
SW00033,swab,0,0,0,0,4.04762612262046,5.45343790970229,0,3.50071190987246,2.48082321616932,0,0,5.79514666483358,0,0,0,0,0,2.65643575786471,4.75928801775528,0,0,0,0,0,0,0,0,0,0,0,0,4.23528559833134,0,0,0,0,0,0,0,0,0,0,0,0,2.78113493776578,0,3.22000992880611,0,0,0,0
SW00035,swab,0,0,3.85677161502385,0,5.16454789120856,5.36461628326954,0,4.05415103521987,3.97940369511037,0,0,5.61330834774308,3.27133065261996,0,0,0,3.29418161149594,0,4.23884814937821,0,3.84908586486745,3.5418701721909,0,4.8211676316536,0,0,0,0,0,0,3.06499827325779,2.89378302982317,3.75024840962665,0,1.8846885051404,0,0,1.71141987464681,0,0,0,1.41874933475514,0,0,3.64500276563755,0,4.85702191159156,3.2533671061351,0,1.41874933475514,0
SW00036,swab,0,0,3.41388214931917,0,5.7413484562667,4.83395861387778,0,3.90478860296891,0,0,0,5.40288392539957,3.50003815370884,0,0,0,3.39217148705687,3.86544799900164,3.60721808271265,0,3.21616823937945,3.61394981472655,0,4.7051137359969,0,2.28033550071277,0,0,0,0,3.18142813317824,3.5414183546959,0,0,0,0,0,0,0,0,0,2.10538147628076,0,0,4.23070861596382,2.10538147628076,4.31682558709912,2.58022527599366,0,0,0
SW00038,swab,0,0,2.42921263327897,0,4.19847264362334,5.48658964239821,0,4.63172325575563,0,0,0,5.69288363915106,3.85901698593205,0,0,0,3.35720290141686,3.89747014575745,3.71771094220317,0,2.72943363342162,0,0,5.02198981135801,0,0,0,0,0,0,2.72943363342162,3.12688752044019,0,2.42921263327897,0,0,0,0,0,0,0,0,0,0,2.72943363342162,0,3.97786718799883,2.72943363342162,0,0,2.60476472946413
SW00039,swab,0,0,2.94007455214034,0,4.43047017174973,5.29461306458466,0,4.05355745934772,3.60113817559038,0,0,5.79941838083691,3.44581627821269,0,0,0,2.08284136567158,2.17903303534985,4.60038669111643,0,1.49141633454828,0,0,4.70941971725961,0,4.03712421481137,0,0,0,0,0,1.78538537141692,0,2.47862276997751,0,0,0,0,0,1.78538537141692,0,1.78538537141692,0,0,2.77893084001491,0,4.37151224146544,1.49141633454828,0,0,1.49141633454828
SW00040,swab,0,0,3.65881964948721,0,4.78458066516526,5.46907121018005,0,4.09780345409298,4.07104393931523,0,0,5.58494397871236,3.02072860409002,0,0,0,3.48356754943973,2.91170241935036,4.17572757351857,0,4.9273552939041,0,0,3.71936723981456,0,0,0,0,0,0,2.36896286254634,2.26473368261711,3.95180460931105,0,1.82951278099494,0,0,0,0,0,0,0,0,0,3.23825813090474,0,5.03953354873645,2.90275866423517,0,0,0
SW00041,swab,0,0,2.38594462713482,0,4.01513318040758,5.65686771999294,2.26160075901126,3.56754253190326,0,0,0,5.51028786559831,3.95823420093838,0,0,0,3.08348361384333,3.94649710762279,3.74121533302864,0,5.17777379517819,0,0,4.46515704512493,0,0,0,0,0,0,0,0,0,0,0,0,0,0,0,0,0,0,0,0,1.78920934463664,0,3.53809580197312,0,0,0,0
SW00042,swab,0,0,2.32099426575145,0,3.96956833845622,5.75000144072018,0,4.28795920767679,2.9613218976724,0,0,5.55901440993437,3.18977998527986,0,0,0,3.81835118475579,2.96511075843338,3.79275299503026,0,2.61257327925573,1.23125089936147,0,4.23942496502196,0,0,0,0,0,0,1.61361514729772,1.51934019712069,0.95499997192097,0,0,0,0,0,0,0,0,0,0,0,2.16221418420094,0,4.08980271733012,0,0,0,0
SW00043,swab,0,1.06440592552099,2.96022355117451,0,4.42838560670608,5.32645461629233,2.02932733450448,4.33786927800564,3.1259445237193,0,0,5.82868616345809,3.79469589806708,0,0,0,3.1259445237193,1.93343097624569,4.27593581602984,0,1.06440592552099,0,0,4.08371073121145,0,0,0,0,0,0,1.34629856538582,2.14233290093481,4.08861766328228,0,1.06440592552099,0,0,0,0,1.34629856538582,0,0,0,0,2.74203952979096,1.34629856538582,4.04398863603082,0,0,0,2.30615381398812
SW00044,swab,0,0,0,0,3.48900053956993,5.70605190403545,0,4.45371051945272,2.83628075173812,0,0,5.62275427246713,3.76514065998802,0,0,0,3.13699405918985,0,3.87709746827089,0,4.1474319344111,0,0,3.43786562410702,0,2.53588344055085,0,0,0,0,0,0,3.23384070683448,0,0,0,0,0,0,0,0,0,0,0,0,0,3.73881638271897,3.01216091097989,0,0,0
SW00045,swab,0,1.41062443135997,3.6850227757112,0,5.04711491808847,5.47730830928684,1.76885160045535,3.61144489596787,4.0877643569455,0,0,5.63353363827466,3.51685542534231,0,0,0,3.3705623031574,3.88600028134622,3.86476723627415,0,3.78559784903736,0,0,4.28867689592995,0,0.70956591722747,1.47515425933616,0,0,1.1261467018684,2.6415633106199,2.8227445340284,1.1261467018684,0,1.47515425933616,0.965999945277705,0,1.47515425933616,0,1.24288815768599,1.1261467018684,0,0.70956591722747,0,3.44019907753309,1.1261467018684,4.93512529226916,2.17448327927864,0,1.1261467018684,2.78329819689699
SW00046,swab,0,0,2.16025308482591,0,4.64228386200751,5.60076129422621,0,4.49872003224499,0.750752769531107,0,0.750752769531107,5.67774962283352,3.25940325188843,0,0,0,3.41732339903652,0.750752769531107,4.35511733802127,0,1.38320197263403,0,0,2.83969304189416,0,2.67962445864486,0,0,0,0,1.17317188595905,2.32116868371352,4.179923008342,1.17317188595905,1.17317188595905,0,0,1.87581744501118,0,0,0,1.38320197263403,2.14611272862244,0,3.08947757888542,0,3.63725411079266,1.17317188595905,0,0.750752769531107,0
SW00047,swab,0,1.66945885555324,3.3462620215946,0,5.33863520540617,5.61725537619298,0.957482795802475,3.39592865185025,2.21758169503639,0,0.804702692592573,5.45102649023763,3.16630509094228,0,0,0.957482795802475,2.96664002495629,4.6264065631368,4.11431160409496,1.64371056774662,2.23830846514145,0.957482795802475,0,3.84731183049054,0,2.00215715443307,1.15973761143238,1.15973761143238,0,0,0.804702692592573,3.07638049246793,0.804702692592573,1.15973761143238,1.92615272499829,0.804702692592573,0,0.566924369188286,0,1.64371056774662,1.15973761143238,1.40143847655146,1.55580440817185,0,3.68304047845852,1.0702793012986,3.94047518235237,2.18067477844599,0,1.0702793012986,0.804702692592573
SW00048,swab,0,0,1.90635430013177,0,3.92833340013033,5.585711754116,0,3.8226843764813,1.32016485336422,0,0,5.74118063611005,2.34224464094494,0,0,0,2.60099234707503,4.4508703508989,4.15683810782883,0,2.44655659759181,0,0,3.34046360619611,0,0,0,0,0,0,0,2.0021853679884,0,0,0,0,0,0,0,0,0,0,0,0,1.90635430013177,0,3.42614020169676,0,0,0,0
SW00049,swab,0,0,2.75044524469741,0,3.64962795727458,5.76619014858292,2.75044524469741,3.93886587666733,0,0,0,5.55902278792174,2.97271996781659,0,1.02218233685129,0,2.58201953500173,2.90877610468994,4.03193983684287,0,1.91357178988649,0.760574621441434,0,4.25461710614492,0,0,0,0,0,0,0,1.30207262578018,0,0,1.02218233685129,0,0,0,0,1.39462835224398,0,1.30207262578018,0.760574621441434,0,2.18578170313758,2.60828158555648,3.76493687670968,3.36994147413627,0,0,1.18429540166718
SW00050,swab,0,0,0,0,4.03379105716777,5.32181796533761,0,3.87030729232635,1.85516421042846,0,0,5.87653195015789,2.75291723799691,0,0,0,1.85516421042846,0,4.15658576797896,0,2.45265369226838,2.32822517184523,0,3.1046733653863,0,0,0,0,0,0,0,1.85516421042846,2.15315255044251,0,0,0,0,0,0,0,0,0,0,0,0,0,3.38071914522968,0,0,0,0
SW00051,swab,0,0,0,0,3.33602867530718,5.58670665409915,0,3.59421687616596,3.03519896790061,0,0,5.75547507473858,3.5631908314015,0,0,0,3.41063066069697,2.83131920929006,4.31357299698326,0,0,0,0,0,0,2.434338770234,0,0,0,0,0,0,0,2.434338770234,0,0,0,0,0,0,0,0,2.1349033607801,0,0,0,3.9578309751868,0,0,0,0
SW00052,swab,0,0,1.39623924190741,0,4.58917036517627,5.27436131923008,0,4.21352212953756,0,0,0,5.86244077498004,3.19495807449782,0,0,0,2.68037699061711,0,4.0673412260141,1.39623924190741,0,0,0,3.08636576120818,0,0,0,0,0,0,0,2.08102826596882,0,0,0,0,0,0,0,0,0,1.11230812295674,0,0,2.88415687170982,1.56647792829514,4.08986015760249,0,0,0,0
SW00053,swab,0,0,2.49502660816543,0,2.86780508208054,5.63101335190621,1.09102978948657,4.38116826548812,2.17118397619813,0,0,5.67772846324806,3.49692061474089,0,0,0,3.46775022215319,2.6176441067494,3.80986352944461,0,2.59946417575109,1.54401446831883,0,4.72040736346883,0,0,0,0,0,0,1.37408427260585,2.41769346091337,0,0,0.823861862278266,0,0,0,0,1.09102978948657,0,0.823861862278266,0,0,1.25522041738421,1.09102978948657,3.68073347111224,0.823861862278266,0,0,0
SW00054,swab,0,0,3.23912172021029,0,5.3332944602947,5.38491795741929,1.97245658799883,3.99383669376103,3.22733708761774,0,0,5.68436513252022,3.40993031721593,0,0,0,2.53334960233684,3.629087937431,3.90235729252486,0,2.39552358492114,1.67602941538367,0,3.88167534626541,0,1.21684660580487,1.21684660580487,0,0,0,2.233589594506,2.95356477475303,2.77017467336933,3.02890881677951,2.19245046186959,1.50449270800682,0,1.79867283825424,0,1.97245658799883,0,1.50449270800682,0,0,3.63066395601871,2.75861272580214,3.99110124980107,3.28678766647227,0,1.21684660580487,3.37168138145886
SW00055,swab,0,0,2.12108478038886,0,2.45811963128766,5.40536555895104,0,3.62794565829327,1.11137055277501,0,0,5.82133599569179,4.12447913789654,0,0,0,2.77609123658404,2.5547270602963,4.19798073187579,0,0,0,0,3.04057692004049,0,3.92709096328548,0,0,0,0,0,0,0,4.15087476084989,0,0,0,2.5547270602963,0,1.11137055277501,0,1.56548941913947,0,0,0,2.62150085008429,4.30966465430009,3.51268940579722,1.78258779363153,0,0
SW00056,swab,0,0,2.80489387078178,0,3.6865419769134,5.58867512703666,0,0,4.07580042052943,0,0,5.67671591239816,3.23883266892773,0,0,0,3.3406537036747,3.92442689915891,4.75710355120637,0,1.61086470953042,0,0,2.71487427303373,0,0,0,0,0,0,0,0,0,0,1.32034594022071,0,0,1.61086470953042,0,0,0,0,0,0,2.08083443033044,0,4.66399820911771,3.52707851923871,0,0,0
SW00057,swab,0,1.31547333870203,1.03495564747255,0,4.1303002648043,5.66912366804686,0,3.87378565222508,1.90148718903364,0,0,5.67811902557855,3.43711753756691,0,0,0,3.42444120897748,3.63745265719385,4.18939460193147,0,0,1.03495564747255,0,3.35671701663135,0,0,0,0,0,0,0,1.90148718903364,0,0,1.31547333870203,0,0,0,0,0,0,0,2.4095818584742,0,2.03830131547606,1.03495564747255,3.87946203087894,1.48450606877441,0,1.03495564747255,0
SW00060,swab,1.60274631753275,0,3.05454971558538,0,3.64494533634242,5.63603482103804,0,1.99413299999076,3.02354385362918,1.77520905478738,0,5.68589100807139,3.3737076168635,0,0,0,3.36280892381797,3.95448767719802,3.89176714146047,0,2.40638893310798,0,0,4.65266480336476,0,0,0,0,0,0,3.3878263815547,1.77520905478738,0,1.31242346049498,0,0,0,1.31242346049498,0,0,0,0,2.19659908257266,0,1.89832209822089,0,3.77936142491921,0,1.60274631753275,0,0
SW00061,swab,0,0,3.03392767073854,0,4.46768797710663,5.41007912831572,0,4.75277268820612,1.20421567510596,0,0,5.75157248423771,3.7916874499829,0,0,0,3.34074440217668,4.21324778969242,3.46526173387351,0,2.91708199495909,0,0,4.73208144324027,0,0,0,0,0,0,2.98282535266457,2.42088230342402,0.929508989780306,0,1.78543023310293,0,0,0,0,1.37116559050229,0,0,0,0,2.8580371943642,0,3.80770472521898,0.929508989780306,0,1.66285768419466,2.75099581046257
SW00062,swab,0,0,2.89741112940611,0,3.42807579927101,5.62484065300492,0.364428179230916,4.41102675846116,3.04389823241697,0,0.559749969167562,5.63132556374996,3.4172920759052,0,0,0,3.64540549784298,3.93387275045857,4.08923123076888,0,3.46929879464903,2.5852224943215,0,4.20835894933202,0,0.693993797093585,0,0,0,0,1.8327107908645,2.05199851798233,0,0.948709854148936,1.06125501814395,0,0,0,0,0.693993797093585,0,0.364428179230916,0,0,1.68409488471837,0.693993797093585,4.07730974940181,4.78281309302805,0,0,0.364428179230916
SW00063,swab,0,0,3.40616740326376,0,3.84807482803144,5.58559552441034,2.0673096648013,3.09533153614896,3.78483762241596,0,0,5.7064351375412,3.02421803796542,0,0,0,1.18950501106355,1.47626698425656,4.17461361831161,0,0,1.64749613242051,0,4.28987412021586,0,1.18950501106355,0,0,0,0,0,1.76998324752699,0,0,0,0,0,0,0,0,0,1.18950501106355,0,0,2.16347515698524,1.18950501106355,4.72681201230207,1.18950501106355,0,0,1.18950501106355
SW00064,swab,0,2.23387923710226,3.38786227092821,0,5.86899430209979,4.72457104789777,0,4.14163715386825,3.03337194270147,0,2.35818386736758,5.06043026990785,2.45471297168624,0,0,0,2.45471297168624,3.41714005148264,3.88781112559387,0,2.05905341992819,2.98511457496128,0,4.55904864950345,0,0,0,0,0,0,0,3.69382313882977,0,0,2.05905341992819,0,0,0,0,2.45471297168624,0,0,0,0,4.05745009021897,0,3.97697825021898,2.05905341992819,0,2.05905341992819,0
SW00065,swab,0,0,4.42554731108069,0,5.6222909282503,5.1837712667405,0,4.6617473718635,0,0,0,5.39491734299161,3.30444205831951,0,0,0,2.35191972086398,2.65198295828388,4.41069875706241,0,2.35191972086398,0,0,3.86855677110787,0,0,0,0,0,0,0,3.52620462022671,0,0,3.04934187733846,0,0,2.65198295828388,0,3.25331646602389,0,2.95252876660928,0,0,3.85519464641237,0,4.75311223659459,0,0,0,0
SW00066,swab,0,1.19764734139407,3.86690782901664,0,5.30819857601033,5.30789890631532,1.77853636468666,3.97063383916406,3.52149690037759,0,0,5.63051059112966,3.28168052755506,0,0,0,2.86438273766845,1.98659931331739,4.85925277671856,0,0,1.72157630879043,0,3.88898523403372,0,3.45825448337506,0.923329710161333,0,0,0,1.36445645170833,3.07534481623008,2.46072422834459,0,1.19764734139407,1.4846786430531,0,1.87399759873437,0,1.36445645170833,0,0.923329710161333,2.4138994431132,0,3.57156152944661,1.6560015710788,4.72693954488514,3.10653971611993,0,0,2.47168202727136
SW00067,swab,0,0,2.98929799693318,0,5.23682842301452,5.22940444833913,0,3.94314465541263,0,0,0,5.76844987065771,2.98929799693318,0,0,0,0,2.98929799693318,3.94314465541263,0,0,0,0,4.06807101586272,0,3.68791175164573,0,0,0,0,0,2.98929799693318,2.98929799693318,0,0,0,0,0,0,0,0,0,0,0,3.29010537083051,2.98929799693318,4.42023290625995,3.46612239726406,0,0,0
SW00068,swab,1.37639818016648,0,2.1015619310159,0,4.03127033862516,5.65394254246099,0,3.75489514809466,3.62736361210574,0,0,5.69120646240834,3.16760328633382,0,0,0,3.54256419055931,2.94370364098481,4.33388897849019,0,3.63200742748553,0,0,2.65972998884891,0,2.1015619310159,0,0,0,0,0,1.66820330257933,2.80558630419852,2.86349330369752,1.37639818016648,0,0,1.09325011844185,0,0,0,1.09325011844185,0,0,2.1015619310159,2.1015619310159,3.51321750443103,1.09325011844185,0,1.09325011844185,1.37639818016648
SW00069,swab,0,1.58625332034089,2.94640445238572,0,4.47822075090215,5.18702215556773,2.01836091374971,3.50821388707899,2.3725705859819,0,0,5.88666824547902,3.19054906753089,0,0,0,1.88161660230438,2.12220324043155,3.93330640184545,1.75857499766724,2.77285885018543,2.90782075343308,1.29633964304026,4.06202100149197,0,3.10346112063906,1.01672344897158,0,1.58625332034089,0,2.01836091374971,2.54223458924745,3.84031520469658,3.06306585098585,0,0,0,1.46505172766281,0,0,0,0,1.01672344897158,0,2.69793239338466,2.43677447632227,3.80151347673646,2.518172108888,0,0,2.81854306468795
SW00070,swab,1.34042237267161,0,1.83171938679229,0,3.88838138819194,5.6218098268009,0,3.76236465780962,1.24844222078553,0,0,5.7193583460848,2.91393936803128,0,0,0,3.01950892382147,1.24844222078553,4.41988970039284,0,1.63142151883706,0,0,2.91393936803128,0,1.34042237267161,0,0,0,0,0,0.714311375511658,4.05416112929714,0.971255500330997,0,0,0,0,0,0,0,1.24844222078553,1.41628567815275,0,2.24686966670143,1.13159756450548,3.4928660678265,0,0,0,0
SW00072,swab,0,0,1.60017386888927,0,3.88365301609342,5.6642397519197,0,4.08885249283759,2.06996384598992,0,0,5.69821985738682,2.82023640697326,0,0,0,3.42180338839096,3.70482623024263,3.53126588277228,0,0,0,0,2.96067359374322,0,0,0,0,0,0,0,3.13351752632187,0,0,0,0,0,0,0,0,0,0,0,0,1.89571704130592,0,3.69472791969863,2.19397740953763,0,0,0
SW00073,swab,0,0,2.91559420632726,0,4.73528325603813,5.750073357493,0,2.52328254639191,0,0,0,5.40546856153459,2.42969212675895,0,0,0,2.7924521639072,2.48561230325722,4.96814954199138,0,2.24689674216396,2.47229270254822,0,4.18054892471928,0,0,0,0,2.29012811267122,0,1.97035127581406,2.64789574286954,0,0,1.01030396954338,0,0,1.28959317144637,0,0,0,0,0,0,2.91069286566272,0,4.16463801604027,3.24467732308268,0,0,0
SW00074,swab,0,1.19561708634587,2.37297937650404,0,4.36911354519354,5.45717414292167,0,4.34716094187974,0.921420834719566,0,0,5.8050159961698,3.5895529764057,0,0,0,3.3285873864855,3.04535389621233,3.78617993285631,0,3.79547402754943,0,0,3.48102625289091,0,0,0,0,0,0,0,1.82674871795844,0,0,0.921420834719566,0,0,0,0,0,0,0.921420834719566,0,0,2.74757645038674,1.57662315831264,3.69473315996493,2.87939645541391,0,0,2.60742197356681
SW00075,swab,0,2.21015341432446,2.76451828800263,0,5.27207827940062,5.50387150096435,0,4.33394448181415,2.41326840044154,0,1.81621029549054,5.61216620827313,3.33477399700426,0,0,0,3.69327767835332,4.53299663045477,3.78272771260772,2.35551594938281,2.11391210930085,0,0,3.67590717430395,0,0,0,0,0,0,0,3.09990802336704,0,0,1.52176111138737,0,0,0,0,0,0,1.52176111138737,0,1.52176111138737,3.50426944212891,2.28888828233663,3.66695423989959,1.52176111138737,0,0,0
SW00076,swab,0,1.69921852734694,3.33163015172226,0,5.75393391681823,5.32105757517391,0,3.68945137053107,2.41229294193704,0,0,5.21367837068413,2.87429998012425,0,0,0,3.0332748031537,4.15586285939003,3.97323123907814,1.40678383181135,3.20923195401792,0,0,3.77060841528208,0,0,1.69921852734694,0,0,0,0,3.5068261887154,1.12245033774002,0,2.34562617942905,1.57716383359608,0,0,0,2.04655133424949,1.40678383181135,1.87240646321854,1.69921852734694,0,4.09059099809184,1.57716383359608,3.45775693159059,0,0,1.99588622721654,1.12245033774002
SW00078,swab,0,0,3.95021003669763,0,4.71624758839346,5.47157261011986,0,3.53115986750224,1.89316928276845,0,0,5.62604381152204,2.90930412945076,0,0,0,2.76339010332754,3.03410905651417,3.96680747207269,0,0,0,0,3.4559330979991,0,0,0,0,0,0,2.19141330304146,1.597658188764,0,0,1.89316928276845,0,0,1.89316928276845,0,0,0,0,2.84244652328457,0,3.01832965909425,2.3665719179005,5.29945365341381,2.19141330304146,0,1.597658188764,2.49104358026616
SW00079,swab,0,0.954075780371202,3.1100654882014,0,5.03195150709595,5.64822025525701,0,4.26597354768143,3.52212627681153,0,0,5.43950030637402,3.45083094386496,0,0,0,4.04219104045417,4.99960826078472,3.97556583417209,1.39775993851288,1.61260085797355,1.61260085797355,0,2.760988563609,0,0,0,0,0,0,3.53851185911055,2.72978706037302,0,1.39775993851288,1.90829976040675,0,0,0,0,0,0,2.05289252908893,1.39775993851288,0,3.21703319471669,0,4.29102583516585,1.39775993851288,0.954075780371202,0,0
SW00082,swab,0,0,1.78393954696656,1.11263874908665,3.75362268537366,5.60490874308158,1.56682648998626,3.84498567742654,1.92802208460533,0,1.56682648998626,5.75125021593828,2.90438414186181,0,0,0,0,3.00247907214584,4.09190321814909,0,0,2.03602598947704,0,3.42035544003114,0,0,0,0,0,0,0,0,1.11263874908665,0,0,0,0,0,0,0,0,0,0,0,1.78393954696656,0,3.54918210870903,0,0,0,0
SW00085,swab,0,0,2.48729857075317,0,3.60287162353858,5.63333213611452,1.44731301110603,3.81779216142935,4.51587564020683,0,0,5.67362767771701,3.42438872888871,0,0,0,0,1.00014464949998,4.08121982836145,0,1.91397261145095,0,0,3.13656404945018,0,0,0,0,0,0,0,1.44731301110603,0,0,0,0,0,0,0,0,0,0,0,0,2.03758574242059,0,4.55429841990838,3.41995124367775,0,0,0
SW00086,swab,0,0,1.54107482768017,0,3.93464726018193,5.58789373149514,1.74048401736091,3.69698210120473,0,0,0,5.76014796038601,3.31818684991985,0,0,0,3.30093630666821,0,4.06372897526676,0,0,1.91393591995049,0,3.28601822287088,0,0,0,0,0,0,1.44727719293704,1.74048401736091,0,0,0,0,0,0,0,0,0,0,1.44727719293704,0,2.03754893875009,0,3.73096636575447,2.43309240930448,0,0,0
SW00087,swab,0,0,3.65992091883395,0,4.23008972518796,5.71836323444332,2.12993385989515,3.4762185350454,3.35980578239506,0,0.983948389142012,5.29918460385168,3.68619598224437,0,0,0,3.15284166733878,5.09868411226198,4.00515541782531,0,1.26184050807799,3.69800925436621,0,4.40355132089564,0,0,0,0,0,0,0,2.03728427834486,0.72579507982979,0.983948389142012,0,0,0,0,0,0,0,0,0,0,2.57601383941888,0.72579507982979,4.89189516277681,2.50592878593851,0,0,1.35397125466882
SW00089,swab,0,0,0,0,3.28516424281472,5.82085194070137,0,4.06524437392448,0,0,0,5.45702401294408,3.50550638508206,0,0,0,0.861994170266216,3.73389153324256,4.43219313079248,0,0,0,0,2.1984990322341,0,0,0,0,0,0,1.65267077941936,1.2973906248087,0,0,0,0,0,0,0,0,0,0,0,0,1.51039085876467,0,3.32045251521205,0,0,1.13211236010645,0
SW00091,swab,0,2.05696440590045,3.41503340642319,0,5.3601369819562,5.51653507731152,0,4.63102328886713,2.18094982738159,0,0,5.4419515082772,3.94713418661994,0,0,0,3.24836034299718,3.86387842065709,3.98768165750311,0,3.27521778041694,0,0,4.84319523022006,0,0,0,0,0,0,2.27728684524008,3.03881261560224,0,0,1.5873952623376,0,0,0,0,0,0,1.88277352213836,0,0,3.61354952003857,0,4.18350075765906,1.88277352213836,0,0,0
SW00093,swab,0,0,2.4136167072093,0,4.94475255820792,5.50514767906795,1.95810927901969,4.31481280723718,0,0,2.48300432891348,5.73673986014315,3.22944312356838,0,0,0,1.37016552819298,1.54003947793178,4.03791610647304,2.56989475965474,1.08727062130671,0,0,3.55683557957709,0,0,0,0,0,0,0,2.71380809904072,1.37016552819298,0,1.08727062130671,1.08727062130671,0,0,1.95810927901969,0,0,0,0,0,3.20884111553734,1.08727062130671,3.78667752438889,1.75684948976992,0,2.09510563603215,0
SW00094,swab,0,0,4.12226615442936,0,4.13629640426316,5.52053753943388,0,3.94359100335027,4.5803750584438,0,0,5.5004970247633,3.47814661275243,0,0,0,2.82828288713353,2.82828288713353,3.69764625091675,0,3.97744556161472,0,0,4.16306622715968,0,0,0,0,0,0,0,2.07795443640503,0,0,0,0,0,0,0,0,0,1.90367407587581,3.14157021362685,0,2.07795443640503,0,5.38557087569706,1.60803190591178,0,0,0
SW00095,swab,0,0,1.7448051872882,0,2.42578206847849,5.39199423502413,0,4.23091257768437,1.19175269840493,0,0,5.82448485917772,3.63865783017439,0,0,0,2.62631281092855,0,4.18770844432132,0,0,1.07602475059861,0,3.45860502792487,0,3.67251768847823,0,0,0.917788959785667,0,0.917788959785667,0.666302620458396,0,4.24353810721297,0,0,0,2.5872575408874,0,0,0,0,0,0,0,1.82268182540502,4.31702728674656,3.26948131158384,2.13224331534962,0,0
SW00097,swab,0,0,2.27308242517858,0,4.75732564043197,5.60802615724303,0,4.22946015431252,0,0,1.76637861450242,5.36430969464875,3.35013564535419,0,0,0,3.08317508576045,3.34547287758712,4.98817932028918,1.80056825628119,5.14622549146919,0,0,3.51615227519228,0,0,0,0,0,0,0,2.4137678220733,0,1.02390647471877,1.59399009373221,0,0,0,0,0,0,2.20095260940837,0,0,3.04370069543162,1.18607581986902,3.29481336715342,4.58862075609031,0,1.30388258486482,0
SW00098,swab,0,0,1.65831222818418,0,2.25315890260106,5.76424557887807,0,2.64964175868613,0,0,0,5.57253423767826,3.5000632867679,0,0,0,3.16747697055969,3.76268596556249,3.6901489357278,0,0,0,1.95454668236865,2.25315890260106,0,0,0,0,0,0,0,0,0,0,0,0,0,0,0,0,0,0,0,0,0,0,4.46159596062944,0,0,0,0
SW00099,swab,0,0.85297770935266,2.87070107648318,0,5.59527899215178,5.37468395243303,0,3.15684901892867,3.2300659468553,0,2.67474053260789,5.49215984493064,3.44835059516719,0,0,0,2.43239075712274,3.84315319945627,3.69910740862571,2.92139009847605,1.57713533202762,0,1.64243633486568,3.4614225278118,0,1.50024775967207,1.50024775967207,0,0,1.28745445310954,0.85297770935266,3.20090371165904,0,0,1.28745445310954,1.50024775967207,0,2.04652232057259,1.93849121507307,1.69918983587045,0,0.85297770935266,0,0,3.95910458377005,1.57713533202762,4.35765885573689,3.15869973593198,0,2.11291135606916,0
SW00101,swab,0,0,2.10498433090409,1.22513382705197,3.73804421056463,5.53196609640434,1.06178446133841,1.51303676222816,0,0,1.06178446133841,5.80320831903097,3.5757706765185,0,0,0,1.34355862912989,2.57376798886368,3.01623405834047,1.72952153656603,2.04747930487247,0,0,3.71969142869472,0,0,0,0,0,0,1.22513382705197,3.67034381836648,1.06178446133841,0,0,0,0,0.79687980863062,0,0,0,0,0,0,1.84159258432118,2.99130551741811,3.28859914658579,1.06178446133841,0,0,0.79687980863062
SW00103,swab,2.2112146853624,0,2.9211885556631,4.32250010317501,3.62617436927769,5.40919889668532,0,3.44305419980107,3.5495601328925,0,1.41274542095872,5.831833735161,3.21213058150582,0,0,0,3.15559419916989,1.87852688098995,3.93600252888639,0,1.94465224160391,0,0,3.15559419916989,0,2.13914926681209,0,0,1.12818856143495,0,1.94465224160391,1.12818856143495,3.34276329373697,2.94634276492685,0,0,0,1.12818856143495,0,0,0,1.12818856143495,1.58320379306756,0,1.80049303165508,1.87852688098995,4.13284735460184,2.61416385063751,1.87852688098995,0,3.01928764449035
SW00105,swab,0,0,3.47312073043628,0,4.73558197412319,5.53981405685187,0,3.97219230046443,3.62402605598857,0,1.81955310094718,5.63787655643727,3.6054221022544,0,0,0,1.29163135804702,4.05917768154633,3.6054221022544,1.67604915388239,1.01224285804594,1.01224285804594,3.3278642895677,3.94559745624552,0,1.58142228377462,0,0,0,0,0,2.22568767389157,0,0,0,0,0,1.75370160906775,1.29163135804702,0,0,1.46026231334638,0,0,3.040102798517,2.17485788585478,5.05822757032628,3.19082105885495,0,1.01224285804594,0
SW00108,swab,0,0,2.13814132206047,0,4.83394646276788,5.65748048646199,0,3.97700069117973,1.54545840318707,0,0,5.5846038735441,3.36560619946874,0,0,0,0,3.81173070433034,4.10813180504105,0,0,3.40814108294097,0,4.74055236175534,0,0,1.54545840318707,0,0,0,0,2.23441893902446,0,0,2.01425453679583,0,0,0,0,0,0,0,0,0,2.7641072804046,0,3.50617337378038,2.13814132206047,0,0,0
SW00110,swab,0,0,2.83986905697571,0,4.63389964327092,5.56614451752683,1.73339631084985,4.61157299573952,1.63848766579256,0,0,5.65903856619361,3.05201861682211,0,0,0,0,4.52575237889627,4.38504130552936,0,3.22524302213007,0,0,4.15118812231448,0,0,0,0,0,0,0,3.11656461097138,1.06539147305571,0,1.34732845991139,0,0,0,0,0,0,1.06539147305571,0,0,2.99055920305716,0,4.11837884994499,2.83314548570302,0,1.51686418243585,0
SW00120,swab,0,1.34607299112119,2.62809642560299,0,4.93250076458174,5.62186727319402,0,3.26077941762084,1.56002012089599,0,0,5.66624968297845,2.54911964298704,0,0,0,2.40692884674604,1.93319751162566,4.02010402953531,0,1.70271723748521,2.52232577624565,0,3.7732739037778,0,0,0,0,0,0,1.34607299112119,2.51301410870494,0,0,1.99942011412545,0.906437273892991,0,0,0,1.70271723748521,0,0,1.1796607837862,0,3.19750196418189,1.75963143988236,3.99229275095459,2.41878207863451,0,0,0.906437273892991
SW00123,swab,0,0,2.93596753934072,0,3.69978739934045,5.6160105124872,2.25696797579597,4.23977649666386,2.69330679288314,0,0,5.65488259970535,3.52402787150042,0,0,0,3.27444356016292,4.7261565985086,3.82477658666476,0,1.92529319617825,3.43348190065322,0,4.09004894399529,0,1.76022269937807,0,0,0,0,0,1.92529319617825,1.53502224866007,3.31054505974992,0,0,0,1.38551644355418,0,0,0,1.04074314276523,0.883985300088505,0,1.80773262018912,0,4.43307130598781,2.98351337042063,0,0,2.83666446310594
SW00124,swab,0,0,1.71484478976111,0,2.56790304873488,5.73267774030657,1.4221092082015,3.75761729057325,2.97402191313551,0,0,5.63327229109097,3.42046419778385,0,0,0,0,1.4221092082015,4.14377419314924,0,0,0,0,2.80398145269447,0,0,0,0,0,0,0,0,1.4221092082015,0,0,0,0,0,0,0,0,0,1.1372074178959,0,0,0,3.67960755666371,2.8453121307875,0,0,0
SW00131,swab,0,1.45018879208459,3.56495841146875,0,5.33770691279664,5.29226310794851,0,4.74985457238303,2.86646117666976,0,1.74344835967598,5.46765002676008,3.24766533435907,0,0,0,3.80932209069588,5.09868153571939,3.27358683412462,1.74344835967598,0,0,0,4.35517054159274,0,0,0,0,0,0,1.91691827054021,4.70658869255963,1.74344835967598,1.45018879208459,0,0,0,0,0,2.13665848973782,1.74344835967598,0,0,0,3.71789076278875,1.45018879208459,4.23867087082947,0,0,0,1.45018879208459
SW00133,swab,0,0,1.81472347848172,0,3.52830631187715,5.71826992233486,0,2.20865282693734,2.35401271009554,0,0,5.62785928683243,3.21482340658303,0,0,0,3.09839931484453,3.29959793215278,4.11980514089655,0,1.52029669184194,0,0,4.35024049054908,0,0,0,0,0,0,1.81472347848172,2.28738614914601,0,3.12010167415154,0,0,0,0,0,0,0,0,1.81472347848172,0,2.28738614914601,1.52029669184194,3.82092114271582,0,0,0,0
SW00137,swab,0,0,3.32999694136385,0,5.60615854710498,5.08789646491031,1.14706277331114,4.07924572711078,3.63356483749587,0,0,5.51976783989958,3.23905207924281,0,0,1.82053525933243,3.15664548844508,2.37207014125369,3.97653016385786,1.60304141307315,1.72526345679698,0,0,4.47913995193117,0,3.24230336755848,0,1.14706277331114,0,0,0,3.34814088811085,3.05981116586934,1.43233308309766,2.34735500290116,0,0,2.11827017810765,0,1.72526345679698,0,0,2.51422107329898,0,3.91845942760969,0,4.8115750709308,2.83159374087928,0,0,3.19077686413422
SW00142,swab,0,0,2.85702719865331,0,4.04398313697276,5.68630650857424,1.86242600095713,4.1618044595766,4.34074282480317,0,0,5.45488689201064,3.4363658014033,0,0,0,3.4586342456502,4.04679386110314,3.67605867722165,0,4.05236131861134,0,0,4.94100442065268,0,0,0,0,0,0,3.08722750319637,0,0,0,2.3355546000824,0,0,0,0,1.86242600095713,0,0,0,0,2.16046495140095,0,4.75734382911857,3.33374585952426,0,0,0
SW00144,swab,0,1.31089326231537,3.96814994593651,0,5.53490278735558,5.46145690548751,0,4.53031542794236,0,0,2.50796427917932,5.39913171690439,4.01303794486867,0,0,1.31089326231537,0,2.91804357462602,3.96951193708216,2.68796164412478,1.69590651213794,1.31089326231537,0,4.44387366933206,0,0,0,0,0,0,0,3.22135689842706,0,1.03058793119729,1.31089326231537,0,0,0,1.77362740965353,1.03058793119729,0,0,0,0,3.88633274725044,0,4.16825519396207,2.78121086528769,0,2.03353149387144,0
SW00147,swab,0,0,2.07035930622116,0,4.43215416400524,5.6198751449265,0,4.50531903303497,0,0,2.12788933405968,5.67438172051202,3.40070168130523,0,0,0,2.07035930622116,1.53542794707818,4.49848699688054,1.92570611888237,0,0,0,3.73617956992409,0,0,0,0,0,0,1.92570611888237,2.00402764552227,0,0,1.83008250235742,0,0,0,0,0,0,0,0,0,2.84542177476937,0,4.03316732700693,0,0,1.24687474619262,0
SW00153,swab,0,0,3.10827991024358,0,4.1686686140023,5.64580200271729,0,3.73227059359635,0,0,0,5.64879630501609,2.89588552753061,0,0,0,3.1152233978212,3.25531020451185,3.74859640857193,0,0,0,0,3.21890204807693,0,0,0,0,0,0,2.69663502346203,2.2212568092167,0,0,0,1.62695506942899,0,1.33605841620139,0,0,0,0,2.16363746249474,0,2.57198727984474,2.46317513526714,4.87438395557697,1.62695506942899,0,0,3.49753135985204
SW00155,swab,0,0,2.52905667166368,0,2.87730029954459,5.67248030370548,0,3.77088194662048,1.95854343871589,0,0,5.67892645230298,3.08443049959915,0,0,0,2.4671063324108,3.67912889154557,3.80506540674383,0,0,0,0,4.15482499043647,0,2.28336547928457,0,0,0,0,0,0,1.08767372215057,0,1.37058580962606,0,0,0,0,1.08767372215057,0,1.08767372215057,3.6560499709369,0,1.08767372215057,1.95854343871589,4.11401579474802,2.33143202876351,0,0,1.37058580962606
SW00156,swab,2.30902262289807,0,3.27416026093425,4.19144739719007,3.31863198413413,5.3875276379352,1.3872148531841,3.36192294635777,3.51322167060853,0,1.21993662909625,5.82962121164581,3.45316653513056,0,0,0,3.23261053870394,2.60057315502776,4.05778779546866,1.21993662909625,2.04200079829586,0,0,3.05960824638246,0,2.34105500279805,0,0,0,0,2.12562537187377,1.21993662909625,3.87739622382044,3.69613901855907,0,0,0,2.01011928655958,0,0,0,0.944320957005816,1.67924926217832,0,1.3872148531841,2.47315912559457,4.31468713478313,2.90948075762989,2.25605509258234,0,3.4012870911377
SW00159,swab,0,0,1.83432253592441,0,2.7180491933141,5.67715144229695,0,1.41882662253245,0,0,0,5.70628726433838,3.60162775560758,0,0,0,2.10434558771576,2.04272280606774,3.21512478513606,1.41882662253245,0,0,0,3.13998404282026,0,0,0,0,0,0,0,3.61953495371294,0.973615948207929,1.25093550169466,0,0,0,1.83432253592441,0,0,0,0,0,0,0,2.94235501351394,3.47397455469585,0.973615948207929,0,0,0
SW00168,swab,0,0,1.75530520461887,0,4.80499579179379,5.66980241571706,0,3.95850934793309,1.46183817474817,0,1.92884592156059,5.57308416022838,3.13264005348923,0,0,0,0,3.90828041439976,4.12694613765809,2.29388934123029,1.46183817474817,3.35256697332909,0,4.73795499184014,0,0,0,0,0,0,0,2.95221325969834,0,0,1.46183817474817,0,0,0,0,0,0,0,0,0,3.09038371698178,0,3.48414716415947,0,0,0,0
SW00169,swab,1.22140953324242,1.89899432883238,3.03376042630857,3.2221194368764,5.59149395741927,5.34549786710748,1.22140953324242,4.139516743104,2.67971808542753,0,2.53819158762974,5.47596460356247,3.32019842354216,0,0,0,3.23219035419552,3.05821217798797,3.66221198312174,2.82355073554788,2.41367189724292,0,0,4.60798745996731,0,0,1.38871789976441,0,0,0.945710276010876,1.68078371067626,3.28990152863709,3.01117410595116,2.8184188574803,0.945710276010876,0.945710276010876,0,1.60341016493913,2.17514429504341,0.945710276010876,0,0.945710276010876,0,1.60341016493913,3.86295480027482,1.50919767207713,3.93015924580726,2.10105438935426,1.60341016493913,1.93988853539719,2.51804809004817
SW00173,swab,0,0,1.75956213279676,0,2.15294544832473,5.72532356989966,0,2.23161743126075,0,0,0,5.62307681701128,3.83478977194613,0,0,0,2.29820009556242,0,4.12763685021009,0,1.75956213279676,0,0,2.73047303601427,0,0,0,0,0,0,0,0,0,1.75956213279676,0,0,0,0,0,0,0,0,0,0,0,0,4.43590391343411,2.15294544832473,0,0,0
SW00174,swab,0,0,2.23143108043244,0,4.30212824261025,5.42958722615978,1.72306567961328,3.73741518322389,3.70696661804937,0,0,5.81332656581033,2.9768874262736,0,0,0,2.1102626097873,2.31891870040159,3.75518473939152,0,0,0,0,3.54697604618179,1.05577969707187,2.37303113515501,0,0,0,0,1.80087524491938,1.94161508788486,4.0584133213601,2.80181565858363,0.898377882174522,0,0,1.99030051355228,0,0.649026508034607,0,0,0,0,2.63311226779906,1.8239946509386,4.39675172640142,3.03044536308663,0,0,1.99030051355228
SW00177,swab,0,0,2.46007670925473,0,4.60280396295992,5.56411462610253,0,3.44704597232117,2.40355911676167,0,1.10492460706772,5.74275592647864,3.10115507271719,1.73076363596865,2.02773839013258,0,3.19189756564446,3.3224621874739,3.82457973089623,0,2.21816638990632,0.836729738902686,0,3.83438899628467,0,1.10492460706772,0,0,1.10492460706772,0,0,2.58242322012849,1.38855658875227,1.38855658875227,1.10492460706772,0.836729738902686,0,0,0,0.836729738902686,0,2.57570758640223,0,0,2.95354744266334,2.32672647634114,4.20962289707687,1.26949497262353,0,0.836729738902686,1.88797342999073
SW00179,swab,0,0,2.03491778332548,0,4.42535973421651,5.65827391861771,1.35168877644297,4.28461567693196,1.58636515798986,0,0,5.65131507932417,3.46320851684921,0,0,0,1.52129047899835,4.09143590547689,4.41785296212102,0,1.69300085988887,1.06956514666198,0,3.45264885457783,0,0,1.06956514666198,0,0,0,1.23314405044258,1.84998364669739,0,0,2.288405543829,0,0,0,0,1.58636515798986,1.23314405044258,0,0,0,2.83087384466535,0,3.65681418084578,2.86717239028575,0,0,0
SW00240,swab,0,0,3.26497938484238,1.09435275872989,4.24206573027858,5.89700625497482,0,2.33866689423248,0,0,1.37754710769916,5.22357981849422,2.36084371694914,0,0,0,2.31529640716404,0,3.85455254635001,0,0,0,0,3.47470360757411,0,0,0,0,0,0,0,1.90841149391757,0,0,0,0,0,0,1.09435275872989,0,0,0,0,0,2.42129469348611,0,3.56589139357041,3.98430497949107,0,0,0
SW00243,swab,0,0,0,0,2.14968162417794,5.64868038353358,0,1.46284775708729,0,0,1.63392344178741,5.72595519027988,3.10118053077617,0,0,0,3.46688837678067,2.7156322742129,3.25742370832153,1.46284775708729,0,1.46284775708729,0,3.47307585419299,0,0,0,0,0,0,0,0,1.1765260337728,0,0,0,0,0,0,0,0,1.63392344178741,0,0,1.46284775708729,1.1765260337728,3.20377043801969,4.04754584444815,0,1.1765260337728,0
SW00244,swab,0,0,1.53663055442533,0,4.02492100917301,5.48968208070618,0,4.08376317541748,3.26441973735184,0,1.53663055442533,5.79617367282713,2.9392938211413,0,0,0,3.51517945219184,0,3.44825476512017,1.53663055442533,2.75503372786521,1.83130286922792,0,2.86683395327174,0,1.83130286922792,0,0,0,0,0,1.83130286922792,4.21581226347637,0,0,0,0,2.22538311038263,0,0,0,0,0,0,2.30413336818358,1.53663055442533,4.07652536836518,3.22305067615706,2.12911877885321,0,3.32336759677534
SW00247,swab,0,0,2.4911716954099,0,4.02067951303495,5.82562742617296,0,4.18461030204003,1.19611616414211,0,1.19611616414211,5.45326489722967,2.4911716954099,0,0,0,2.72467052388401,3.43954805345159,3.95292681031093,1.19611616414211,0,0,0,3.01922260992375,0,0,0,0,0,0,0,2.07431397632705,2.90844780401361,0,0,0,0,0,0,0,0,0,1.48309721560472,0,2.24918354886727,1.19611616414211,3.61481204734794,2.86710873674276,0,1.19611616414211,2.98753967220267
SW00248,swab,0,0,2.70926660178043,0,3.02520006264708,5.67832559408875,0.903087041945327,4.10118501970565,2.09166361907979,0,0,5.64293599713234,3.89349485588083,0,0,0,3.48322722223917,2.0977743956426,4.48747439077926,0,4.16667091479169,1.75587154895211,0,3.59859566000274,0,0.439330551980158,0,0,0,0,0,1.55629922849204,0.439330551980158,0,0.653209895957115,0,0,0,0,0.653209895957115,0,0,0.795877190099707,0,0.653209895957115,2.046296684138,3.84144996271121,3.27829284409541,0,0,0
SW00250,swab,0,0,1.06129828368649,0,3.73457661489595,5.65342350970014,0,3.70856812211318,1.06129828368649,0,0,5.72020927739805,3.27493057347637,0,0,0,0,1.87280503783142,3.94410255931719,0,0,1.34305039731898,0,3.07529065009948,0,0,0,0,0,0,0,1.06129828368649,0,0,0,0,0,0,0,0,0,0,0,0,1.87280503783142,0,3.3274026550502,0,0,0,0
SW00259,swab,0,0,2.8881539610182,0,4.46188968752736,5.65376298145011,0,3.86238325753154,0,0,0,5.62992503498066,3.80923251550035,0,0,0,3.83662048034157,0,4.21431023508365,1.71049699353339,0,0,0,3.99425523872599,0,0,0,0,0,0,0,2.13114679813418,0,0,0,0,0,1.8333159697375,0,0,0,3.03814521807161,0,0,2.56843131936491,1.24997134375029,4.63172471335221,2.73079185313116,0,1.53861446632977,3.08851112741901
SW00262,swab,0,0,1.77528690334724,0,2.76383517728682,5.69278173003854,0,1.72504419452145,1.60282351843658,0,0,5.69460804732325,2.62763465433165,0,0,0,3.39479643444926,1.60282351843658,3.18319722547277,1.14685523477568,1.89840027470093,0,0,3.0127754406739,0,0,0,0,0,0,0,1.14685523477568,0.875740020413424,0,0,0,0,0,0,0,0,0,0,0,1.43211787318612,0,3.41592313848232,3.49235462032866,0,0,0
SW00265,swab,1.77735538069293,0,2.05785728497629,1.00259895853139,2.94439491460505,5.43784906858213,0,3.97504300306389,1.16405630321454,0,1.00259895853139,5.83336508664916,3.21746397208078,0,0,0,3.41593383175936,0,3.78938928364502,1.83853534050271,2.27121517713192,0.742726020706555,0.742726020706555,3.66734007951528,0,2.60656515740126,0,0,0,0,1.16405630321454,1.44994203598229,4.01994071567361,0,0,0,0,2.45003452947805,0,0,0,0.742726020706555,0,0,1.16405630321454,0,3.78682559360087,1.00259895853139,2.02197553052595,1.16405630321454,3.11280040314144
SW00268,swab,0,0,2.35091939883207,0,4.24730354783639,5.68091952058886,0,4.03631150302442,1.81166413777752,0,1.66820814519486,5.66211968566346,2.74946222633548,1.16655676257973,0,0,3.30442095303272,2.18017482519524,4.07894023274836,1.57362275953432,2.02463397799448,0,0,3.66190724964786,0,0,1.28403284111567,0,0,0,0.744925800984974,1.70875241675879,3.60288042915727,0,0,0,0,0,0,0,0,0.744925800984974,0,0,2.40087477660234,0,3.70808625750458,2.81174198341106,0,0,3.41634574190577
SW00288,swab,0,0,4.22840144654775,0,5.17507651765578,5.31098377330356,2.23093511980109,3.69828479906921,3.8669240404158,0,2.88215833949991,5.53981299968031,3.62641845076899,0,0,0,2.62734133419489,3.45897566743944,3.52953409991087,3.30777087984447,3.44601526423565,0,0,4.32876669517337,0,0,0,0,0,0,0,2.53068733003466,2.88215833949991,0,0,0,0,0,0,0,0,0,0,0,3.432656162458,0,5.35726138819133,0,0,2.62734133419489,0
SW00302,swab,0,0,2.16999623671942,0,3.25623194190619,5.66794830370955,1.73577176191481,3.59263595428929,1.83108279950363,0,0,5.65517850652777,3.63090895029417,0,0,0,3.18663787996939,3.76322201423663,4.76545003048617,0,2.33180499588577,1.61348497112624,0,2.55822384066139,0,0,0,0,0,0,0,2.16999623671942,1.61348497112624,0,0,0,0,0,0,0,0,0,0,0,1.15701573037986,2.52489615841066,3.58966208550034,3.18663787996939,0,0,0
