Sample_ID,sample_type,Lentisphaeria,Saprospirae,4C0d-2,Actinobacteria,Alphaproteobacteria,Bacilli,Bacteroidia,Betaproteobacteria,Chloroplast,Clostridia,Coriobacteriia,Deferribacteres,Deinococci,Deltaproteobacteria,Epsilonproteobacteria,Erysipelotrichi,Flavobacteriia,Fusobacteriia,Gammaproteobacteria,Methanobacteria,Mollicutes,Opitutae,RF3,Sphingobacteriia,Spirochaetes,Synergistia,TM7-3,Unassigned,Verrucomicrobiae
ST00001,stool,0,0,0,1.63063689344946,0,2.98253027644439,5.67634058302986,1.63063689344946,0,5.66828753290815,3.24384715202283,0,0,0,1.92655394096879,4.03032371033554,0,0,3.75714662762003,0,0,0,0,0,0,0,0,4.60353597729316,1.63063689344946
ST00003,stool,2.45501410653532,0,0,2.03157672697759,2.66528121226876,2.45501410653532,5.6080653701411,3.59190203782668,2.63059731969412,5.72285599191218,3.8987578929454,0,0,4.01433320594444,0,4.28840787740325,0,0,2.80634955100579,0,2.69739884412614,0,2.96584162979271,0,0,0,2.03157672697759,4.27958579954219,3.25820808697979
ST00005,stool,0,1.15194784733322,0,2.41192762433837,0,4.40046170920025,5.63051231337902,0,0,5.70474323737116,0,0,0,2.28384066920108,0,3.6649895884288,0,0,0.880495504558292,0,1.15194784733322,0,0,0,0,0,0.880495504558292,4.55598446004509,0
ST00006,stool,0,0,0,1.92941034209844,0,3.02159403848987,5.66010988446964,4.48359287376173,0,5.67450984237963,3.57274678167449,0,0,3.25694947156495,0,4.15856487097237,0,0,0,0,0,0,0,0,0,0,0,4.27064686361596,0
ST00008,stool,0,0,3.91951597491943,1.19960694002325,1.19960694002325,2.02053595953076,5.79184962795288,4.82207525454007,0,5.47447318678627,2.74026791462305,0,0,3.56056123381452,0,3.10611440693373,0,1.78059362489769,2.02053595953076,0,1.19960694002325,0,2.02053595953076,0,0,0,0,3.28544416519371,2.02053595953076
ST00009,stool,0,0,0,2.48971612965712,1.65297478145736,3.1620226448413,5.73687711786615,1.65297478145736,0,5.57674859251655,4.45143587133128,0,1.65297478145736,3.34237701621289,0,4.53475967474367,0,0,3.34237701621289,0,0,0,0,0,0,0,1.65297478145736,3.91043464777888,1.65297478145736
ST00015,stool,0,0,0,2.09291996339842,0,3.52445271959868,5.83450944997475,4.23830114208118,1.62275553700042,5.46257853798958,3.24934481048215,0,0,0,1.1658601238876,3.07002503069465,0,0,3.31146010394612,0,0,0,0,0,0,0,1.9847761754638,2.91383797038093,0
ST00016,stool,0,0,0,1.92672854511088,2.59934430938384,2.94837510387574,5.85677485204612,1.33982429267051,0,5.4159043909704,3.01452219975528,0,1.33982429267051,1.63080945443627,0,3.08700824480411,0,0,4.19660765972976,0,0,0,0,0,0,0,1.92672854511088,2.93278792455463,0
ST00017,stool,0,0,0,2.78192016513951,3.08259122762507,4.37228503819982,5.07346174035868,3.08259122762507,0,5.88534811794731,4.71062938348927,0,0,3.48031573391217,0,3.82266002371038,0,0,0,0,0,0,2.78192016513951,0,0,0,0,4.39400338892169,2.78192016513951
ST00018,stool,0,0,0,2.45684180806611,1.39403336620423,4.52321174743813,5.49661765816254,4.02454211357985,2.55344834516021,5.7179917128186,3.83408659400748,0,1.39403336620423,2.63242715605523,0,4.8005394863898,0,1.68620934311155,0,0,0,0,0,0,0,0,2.65585496380936,4.56816238893059,4.05287312000807
ST00019,stool,0,0,2.60560986750796,1.70999348862219,1.41735018562037,2.78134201223494,5.82444410940046,4.06320703027178,0,5.48702200938515,3.41761104574682,0,0,3.15658943828532,0,3.79668036160559,0,0,1.70999348862219,0,0,0,1.88325280296261,0,0,0,1.41735018562037,3.37372322191356,2.10282262531022
ST00021,stool,0,0,2.0532265443854,2.63395406338416,1.8790520510593,3.41439828542406,5.46048336841162,3.43572832167731,1.58372211129955,5.81945881984805,4.11882188978469,0,0,3.00404044117617,1.29387258338708,4.30626693247253,0,1.29387258338708,0,0,0,0,0,0,0,0,1.29387258338708,3.82273151917138,3.63680441763181
ST00023,stool,0,0,0,2.91141898037979,0,4.19878212708279,5.53037007786227,3.94818309063414,1.93498316111968,5.77730642756408,4.06074019392517,0,0,3.07195117264439,1.11914290217852,3.6792947391609,0,1.57368056509591,3.14957714959745,0,3.98740278405973,0,2.62989885768259,0,0,0,2.51749619799264,3.84604901875857,1.79086817389557
ST00026,stool,0,0,0,3.24167773409595,2.84411098520156,4.22822612874852,5.52337195074867,3.40296847010115,1.94535215581612,5.76705725466607,3.98966122091549,0,0,3.17114058937957,0,4.25005330752561,0,2.24391249583169,0,0,3.26285517839378,0,0,0,0,0,2.24391249583169,4.39526105986593,3.53159104673818
ST00027,stool,2.15351826927838,0,3.54269270856227,2.51974882710833,3.71874247306451,4.49877638360761,5.0567966003672,3.54269270856227,0,5.86237799740443,4.39926544475835,0,0,3.80694314630077,0,3.84948917459884,0,0,2.57757670470891,0,0,0,4.34174218202967,0,0,0,2.2776938951742,4.68364544786072,3.60794207074424
ST00028,stool,0,0,0,2.4660190673743,3.25068201168549,4.34179794933929,5.74059633429099,4.17625358866927,2.10388220123935,5.58618994125713,3.86997788062466,0,0,1.94270623139641,1.22408919229101,4.09885257248606,0,1.7492340478144,2.93822332039706,0,0,0,0,0,0,0,1.51196003033865,3.5821850768222,1.68357478146988
ST00030,stool,0,0,0,2.64528871173484,2.2076726414054,3.58529613802068,5.82497853622503,3.74600479447678,0,5.39635492030798,3.01830196428693,0,0,3.82828582121937,0,4.49054338028102,0,1.61361514729772,1.61361514729772,0,0,0,0,0,0,0,0,4.52823700456153,1.61361514729772
ST00031,stool,0,0,0,2.28913357260673,0,4.51221867632335,5.71619686744253,4.09716328448452,0,5.5714632840539,3.68838559348624,0,0,2.43462348922785,0,3.70195566215041,0,4.57738734731686,4.07932391212375,0,0,0,0,0,0,0,0,3.24138773581664,1.59900016307221
ST00035,stool,0,0,0,3.32504045224086,2.29419755019186,4.44581644729294,5.34561512535228,4.53786364788312,1.17583922023506,5.8056322971762,4.29262814158809,0,1.46213726547515,3.17956905937148,0,4.5842534074473,0,1.17583922023506,3.89949578877846,0,0,0,0,0,0,0,2.14895098128327,3.82716388840112,1.99536787599486
ST00039,stool,0,0,0,0,0,5.09691348735001,5.56330858940591,4.18312464940793,0,5.6364155038293,3.9612948912758,0,0,0,0,4.38723394898901,0,0,0,0,0,0,0,0,0,0,0,4.43838449306036,0
ST00040,stool,0,0,0,4.16118087454821,0,4.4621958878279,5.5590921165859,0,0,5.74093529446619,0,0,0,0,0,0,0,4.16118087454821,0,0,0,0,0,0,0,0,0,4.4621958878279,0
ST00041,stool,0,0,0,2.46731203824834,1.63100865258952,3.18921347783342,5.83483312175958,1.63100865258952,0,5.45074322476536,3.51848947356583,0,0,3.49010299460469,0,4.25824444362715,0,0,3.42707320168012,0,0,0,1.63100865258952,0,0,0,1.92693010078741,3.68151902045811,0
ST00042,stool,0,0,0,3.51646572055983,0,4.51149434619355,5.40204185312469,4.00539684714038,2.26343526911899,5.81682092404704,4.02453000873607,0,2.56327973716567,3.37518742114242,0,3.77964704820837,0,0,2.91480222776149,0,4.21047772520581,0,2.80580871022853,0,0,0,3.30267003661785,3.77301757905475,2.863715753223
ST00044,stool,0,0,0,2.21398996241386,2.1878268263395,3.14850551481251,5.6866330069718,4.7895026406316,0,5.47953608851343,2.8388419292997,0,0,0,1.59413991945606,2.93562603952547,0,1.59413991945606,5.16443706131685,0,0,0,0,0,0,0,1.02404566705663,3.1334873875786,0
ST00045,stool,0,0,0,2.21515294140901,1.19031118180985,3.17970935712902,5.90289016211077,4.55436273165323,1.19031118180985,5.20137724169486,3.37305107129934,0,0.916434675632861,0,0,2.62102451076733,0,0,2.81522369415962,0,0.665094547757823,0,0,0,0,0,1.68234926692594,2.54280355848364,0
ST00046,stool,0,0,2.8601634731269,2.28777707259285,0.897212597515466,4.29733625520758,5.7658893145031,4.52911487971379,2.09713352347912,5.53660683036056,3.73717922501252,0,0,3.49172700610553,0,3.17910622926283,0,0.897212597515466,3.29798571012837,0,1.33600701796438,0,0.897212597515466,0,0,1.16981920101093,1.88545791658771,3.76013642263153,1.62690245774876
ST00047,stool,0,0,2.71728277270143,2.7020725453006,1.73916367026196,5.09353279942996,5.35669264451468,3.71503280640699,1.86211835831516,5.72664763523899,4.07428931276336,0,0,0,1.86211835831516,4.94997537656202,0,0,2.03621646319332,0,2.43175254912688,0,2.89805347498524,0,0,0,2.29763796741996,3.84294533099527,0
ST00050,stool,0,0,0.876220868007582,1.725588398329,1.14737035083684,4.35259270488822,5.7061404841685,4.0118495631948,2.07320841872936,5.54915610574655,3.36953103695211,0,0.876220868007582,2.52312536339059,0.876220868007582,3.66621436171157,0,4.95018329331446,3.65193633039549,0,1.14737035083684,0,0,0,0,0,1.14737035083684,3.55236016830626,0.876220868007582
ST00051,stool,0,0,0,0,0,3.07303793002831,5.5512384230573,4.34869215506617,0,5.75503318845969,3.69600745957409,0,0,3.67045865527729,0,4.07616768378792,0,0,2.15490269927967,0,0,0,2.52113882596702,0,0,0,1.68381938935012,4.45506324141645,3.07303793002831
ST00053,stool,0,0,1.82343641568546,2.17198067784462,3.72543220047887,3.49140736514388,5.59994789674764,4.55901316282315,0,5.72189269033608,3.91208797776047,0,0,3.21507021451297,0,4.2597608843189,0,1.70066609198251,2.29618809141891,0,0,0,0,0,0,0,1.52887944618789,3.21507021451297,1.91904016499022
ST00054,stool,0,0,0,3.6458516703252,2.97979474490009,4.39756610834141,4.86363723532936,3.27452625041737,2.6002200045142,5.72851818862642,4.24913630269562,0,2.8216323966168,3.53710648830926,0,4.82650720546454,0,0,0,0,0,0,0,0,0,0,3.16369773126159,4.11149044830319,5.40792592727193
ST00056,stool,0,0,0,2.81089362923402,2.06798488851119,4.05867323327838,5.44642831341808,3.56952229766528,2.95203628091724,5.82575420090459,3.57910720663036,0,1.70493160481115,3.21505720197892,0,4.33512049583036,0,0,2.36715408504451,0,2.52149624702072,0,0,0,0,1.2446159039206,1.70493160481115,3.73775062917368,2.97549184933093
ST00057,stool,0,0,2.91038687493485,3.00516741969991,2.15449912377002,3.89761552851895,5.1425860938451,2.91038687493485,0,5.71754587407182,4.85353733749483,0,1.29877943668156,3.46965616584637,1.01904617443533,5.06153984597654,0,1.29877943668156,2.31986127482034,1.29877943668156,4.42884168483858,0,1.76109962070009,0,0,1.97992664719661,2.66648740775112,5.04654032977011,1.46753321123746
ST00059,stool,0,0,0,1.70248342597234,1.31727871019458,3.87909704842713,5.8216893881889,4.20274166561263,0,5.46398616794937,2.74378307104701,0,0,3.76278351673731,1.31727871019458,3.42633742156816,0,0,0,0,1.03667789617257,0,0,0,0,0,1.31727871019458,4.11475966075812,0
ST00060,stool,0,0,1.38143131660892,2.40610175590421,1.38143131660892,3.07936613239214,5.73205047380226,0,1.38143131660892,5.56253785035303,3.47373651227023,0,0,3.12675335746341,1.6733438546702,4.85282488311996,0,0,0,0,0,0,1.84635292387961,0,0,0,1.6733438546702,4.14836157798878,3.59099897326312
ST00062,stool,2.26512469224255,0,0,2.26512469224255,0,3.35637252899422,5.43623886924797,3.74284509787738,0,5.83750897495709,3.29640291935808,0,0,2.7406706742198,1.57548818728519,3.64667298639175,0,1.57548818728519,1.87070829395906,0,2.7406706742198,0,3.804407020644,0,0,1.57548818728519,2.04484552218414,4.11770577792024,3.55954458215147
ST00063,stool,0,0,0,1.01880506514155,1.01880506514155,2.89471951423421,5.45571402651436,4.0231819833577,1.826706972177,5.83159361962018,3.77793378625318,0,0,3.05825295208365,0,4.03393329008978,0,1.58849642718483,0,0,0,0,0,0,0,0,0,3.81021097476339,0
ST00064,stool,0,0,0,1.98667546610194,0,4.32098309827188,5.75420289215417,4.07504806416638,2.05298203331491,5.57943138870368,2.58536371111886,0,0,3.9021776615876,1.69010079430019,3.82003849552006,0,1.69010079430019,2.71002028367524,0,0,0,0,0,0,0,1.81281758221588,3.58071372713098,1.23035737273905
ST00065,stool,0,0,0,2.36750406535357,3.40719953930792,4.1619122676354,5.58058627563028,3.7983376463118,1.40533646079458,5.70535574221393,3.6960311741005,0,0,2.23554345116038,0,4.49318175576879,0,1.57569727061068,2.43091898598874,0,0,0,0,0,0,0,1.90523236792893,4.70572397654027,2.92937925350015
ST00067,stool,0,0,0,2.53171946320393,0,4.17038346529513,5.63314512161369,4.10533273978825,0,5.72117356428068,3.53056897419232,0,0,3.08364128460234,0,3.39308879452198,0,1.4018783595933,3.84826750235554,0,0,0,0,0,0,0,0,3.14804986213725,2.81634008286473
ST00069,stool,1.5649369402787,0,1.8600131824227,2.92453156417388,2.33311943460107,3.89344630141244,5.66909026157754,4.25518586937505,2.58548458454241,5.64958831738136,3.62123643525493,1.65947523727803,0,3.74892375789832,1.5649369402787,4.39837217174049,0,2.54319641039387,2.97253887401343,0.99698092814067,1.5649369402787,0,0,0,0,2.63313985297704,1.27557504770877,4.35795654821637,2.1841867722583
ST00070,stool,0,0,0,2.55670052261842,1.60268511849617,4.84991801311354,5.61168667753182,4.08057446244285,1.22071063591732,5.68946356859779,3.74284752385692,0,0,3.51714988122936,0,3.35979307548127,0,0.945051006743588,2.27525735911781,0,0,0,0,0,0,0,0,3.58304527467968,3.54413784285352
ST00075,stool,0,0,0,3.18685236041208,1.72936226545839,5.29531308092935,5.11166618558209,3.62220370614745,0,5.79802464321356,4.31868361345532,0,1.72936226545839,2.85533227613318,1.0616362441589,3.8861907904783,0,1.51287944653527,2.6253073276293,0,0,0,0,0,0,0,2.32530526049065,3.97457102937547,1.51287944653527
ST00076,stool,0,0,0.930947948118729,2.18069798250875,3.04154146248771,3.71509667200504,5.33439004973885,2.65590519400958,3.82281976553252,5.83110203878792,4.05910361128977,0,1.08972740598161,3.65936153697557,0,4.74474021735333,0,1.08972740598161,3.05615248499397,0.678061935571931,3.43805355295388,0,1.43703553708368,0,0,0,1.29721203099505,4.23456338108824,0
ST00077,stool,0,1.16472392742411,2.64008309225644,2.97949082665018,2.82478394954256,3.88062862323452,5.33607323538433,4.32985722522283,2.82478394954256,5.83502209410244,4.0199050778298,0,0,4.01250124687591,1.16472392742411,4.23191378463141,0,3.96649308020679,0,0,1.16472392742411,0,1.45063333270875,0,0,1.45063333270875,2.66635351404578,3.70573160945752,4.17179124480967
ST00078,stool,0,0,3.47611119194147,2.76071684912158,1.47377193893314,4.3077588089451,5.63900222459255,3.8033933008766,1.47377193893314,5.71161673208386,3.87396413074192,0,1.47377193893314,2.82131639931904,2.36390558126267,3.37293063306155,0,2.36390558126267,2.92185095205869,0,0,0,0,0,0,0,2.53937012429915,3.73317086429984,3.26534850585086
ST00081,stool,0,0,0,2.55067643510292,1.8289414594088,3.19686706817851,5.76414822151651,4.53201925170352,2.49285903921225,5.56593869426101,2.80840626516089,0,0,3.79100710666419,0,3.58097506330476,0,0,2.30174844791199,0,0,0,0,0,0,0,2.30174844791199,3.47901569354798,2.76105950618384
ST00082,stool,0,0,0,2.26786317811994,0,3.76088357611855,5.6569354426207,3.92601647124694,0.526695040226282,5.70409071572939,3.22432383327222,0,0,2.67967878610579,0,4.11452456115295,0,0,2.10114860773505,0,0,0,0,0,0,0,1.29889734215964,4.00561478211947,2.57048725768126
ST00083,stool,0,0,2.56910481969704,1.99510998055711,2.11894929640418,3.41683058672107,5.56624371978465,4.17636101196341,2.43598738576275,5.77329624228237,3.76325511327003,0,0,3.43106566052699,0,3.77292275716273,0,3.09370798873324,1.82120924850465,0,0,0,0,0,0,0,1.82120924850465,3.52088373690895,2.86954875480435
ST00084,stool,0,0,4.01668389551338,3.02251754311747,0,4.56463104753938,5.29423901555607,3.90439897133036,2.72189970254986,5.85052380582752,4.11904802766754,0,0,2.72189970254986,0,3.7911831158299,0,0,2.59723551886367,0,0,0,0,0,0,2.12230446139362,2.4216928454984,4.20540190443441,2.96458449939229
ST00085,stool,0,0,0,2.73005885702847,0,3.48468017650718,5.63879626009289,4.13745587848179,1.92157009988408,5.71551379472963,3.05502164454863,0,1.05345121915416,3.36561587437767,0,4.26001475097972,0,0,2.35757941221909,0,0,0,0,0,0,0,1.92157009988408,3.75368544849082,2.39520908071877
ST00086,stool,1.86681887146892,0,0,1.86681887146892,3.06537061521179,3.63912781884169,5.67989497216967,3.64630476918502,0,5.653339562055,3.4944844350193,0,0,4.05124716131832,2.33998783597284,4.56245674509914,0,3.6805114410759,2.81578362717223,0,2.76471406481521,0,0,0,0,0,0,3.61685667100011,0
ST00088,stool,0,0,0,3.28770718137606,2.63811892196852,3.79767393277676,5.47154071090933,4.17385458899568,2.61185243062049,5.77649823858728,3.6108960021035,0,1.42337042918797,3.30451217731981,0,4.18339927423925,0,0,2.52192069944958,0,0,0,0,0,0,0,2.3118826687824,4.77940477780187,1.7161302938292
ST00091,stool,0,0,0,2.10085552379636,0,4.7080675383381,5.65538797783602,3.30173570079299,0,5.66571889213284,3.80503708808528,0,0,0,0,4.31226387812908,0,0,0,0,0,0,0,0,0,0,0,3.62897984635926,2.40016063126308
ST00092,stool,0,0,2.52974499251065,2.89294597891263,1.65176276583865,4.9681055540519,5.41870907420111,3.98719227156293,0.731185972868283,5.78323536649365,4.19210382856795,0,0,3.24427744633723,1.55726684556315,3.60868785250562,0,1.50099107155225,3.06722373458591,0,0,0,1.26811003796091,0,0,1.36030965585493,2.30687549775879,3.60727891439843,0
ST00093,stool,0,0,0.657804744124271,2.52439162173122,1.06608378610783,4.00301899264472,5.73667486587281,3.02893645751916,2.18626940677828,5.62492714396595,3.72930894087956,0,0,2.16572274850593,0,3.11020718565937,0,0.908252846866804,1.89791495093814,0,0,0,0,0,0,0,1.95277252720573,4.15723421346382,1.7875540036486
ST00094,stool,0,0,0,2.58287640623626,3.78081263565536,3.36457953098789,5.57429482622034,3.74318661115059,2.33388063640717,5.72344544630559,3.93155404082982,0,0,3.28093764430924,0,4.78211895854669,0,0,1.86076738551357,0,0,0,2.77628772274104,0,0,1.98420745198299,1.6876580404991,3.97754897639089,0
ST00095,stool,0,0,0,2.30472564752421,2.86742837730069,3.27283577066472,5.28431260053555,2.97203742521721,1.83188932969046,5.86523729877871,3.44365045329734,0,0,3.42766821148429,0,3.2489367288353,0,0,2.70137188750273,1.53720849783682,3.67372714930155,0,4.387756614228,0,0,2.56698730859842,0,4.34200109965486,4.05208439360477
ST00100,stool,0,0,0,2.2331247925938,1.54419378567021,3.32769263835549,5.46184550832764,4.28636128637626,1.7161302938292,5.81403852600393,3.37688878009265,0,0,3.26423852489709,0,3.42664065193574,0,0,2.13684906152861,0,3.56715577012894,0,3.06346268613668,0,0,2.01296540724386,1.93462638540306,4.36795108591298,3.19933583639695
ST00101,stool,0,0,0,2.34865416816431,2.01987920932671,3.37762054623291,5.79574045576879,2.21466263409951,0,5.47475976162971,3.50720742377529,0,0,2.99712479543731,0,4.67834267849357,0,0,2.79455943093211,0,0,0,0,0,0,0,1.19898576581908,3.9623506073253,4.08867833992351
ST00103,stool,0,0,0,3.24896576905674,3.02728019146214,3.96477134134479,5.39298542689194,3.85084211854987,0,5.80838884954776,4.11798571476844,0,0,0,2.5509738785175,4.24874538953473,0,0,0,0,0,0,0,0,0,0,0,3.89222923759161,4.71112734011237
ST00105,stool,0,0,0,0,0,3.00400526466652,5.72868083740427,4.31757381275171,0,5.62557152934669,3.21293232619816,0,0,3.59562780836896,0,3.59269412210475,0,0,3.81479278531704,0,0,0,0,0,0,0,1.15432189505232,3.6142284318381,2.62893292102133
ST00109,stool,0,0,3.64253461229955,2.62228396368358,3.22806383254833,3.40555873430601,5.53073683774126,4.21741145316213,2.24352117346668,5.77262974330916,3.20978609504797,0,0,3.70650337314368,1.55435536120849,3.8785823197554,0,0,2.56444003939652,0,1.26527732918348,0,4.08368020740579,0,0,3.16041351667447,0,3.91133427042504,3.78143646576579
ST00111,stool,2.54967354706324,0,0,1.9337465091525,0,3.45601025082061,5.53777335385218,4.0036394781175,1.18017954916508,5.70318812035678,4.57228690826757,0,0,2.89924295002305,0,4.24008374893441,0,0,2.05741872907656,0,4.24043695717335,0,4.44981162950509,0,0,0,2.19468243203175,4.47129077983787,3.76442341434253
ST00112,stool,0,0,0,1.73777309517089,4.34008111427815,2.79739585643167,5.65001953728664,3.76325473431251,2.43034135788089,5.67519273899747,3.26990149423587,0,0,3.11629006908147,1.73777309517089,4.65127882810945,0,0,1.56563552848499,0,0,1.27625513146379,2.83305673814758,0,0,0,0,3.40814056514531,0
ST00116,stool,0,0,1.44427412596695,2.59085622258318,2.70797787294036,3.33972896780764,5.06088436000221,3.35542101583692,1.91085936805904,5.91590750006365,3.89677509466996,0,1.15858386132427,3.40626673638824,1.83274330014133,3.9966181740495,0,2.03446294759851,3.43925452664178,0,3.72511966009269,0,3.28893402305212,0,0,2.61974803450251,2.45110173503844,4.27627666522151,3.7327280997523
ST00123,stool,0,0,0,3.0569386522337,1.78498823395339,5.28606650681012,5.64356016455951,0,0,5.528699159621,3.64122603579789,0,0,3.0569386522337,2.38167118752855,3.99795567829277,0,0,3.90171005765594,0,0,0,0,0,0,0,2.08244094499007,3.58409710093426,0
ST00124,stool,0,0,0,2.58548308706474,1.58164487919027,4.54217414129826,5.38376269120404,3.04762381918033,1.87694730925593,5.78802754782103,4.20360883283111,0,1.12670714426377,2.27141416688506,0,4.83217496986493,0,0,1.70372927497119,0,1.12670714426377,0,0,0,0,0,2.45624139284623,4.36739937964416,0
ST00127,stool,0,0,0,2.27653481780576,0,3.43575851299724,5.83098654754156,4.15650138916845,0,5.44361331031177,3.58077032240842,0,0,3.65453871922704,0,3.98184671294367,0,0,2.62743908545956,0,0,0,0,0,0,2.15236122948123,0,3.94637824865805,1.97779623467122
ST00131,stool,0,0,0,2.04659881543249,0,3.5827057241851,5.84854956303442,4.76607479781488,0,5.33321755100418,3.23326569129345,0,0,3.64211625491571,1.00833954043262,3.11611973148153,0,0,1.87245373209168,0,1.57721047678083,0,0,0,0,0,1.67181503799274,3.95565844541999,2.17056118390598
ST00132,stool,0,0,0,3.01554397121497,1.81766432057724,3.97166969268985,5.5995100712735,3.5354072324372,2.99114361234537,5.75189538731193,3.9079684576308,0,0.958533848257096,3.00871119783042,0.958533848257096,3.7024889870494,0,0,3.17065913644153,0,0,0,2.18948485655716,0,0,2.08757050181478,0,3.80725565713802,2.52200610076618
ST00136,stool,0,0,0,0,0,3.32237179482692,5.43860829074757,4.26108363634792,0,5.78689738613654,3.49839413698484,0,0,2.42072654215297,2.12134180777571,4.21498151545316,0,0,2.12134180777571,0,4.56521487885591,0,4.09580346754123,0,0,0,2.42072654215297,4.35106049139302,2.96361557210901
ST00138,stool,0,0,0,0,2.5440530733268,3.71482946461866,5.31586720494668,0,0,5.8761142922149,0,0,0,2.65292170313768,0,1.70633723926004,0,0,0,0,3.49024454106937,0,0,0,0,0,0,4.5066117666927,0
ST00139,stool,0,1.41089131195506,0,2.44959666480422,1.41089131195506,3.71114514828903,5.48080206998534,2.82570688972315,1.8261917186723,5.79306252498287,3.5368348771001,0,1.53159411388922,2.81486538587694,0,4.63723800498771,0,0,1.6259425916799,0,0.966247590439343,0,0,0,0,0,2.31661265380734,4.33588739791222,2.93411171286464
ST00141,stool,0,0,0,1.94570522194913,0,3.2890056938592,5.78361531194749,3.82407670059989,1.41376935874058,5.55907414493487,3.58432162596376,0,0,0,1.80154125497804,4.05378201585655,0,0,0,0,0,0,0,0,0,0,0,3.74604326136596,2.76849637976324
ST00142,stool,0,0,0,2.68561039669922,1.80231312731385,2.77386726645232,5.87639967001515,3.23499761886652,1.89785166898699,5.23691331834959,4.57843329537335,0,0,3.58966313345775,1.67965059547915,3.80936947335854,0,0,3.73501124744531,0,0,0,1.22032184537815,0,0,0,1.22032184537815,4.26636031904156,1.22032184537815
ST00143,stool,0,0,2.88901297521299,1.77093569896023,3.80100829841245,3.84396127994152,5.52075858390783,3.80365602624652,1.30828952401838,5.79564886574598,3.40050794920316,0,0,2.40205941750337,0,3.80628770966102,0,0,2.13468655898402,0,3.54419450950334,0,2.83110112836982,0,0,0,1.30828952401838,3.86048302344948,3.37293575159704
ST00146,stool,0,0,0,3.4765515136547,0,5.06020898968997,5.59968264250076,2.84863343158632,0,5.62616988203141,3.90876902975285,0,0,3.85880158907735,0,4.12680363922474,0,0,3.73739881768867,0,3.86926559144406,0,0,0,0,2.24841569922642,2.94542034902494,4.25458195151467,2.24841569922642
ST00150,stool,0,0,3.66824247990226,3.21275668531237,3.37300524859,3.80215036157119,5.57019885239529,4.23148850886563,2.31423495193903,5.71267085068229,3.59440268296461,0,1.50210162047097,3.69242281459413,1.86219744503185,4.23771841862101,0,0,1.33279080431357,0,0,0,3.35370845620405,0,0,3.28777912669349,2.93068123320206,4.04173256419965,4.57659853296045
ST00151,stool,0,0,0,1.84152003185909,0,2.64238956494063,5.65914390306691,3.87429434422205,0,5.67094854677257,2.77546718549419,0,0,0,0,4.80300775380137,0,0,0,0,0,0,0,0,0,0,0,3.46579550025918,1.16687786857314
ST00152,stool,0,0,0,1.4990536364871,0,3.05365298096973,5.64831908944647,3.80110627071021,0,5.72877566153788,3.2256883133303,0,0,2.98382882228807,0,3.81554745284202,1.21157360287775,1.7931467469879,2.48648634531684,0,0,0,0,0,0,0,0,3.39103968010914,1.21157360287775
ST00159,stool,0,0,0,2.63262440632944,1.04900110619996,4.95604552860406,5.53865260582334,4.12863907562523,0,5.32819850253589,4.01572482317436,0,0,0,0,2.80837821699271,0,5.42566919611385,4.43586401169143,0,1.62094379296936,0,0,0,0,0,1.85950366836153,3.4572198824548,4.46867307099234
ST00161,stool,0,0,2.51497230606613,2.70300538149806,2.70906757688481,4.18436130573606,5.66773080903888,3.92355489113172,3.04161211475752,5.69077288987986,3.52126227042298,0,0,3.2888595622455,2.00136470153546,3.64825079408031,2.56806469641511,2.30022462492436,3.40493962414786,0.908158326399939,3.12996131945211,1.76156156442028,1.56193035511625,0,0,1.9695129151004,2.05881514616301,3.36562055521988,3.02156079574425
ST00162,stool,0,0,1.46644865828638,3.1049064065466,2.18122214879185,4.83951937648506,5.52978659370327,4.45954192049733,1.58766230398672,5.69728548805153,3.76599649924793,0,0,3.01996936128044,1.58766230398672,3.96461738021061,0,1.97881555695639,2.12363876555812,0,0,0,3.1448043911897,0,0,3.7852069095075,2.57744198014258,4.56675303199613,3.43977205271892
ST00163,stool,0,0,0,2.91997833380969,1.91522201615597,4.16008940205993,5.50383761249345,3.26340093286012,1.86472888403461,5.76332555421994,3.17344337170555,0,1.80758325618943,2.80760327026425,1.66415241182777,4.83557269561163,0,0,3.07330632122666,0,1.00128317838385,0,1.56958877796719,0,0,1.44853272041226,2.95614873142631,3.78888576236098,3.68167005987453
ST00166,stool,0,0,3.62776158085432,2.34581875997069,0,4.13445934309959,5.56667922554519,4.06907807221115,0,5.7422594358666,3.74187434451703,0,1.23930335691419,2.98848503027931,0,4.2309981166651,0,0,2.09211038627928,0,3.73473995462271,0,0.96260973938876,0,0,0,0.96260973938876,4.29954736710321,1.69940811455845
ST00167,stool,0,0.981428199616946,0,2.55455896131032,1.0948847505795,3.69931263821688,5.16952611142899,4.46351562348595,0,5.84982756140172,3.22754529856757,0,1.0948847505795,4.10100750611108,0,3.21561234807477,0,0.981428199616946,4.96441798483287,0,0,0,0.827428854155802,0,0,0,1.58190408741069,3.27948592587513,1.95266795044257
ST00172,stool,0,0,0,2.04090055053665,0.791307672278112,3.89546500416585,5.75976031912955,2.06092423544554,0,5.59850930869154,3.68885036948802,0,1.05572561567685,1.99785072159816,0,2.68872863151384,1.62814719786847,1.62814719786847,4.08284729118702,0,1.21889328351147,0,0,1.33722308768174,0,0,2.08006525068699,3.34431674211801,1.33722308768174
ST00178,stool,0,0,0,2.08393085795979,2.4243965418284,3.22047683298085,5.46404543495071,4.20356152095281,2.28670635304581,5.82823013887768,3.53071335294834,0,0,0,0,4.08383260598634,1.98791486318501,0,1.39904888746649,0,0,0,0,0,0,0,0,3.23287872748784,0
ST00183,stool,0,1.43711903874369,0,2.58345121600727,2.12320110945307,4.01923320510111,5.69718129346236,1.96969843577842,3.09339672023761,5.65160267922909,3.82840384600677,0,0,3.25369959374136,1.43711903874369,4.20559280835072,2.16429639581418,1.43711903874369,2.48307658899824,0,0,0,1.82542912951019,0,0,0,2.07780682996045,4.07994943478073,3.61417866039055
ST00184,stool,0,0,0,1.51756272314804,1.51756272314804,3.03177296517788,5.82836290180372,4.13934902635955,1.9352089088605,5.47675895218121,3.74229372503026,0,0,0,0,3.5918249889925,0,0,1.06604998430328,0,0,0,0,0,0,0,0,3.35152355894785,1.34801654384257
ST00193,stool,0,0,0.903545543212289,2.57915843387186,1.34291962755871,3.2524017599286,5.5419063602881,3.83424121083438,1.34291962755871,5.71221396561119,3.19614320867305,0,1.46290065336261,0.903545543212289,0,5.09029504281443,1.89260852901048,0,1.75638632446228,0,0,0,0,0.903545543212289,0,0,2.10432022089505,3.34824058009715,0.903545543212289
ST00194,stool,0,0,0,2.3246900309398,0,3.11301420126289,5.7472934780072,4.47645817348652,0,5.59070061164638,3.39895694779851,0,0,3.3300105722898,0,3.50126309784001,0,1.55670064611137,2.80043822611871,0,0,0,0,0,0,0,2.20043619963317,4.05169709446367,2.09207315879414
ST00205,stool,0,0,0,2.33601208275105,1.06490538666815,3.7077245857474,5.61068532465918,3.26491357685405,1.56078135686424,5.75002018816677,2.78238769181426,0,0,1.27153013968673,1.83384203606707,3.88237989004812,0,0.65679928624908,1.06490538666815,0,1.51634850658192,0,0.65679928624908,0,0,0,1.06490538666815,4.14574190622541,1.67196055539152
ST00207,stool,0,0,0,3.07854191906323,1.69263188341753,3.90587347146995,5.72368481339641,4.25232910168155,1.57621983152454,5.46614154715337,2.97109742338487,0,1.26432694539655,0,0,4.06383158926682,0,1.5037414138604,5.13044195644116,0,0,0,0.467019349209186,0,0,0,2.24729348928642,3.44850669131672,2.62328255489933
ST00222,stool,0,1.24756796114386,0,2.67037361446048,0.970427989305884,4.61910669627868,5.75611052546552,4.11413639737911,1.83080644604829,5.49065561280214,3.80099477310342,0,0,3.37780492119437,0,3.03560053923941,1.92643220830625,4.61779847952464,3.57747000418569,0,0,0,0,0,0,0,0.970427989305884,3.42110869551891,3.86083597926632
ST00223,stool,0,0,1.35838977423375,2.20693889086104,1.19170983181835,3.52185783759939,5.69204760657475,3.74611772270306,0,5.6819476780941,3.2950005526085,0,0,0,0,3.98636006514704,0,0,2.51634817797065,0,0,0,0,0,0,0,1.19170983181835,3.78043756179574,0
ST00226,stool,0,0,0.731831778042043,2.27852433581491,3.14138715240971,3.75977803352098,5.51466973160418,3.42180180377857,2.02707387436791,5.81068020270274,3.22394724384804,0,1.36106804399838,2.33497183311442,0,3.7830281287152,0,0,2.1373019507132,0.731831778042043,3.25895222672443,0,2.10855653039059,0,0,0,1.43708595111413,3.5951812007732,3.33227385025131
ST00227,stool,0,0,0,2.11427359035327,0,3.15262090715933,5.80771626862112,3.01443279652801,0,5.47846622404489,3.77375346428913,0,0,0,0,4.57780160893473,0,0,0,0,0,0,0,0,0,0,0,4.01944905566335,0
ST00228,stool,0,0,3.16027273537336,3.44736913043047,0,4.52523924714115,5.38641293255129,3.94712750959338,2.2592795666174,5.81499134137241,3.2113918932341,0,0,3.18658401081031,0,3.76210746598293,0,0,3.85354032234978,0,0,0,2.2592795666174,0,0,1.96063360351677,0,4.2547296138536,4.348568796074
ST00231,stool,2.17502616496764,0,3.26925772199465,2.45618242467751,3.79886550000806,3.48401038821209,5.48728078220935,3.6553216885559,1.58158725472593,5.79662884984609,3.83098419367862,0,0,3.59954702098355,1.41114975237537,4.0041334001021,1.58158725472593,0,3.26048856559798,0,4.29815899441047,2.05105382098149,2.2415581271323,0,0,1.41114975237537,1.12665238949532,3.81809331961492,3.05710155310768
ST00232,stool,0,0,0,2.8984695706686,2.70843953865362,4.34509820053543,5.58923136046127,3.15505089078687,2.40825856742818,5.70815391774237,4.04508726108786,0,1.88932013660709,2.25408302394145,0,2.88424742031739,3.08815474852017,0,4.77298913757586,0,1.88932013660709,0,0,2.01285571846197,0,0,3.08815474852017,3.25805700312584,0
ST00234,stool,0,0,1.43656793203146,3.12826996453636,0,3.78593552339862,5.2022421998297,3.80515620302592,0,5.86593452988371,4.35841456096303,0,0,3.11531478217057,1.72957763237784,4.15720143214817,0,1.43656793203146,3.29275409012978,1.60732881827654,0,0,3.04401833731316,0,0,4.13305810768913,1.82486565821152,4.4690271735933,3.88432611248131
ST00243,stool,0,0,0,1.68283358716008,0,3.03000817662318,5.74701160344455,4.36079145664209,0,5.59727997997281,2.76464798023988,0,0,2.04087288546777,0,3.42799916472317,0,0,0.665482244632615,0,0,0,0,0,0,0,1.2820494032075,4.26558244675445,0.916869344643071
ST00248,stool,0,0,0,2.29868084222242,1.65304325705541,4.17265354382193,5.59232897491131,3.79359403358617,2.4897859355137,5.73383232574096,4.12855995603139,0,0,1.48175274120396,0,4.03011621625929,1.65304325705541,0,2.50992540588686,0,0.920666425873127,0,1.36156225949307,0,0,0,1.65304325705541,4.11558160694208,3.889259356258
ST00253,stool,0,0,0,2.65585023457448,1.48603906343302,3.48248695113354,5.40861277295515,4.20343741565732,0,5.82669851552135,4.05372181578661,0,0.924568572014555,0,0,4.44901612531763,1.9536010452944,0,2.17351242932898,0,0,0,0,0,0,0,1.7799194026095,3.60923923475038,3.97884665173269
ST00259,stool,0,0,3.133900560428,2.95796880626173,3.17962614297976,4.55956208076373,5.67084155830238,4.45810759092264,0,5.60127276634233,3.67079325015615,0,0,3.69793987912861,2.4818033526124,4.21278922860776,0,0,3.45824368874588,0,0,0,0,0,0,0,0,4.517808540993,3.08278791969537
ST00266,stool,0,0,0,2.88462759524131,1.81163295473728,3.55869199456992,5.77061938342933,4.67837532363011,0,5.47027435675007,3.20060447049111,0,0,0,0,4.24671145727477,0,0,4.54593087651201,0,0,0,1.00498825592115,0,0,0,1.81163295473728,3.62264288775988,3.6264021439777
ST00379,stool,0,0,2.0780396171801,2.77409695878694,1.78062319304319,4.22975735194463,5.15188781802962,2.6950618107482,2.87660546019184,5.84260265525458,5.01978638696741,0,1.6081156865305,2.84093936259823,0,3.90160399832952,2.41187342389384,2.14446771908352,1.6081156865305,0,2.55273501152447,0,0,0,0,0,2.50173450297792,4.25339690614428,4.03188373276802
ST00382,stool,0,0,0,2.57424645473241,1.38715153692328,3.92168761217862,5.62955252628523,1.91830905305363,2.44969339513189,5.71218966680512,2.99265859522526,0,0,3.43916326401251,0,2.94349357311547,1.38715153692328,0,2.75889077342553,0,0,0,0,1.10357481548636,0,0,2.15020269157609,3.29087619811511,4.62316313375428
ST00383,stool,1.31488962032748,0,2.72551219805014,2.95023551926936,4.08808638003381,3.77865095624694,5.5577560345016,3.94465791863615,2.56557982725644,5.74266573742859,3.80260151777834,0,1.93522366845331,4.37935240752113,0,3.37868381139727,2.70356034872035,1.82279014168137,2.30970477125315,0,1.14918939653433,0,0,1.60527385522164,0,1.14918939653433,2.86601898294028,3.8395246229641,4.1973519666853
ST00384,stool,0,0,0,0,0,4.65024667324237,5.55332815766967,4.22429413587082,0,5.73837383796404,0,0,0,0,0,4.44613252082028,0,0,3.74722470077558,0,0,0,0,0,0,0,0,0,0
ST00386,stool,0,0,0,3.43070661060347,2.14040264189423,4.08350478737036,4.58859398642269,3.4215113449207,0.95754098894708,5.93482146283905,4.4680344822763,0,1.61640280187825,1.81656556737729,0,4.62580893810512,0,3.57901138497044,2.23157388410382,0,0,0,0,0,0,0,2.47645304751948,3.76057261113031,3.09184210733281
ST00387,stool,0,0,0,1.16871561242758,0.89617900626911,2.99296838239724,5.80183283770349,4.11506239273309,0,5.53555356861952,3.45118625939549,0,0,0,0,3.72713387092254,0.89617900626911,0.89617900626911,1.69122226669533,0,0,0,0,0,0,0,1.33487794143491,2.95161983332944,0
ST00411,stool,0,0,3.16004679162049,0,2.23287523608327,3.84051765341951,5.360341179896,3.13373662911743,0,5.86225341978791,3.83784545059426,0,0,2.9298081175444,0,3.88359663242386,0,0,1.63837046697061,0,0,0,0,0,0,0,0,4.23359775367691,1.93437827978953
ST00412,stool,0,0,0,2.06503933087608,0.504258191584973,3.36957657525254,5.66912299430625,0.573079963383628,1.75115784120979,5.70729042108232,3.49743351940671,0,0.684711883072161,3.22405107935211,1.24181455992384,3.06801988131303,0.321540004329491,0.632472853767039,1.98905439337034,0,0,0,0,0,0,0,1.56399495724033,3.62339708920236,4.02860536786297
ST00420,stool,1.2874557151772,0,2.44211625888028,3.44070171102746,3.62058290511783,4.74295519220517,5.37453925144556,3.53175239563512,2.14265259820593,5.7884731424408,4.53781415252679,0,1.92288354618787,3.96041982407582,2.00908963922407,3.80296941431889,2.99728399405532,2.14265259820593,2.38020969474909,2.41226510411177,0,0,2.00908963922407,1.87237889214951,0,0,3.2401347084874,4.46078241230525,0
ST00425,stool,0,0,2.88653582698406,2.29455438154743,3.3231819298152,3.2790003755825,5.82346054369707,3.8936241685813,1.20628602812099,5.47736495292068,3.06807447255072,0,0,3.25236263919056,0.931457855351392,4.19858284836206,0,0,1.88309334143129,0,0.931457855351392,0,1.73062078083852,0,0,0,1.20628602812099,3.26677244615069,2.45866804245354
ST00465,stool,0,0,0,2.51225803238146,1.44752044183318,3.1508249710812,5.70526641629369,2.94188683010744,1.00033825919807,5.66736154481651,3.80349132307236,0,0,2.52412116936101,0,3.87060405565824,1.44752044183318,0,3.11029139865413,1.00033825919807,0,0,0,0,0,0,1.27910965597061,3.98607164816105,1.00033825919807
ST00480,stool,0,0,0,2.25278724808726,1.95417709203474,4.47996475968539,5.71179068742508,3.28030355291852,0,5.63070934119635,3.07733209262744,0,0,2.87072786837548,0,4.16749485508768,0,0,3.84148102229763,0,0,0,0,0,0,0,1.36635965021405,3.22833424531561,1.91682705704954
SW00001,swab,0,0,0,2.59548134192931,0,4.47348811045712,5.69702370346292,0.877934009761538,1.43455453473106,5.59366156182459,3.64240013900038,0,2.47090988598203,0,2.02447089094194,4.34746926979942,0,0.877934009761538,4.50394727140984,0,0,0,0,0,0,0,0,4.31730656091146,0
SW00002,swab,0,0,3.24115943370125,2.23484627527217,0,3.04561447282044,5.58437776795653,4.04659655484048,0,5.76505233518192,3.43929379046696,0,0,3.11345811356729,2.34820563422818,4.08967777114626,0,2.08102679532944,1.84068320115124,0,0,0,1.54587600764921,0,0,0,0,3.45257124523786,1.25703034869783
SW00003,swab,2.09576384643354,0,3.21963304987966,2.96197227840255,2.45551824973457,4.13996192335629,5.39457729205686,3.58093098094087,1.12603570795937,5.81955598630682,3.71456408946205,0,2.47393825582838,3.45977287484265,2.88522398753256,4.33383287905631,0,2.97354167612129,1.87623126774253,0,2.3950485713387,0,3.55627991237909,0,0,1.12603570795937,1.41050912491855,4.51911585921621,3.42688256267355
SW00004,swab,0,0,0,2.53978643415865,1.55092069426536,4.52036319958266,5.52103016533516,4.41993265875516,0,5.71572240390703,3.94851350949355,0,2.58106518300456,3.2711579187674,2.01982187144877,4.68466850014688,0,1.55092069426536,2.97036046976758,0,0,0,0,0,0,0,1.84580026382133,4.44649554378011,0
SW00005,swab,0,0,0,2.42076912753428,0,4.32996252071203,5.64579919563167,3.88437135135371,0,5.6878282371665,3.51616012471974,0,2.61399538863376,3.44814867903465,3.1884071684952,4.08602223010523,0,0,3.95855533475998,0,0,0,0,0,0,0,0,4.0669046204736,0
SW00006,swab,0,0,0,2.51793957819985,2.00727365289515,4.79732988995846,5.43692988590212,2.24521834128002,0,5.77096195790521,3.37568900248143,0,3.04059416528341,1.34630735658918,2.40717331021094,4.59311862942664,0,1.22784176160757,4.15674662842143,0,0,0,0,0,0,0,0,4.19774261570462,0
SW00007,swab,1.94348472688285,0,3.75150015022346,1.35601639159927,3.50390329530149,4.20394447513178,5.39179169354107,4.15799354647216,0,5.81291982410953,3.43003289066726,0,2.29291044824146,3.90587768447623,0,3.50093974857766,0,0,3.80927366343287,0,0,0,3.45717535820804,0,0,0,0,4.60946177812747,1.94348472688285
SW00009,swab,0,0,0,2.47823116592572,1.29524769369673,3.5977424995821,5.58330263478885,3.95606015665871,0,5.75717421405368,3.25215268480842,0,1.41464984522741,2.93905837653542,2.9946405662767,4.34725700717799,0,0,1.29524769369673,0,0,0,0,0,0,0.860047980805645,0,3.7710489600804,1.70724032775404
SW00011,swab,0,0,0,2.9600161070697,1.67870261199518,4.43951323099888,5.63146475750587,1.67870261199518,1.5071381014091,5.66775806206178,3.53493322402009,0,2.8510076668445,3.39531929479375,3.1948272578912,4.48254405470783,0,2.79514040825018,4.00833605974632,0,0,0,0,0,0,0,0,4.45780643461442,1.60133773124457
SW00012,swab,0,0,0,2.61085900725963,1.42241217923393,4.08422791278641,5.66277703592444,3.8190394069483,0,5.68796814255501,3.0544170878637,0,2.22120462242697,3.29519560159901,3.31704070602369,4.2710971421389,0,0,2.38518999308976,0,0,0,0,0,0,0,0,3.95656136488434,1.42241217923393
SW00013,swab,0,0,1.15729913408248,3.24513477688798,3.22830931124428,4.08192610235533,5.51635962185812,4.27979964833776,0,5.75234931536862,3.54768897897122,0,1.87219310286895,3.29497425325499,3.1108259038808,4.32928724423883,0,2.00533449863084,2.97767777066015,0,0,0,0,0,0,0,0,4.6273054037658,1.15729913408248
SW00014,swab,0,0,0,2.7707594589268,0,3.78419837558404,5.72534211477945,0.827189960438925,0,5.60224105389392,3.71678711277084,0,1.99207983016115,3.6079387224489,2.85815836383999,4.09147318521242,0,3.92925528537092,4.19859373700342,0,0.827189960438925,0,0,0,0,0,1.47108816133024,4.17898252322847,0.827189960438925
SW00018,swab,0,0,0,1.92563286363817,1.33876623393883,4.56930736879816,5.71824415244538,4.26116368457046,1.33876623393883,5.57679889302207,3.75621466301166,0,2.38089627821942,3.21901745000079,1.97621233223687,4.33019009670738,0,1.05720101119931,1.92563286363817,0,0,0,0,0,0,0,0,4.12290087671888,3.3031314272838
SW00019,swab,0,0,0.90526529722991,1.70140562111963,1.34479520731431,3.62074192929697,5.74869343386242,4.394266766068,0,5.59974036014558,3.88903198290174,0,1.46479771960608,0.90526529722991,1.80862643348841,3.43657390764866,0,1.17841120330278,2.9620008380822,0,0,0,0,0,0,0,0,2.96532516305269,1.17841120330278
SW00020,swab,0,1.2695648911655,0,1.8537523412326,2.47746540333854,5.64722751709347,5.38651712092831,3.90837903078869,0,5.43872158443771,3.81148242499599,0,4.08256021536924,3.12670567795051,1.8537523412326,3.29111276464149,0,1.73083615360749,3.55531866132121,0,1.8537523412326,0,0,0,1.2695648911655,0,0,3.41599595697163,3.1092282770245
SW00021,swab,0,1.56869302827561,2.03792681171477,4.06063589920817,2.25818073035471,5.4284111848805,5.36915436204138,3.79114182382403,0,5.54449728860452,3.20543815115501,0,3.79867192301305,3.23375465821348,3.34587844634305,4.35235918164996,0,4.25666922091807,3.33515947697401,0,1.27923198322146,0,1.27923198322146,0,0,0,1.95954079029629,4.87414518268941,0
SW00022,swab,0,0,2.72477126832215,0,0,4.25031568920608,5.72247371236987,3.89132512255192,0,5.62025875534984,3.65346739639066,0,0,3.15561938131971,3.78848068283583,3.96454838086792,0,2.02906294266189,3.40536405107714,0,0,0,2.20379814465157,0,0,0,0,3.68782895912485,0
SW00023,swab,0,0,0,2.43390681713383,3.12613681268985,4.80854618646168,5.59591442362062,2.34409905475803,0,5.70971424258384,3.26184624699025,0,3.15276967229621,1.83661784381636,3.74809034705777,3.78092491999951,0,1.25313445603244,3.45364688988641,0,1.54186875323106,0,0,0,0,0,1.25313445603244,3.95739747431904,0
SW00024A,swab,1.37876134177175,0,3.35713617503941,3.95410272125416,2.80416005872815,4.79848708206349,5.34834073313606,4.07163699305989,0,5.59509367079998,3.20403057378975,0,3.05956359146764,3.21478575873575,4.34476173542424,4.0403631508147,0,2.01761774538938,2.98648974861583,0,3.45027392209825,0,2.59177688454919,0,0,1.47202486555916,0,5.40648723072613,0
SW00024B,swab,1.58252333953275,0,0,1.29270431993349,0,3.52538734144129,5.42997494311536,4.29078300100894,0,5.81154023311834,3.74427980384015,0,1.58252333953275,3.75861171555455,3.35653624625531,4.44522265949466,0,1.87783741970422,1.29270431993349,0,0,0,0,0,0,0,0,4.25543587222998,2.61346684004457
SW00025,swab,0,0,0,2.37107841409367,0,3.77753891022853,5.47001188794434,1.67943827183663,0,5.7047253298989,3.16191738168285,0,2.15045993143361,2.99291740436667,3.7531185041975,4.89323845315018,0,1.97590162129966,4.38123762224732,0,0,0,0,0,0,0,0,4.90880969535656,2.44995154808406
SW00026,swab,0,0,0,3.14758920786455,0,4.71944604400047,5.74293313534313,4.03651123626117,0,5.4936342974533,3.42924414886099,0,2.95776897174669,4.08805142976883,3.96050382256356,3.52361323902733,0,3.65635588957561,2.87656256586077,0,0,0,0,0,0,2.79236531849458,0,4.55883209533369,0
SW00027,swab,0,0,0,2.77397047754423,3.64839789631252,4.21061990505938,5.71876999652414,4.13969347863762,0,5.60278510067658,3.74528839173153,0,0,2.34921808326508,0,4.41916885459718,0,2.47367069339459,1.87596637454852,0,0,0,0,0,0,0,0,3.71533074489761,3.52349168707023
SW00028,swab,0,1.80308641804828,0.860611894532713,4.29878320836545,2.1792925381345,5.75230925649574,4.94397169861776,2.6034612746657,0,5.43186398316479,3.22942314920317,0,3.7962671421094,2.67218380672583,3.08880790515749,3.44763068945432,0,4.15072100772287,3.97406878721643,0,1.29586871378509,0,1.13062793758436,0,0,0,0,4.29878320836545,0
SW00029,swab,1.90047442163289,0,3.50077954326016,3.93245555470888,2.84983495022801,4.37115187572248,5.43455779640018,4.08906528261587,0,5.63549990766893,3.07143815426522,0,2.41951320873774,3.14244589558499,3.48987966556674,4.01995853369065,0,2.12013306859188,2.949823736696,0,3.82446230811847,0,2.265319097299,0,0,1.72710535041389,1.43414101435749,5.34901164449024,0
SW00030,swab,0,0,0,2.53498625425041,0.938516282219117,5.1302064557541,5.57820539509006,3.93190329810039,2.0929973368353,5.66500886235203,3.62896915599493,0,0,2.95030253828108,2.13161480182713,3.46242405829038,1.55095797046557,1.09760074841817,3.38038827041659,0,0.938516282219117,0,0,0,0,0,0.938516282219117,3.6405689673939,0
SW00031,swab,0,0,0,2.11094839266604,0,4.03703026049929,5.71769989805702,4.35310338238908,0,5.57665790331481,4.08533074216945,0,0,0,2.7104781441653,3.22177550423236,0,2.58582127438709,4.66146394915609,0,0,0,0,0,0,0,0,3.81520809666858,0
SW00032,swab,1.80811053431495,0,3.73839712004248,2.20197805624113,4.1992691423354,4.60202962105326,5.32289943246162,4.00137424546634,0,5.81891991682209,3.43994867154075,0,2.91577260120106,3.45466667161521,0,3.50472893255005,0,1.80811053431495,3.41425288714044,0,0,0,3.27135626547441,0,0,0,0,4.61755346148495,3.54178912889252
SW00033,swab,0,0,0,0,0,4.04762612262046,5.45343790970229,3.50071190987246,0,5.79514666483358,0,0,2.78113493776578,0,2.48082321616932,4.75928801775528,0,0,4.24656596095074,0,0,0,0,0,0,0,0,3.22000992880611,0
SW00035,swab,0,0,0,3.85677161502385,3.75605096113797,5.33403761266231,5.36461628326954,4.05415103521987,1.41874933475514,5.61336172369399,3.27133065261996,0,3.64500276563755,3.29418161149594,3.97940369511037,4.23884814937821,0,3.84908586486745,3.29418161149594,0,0,0,0,0,0,0,1.41874933475514,4.85686960983841,3.2533671061351
SW00036,swab,0,0,0,3.41388214931917,0,5.78261424754403,4.83395861387778,3.90478860296891,2.10538147628076,5.40288392539957,3.50003815370884,0,4.23070861596382,3.39217148705687,0,3.60721808271265,0,3.21616823937945,4.0910006360786,0,0,0,2.28033550071277,0,0,0,0,4.31682558709912,2.58022527599366
SW00038,swab,0,0,2.60476472946413,2.42921263327897,0,5.08273515689377,5.48658964239821,4.63172325575563,0,5.69288363915106,3.85901698593205,0,2.72943363342162,3.35720290141686,0,3.71771094220317,0,2.72943363342162,3.98993044734095,0,2.42921263327897,0,0,0,0,0,0,3.97786718799883,2.72943363342162
SW00039,swab,0,0,1.49141633454828,2.94007455214034,1.78538537141692,4.89299100074105,5.29461306458466,4.05355745934772,1.78538537141692,5.79958378671095,3.44581627821269,0,2.77893084001491,2.08284136567158,3.60113817559038,4.60038669111643,0,1.49141633454828,2.32433864967557,0,2.47862276997751,0,4.03712421481137,0,0,0,2.25773472489761,4.36368723962092,1.49141633454828
SW00040,swab,0,0,0,3.65881964948721,3.95502126205315,4.82042674698343,5.46907121018005,4.09780345409298,0,5.58494397871236,3.02072860409002,0,3.23825813090474,3.48356754943973,4.07104393931523,4.17572757351857,0,4.9273552939041,3.09055822161913,0,0,0,0,0,0,0,0,5.03953354873645,2.90275866423517
SW00041,swab,0,0,0,2.62821664568103,0,4.59701929132502,5.65686771999294,3.56754253190326,0,5.51028786559831,3.95823420093838,0,1.78920934463664,3.08348361384333,0,3.74121533302864,0,5.17777379517819,3.94649710762279,0,0,0,0,0,0,0,0,3.53809580197312,0
SW00042,swab,0,0,0,2.32099426575145,0.95499997192097,4.4264025430553,5.75000144072018,4.28795920767679,0,5.55901440993437,3.18977998527986,0,2.16221418420094,3.81835118475579,2.9613218976724,3.79275299503026,0,2.61257327925573,2.99780044374581,0,0,0,0,0,0,0,1.51934019712069,4.08866888086631,0
SW00043,swab,0,1.06440592552099,2.30615381398812,3.00794675208063,4.08974220197127,4.59063553918652,5.32645461629233,4.33786927800564,0,5.82868616345809,3.79469589806708,0,2.74203952979096,3.1259445237193,3.1259445237193,4.27593581602984,0,1.06440592552099,2.38875467053409,0,0,0,0,0,0,0,1.51581860518763,4.04273897997603,0
SW00044,swab,0,0,0,0,3.23384070683448,3.76514065998802,5.70605190403545,4.45371051945272,0,5.62275427246713,3.76514065998802,0,0,3.13699405918985,2.83628075173812,3.87709746827089,0,4.1474319344111,0,0,0,0,2.53588344055085,0,0,0,0,3.73881638271897,3.01216091097989
SW00045,swab,0,1.41062443135997,2.78329819689699,3.69017006244801,1.82591819895298,5.11697098544076,5.47730830928684,3.61144489596787,0,5.63356278562729,3.51685542534231,0,3.44019907753309,3.3705623031574,4.0877643569455,3.86476723627415,0,3.78559784903736,3.9453219359528,0,1.47515425933616,0,0.70956591722747,0,1.1261467018684,0.70956591722747,0,4.93512529226916,2.17448327927864
SW00046,swab,0,0,0,2.16025308482591,4.18045454549626,4.64906294414418,5.60076129422621,4.49872003224499,1.38320197263403,5.6778172309746,3.25940325188843,0,3.08947757888542,3.41732339903652,0.750752769531107,4.35511733802127,0,1.38320197263403,2.36671881698717,0,1.17317188595905,0,2.67962445864486,0,0,2.14611272862244,0,3.63725411079266,1.17317188595905
SW00047,swab,0,1.66945885555324,0.804702692592573,3.34783770088289,2.1569247549477,5.35245907058646,5.61725537619298,3.39592865185025,1.40143847655146,5.45103062421518,3.16630509094228,0,3.68376677545517,2.97290029053605,2.21758169503639,4.11431160409496,1.64371056774662,2.23830846514145,4.63862769843311,0,1.44546929894353,0,2.00215715443307,0,1.15973761143238,1.55580440817185,0,3.94047518235237,2.18067477844599
SW00048,swab,0,0,0,1.90635430013177,0,4.0280780787516,5.585711754116,3.8226843764813,0,5.74118063611005,2.34224464094494,0,1.90635430013177,2.60099234707503,1.32016485336422,4.15683810782883,0,2.44655659759181,4.45239789074472,0,0,0,0,0,0,0,0,3.42614020169676,0
SW00049,swab,0,0,1.18429540166718,3.05108931615589,1.53572600927822,4.35877977559734,5.76619014858292,3.93886587666733,1.30207262578018,5.55902278792174,2.97271996781659,1.02218233685129,2.18578170313758,2.58201953500173,0,4.03193983684287,0,1.91357178988649,2.91886411402229,0,0,0,0,0,0,0.760574621441434,0,3.76493687670968,3.36994147413627
SW00050,swab,0,0,0,0,2.15315255044251,4.08964402548158,5.32181796533761,3.87030729232635,0,5.87653195015789,2.75291723799691,0,0,1.85516421042846,1.85516421042846,4.15658576797896,0,2.45265369226838,1.85516421042846,0,0,0,0,0,0,0,2.32822517184523,3.34061941307573,0
SW00051,swab,0,0,0,0,0,3.33602867530718,5.58670665409915,3.59421687616596,0,5.75547507473858,3.5631908314015,0,0,3.41063066069697,3.03519896790061,4.31357299698326,0,0,2.83131920929006,0,2.434338770234,0,2.434338770234,0,0,2.1349033607801,0,3.9578309751868,0
SW00052,swab,0,0,0,1.39623924190741,0,4.60298336196246,5.27436131923008,4.21352212953756,1.11230812295674,5.86244077498004,3.19495807449782,0,2.88415687170982,2.68037699061711,0,4.0673412260141,1.39623924190741,0,2.08102826596882,0,0,0,0,0,0,0,0,4.08986015760249,0
SW00053,swab,0,0,0,2.51049002854216,1.25522041738421,4.72682412966629,5.63101335190621,4.38116826548812,0.823861862278266,5.67772846324806,3.49692061474089,0,1.25522041738421,3.46775022215319,2.17118397619813,3.80986352944461,0,2.59946417575109,2.84380034974522,0,0,0,0,0,0,0,1.46730814582701,3.67815964241933,0.823861862278266
SW00054,swab,0,0,3.37168138145886,3.26177297162747,2.93834206867653,5.34958310370424,5.38491795741929,3.99383669376103,1.50449270800682,5.68442073633358,3.40993031721593,0,3.63066395601871,2.53334960233684,3.22733708761774,3.90235729252486,0,2.39552358492114,3.72755363794362,0,3.0351519613488,0,1.21684660580487,0,0,0,1.67602941538367,3.98903830032535,3.28678766647227
SW00055,swab,1.78258779363153,0,0,2.12108478038886,1.11137055277501,3.25561145769534,5.40536555895104,3.62794565829327,1.56548941913947,5.82167184324882,4.12447913789654,0,0,2.77609123658404,1.11137055277501,4.19798073187579,0,0,2.5547270602963,0,4.15087476084989,0,3.92709096328548,0,0,0,1.98401267781584,4.30430161388876,3.51268940579722
SW00056,swab,0,0,0,2.80489387078178,1.32034594022071,3.73050730764608,5.58867512703666,0,0,5.67675231588248,3.23883266892773,0,2.08083443033044,3.3406537036747,4.07580042052943,4.75710355120637,0,1.61086470953042,3.92442689915891,0,0,0,0,0,0,0,0,4.66399820911771,3.52707851923871
SW00057,swab,0,1.31547333870203,0,1.03495564747255,1.31547333870203,4.19841651963262,5.66912366804686,3.87378565222508,0,5.67811902557855,3.43711753756691,0,2.03830131547606,3.42444120897748,1.90148718903364,4.18939460193147,0,0,3.64622457996883,0,0,0,0,0,0,2.4095818584742,0,3.87946203087894,1.48450606877441
SW00060,swab,1.60274631753275,0,0,3.05454971558538,0,4.69335256239837,5.63603482103804,1.99413299999076,0,5.68590849135824,3.3737076168635,0,1.89832209822089,3.36280892381797,3.02354385362918,3.89176714146047,0,2.40638893310798,4.06309778639017,0,1.31242346049498,1.60274631753275,0,0,0,2.19659908257266,0,3.77936142491921,0
SW00061,swab,0,0,2.75099581046257,3.03392767073854,1.95914234198702,4.92072621640097,5.41007912831572,4.75277268820612,0,5.75157248423771,3.7916874499829,0,2.8580371943642,3.34074440217668,1.20421567510596,3.46526173387351,0,2.91708199495909,4.24570109000716,0,0,0,0,0,0,0,0,3.80770472521898,0.929508989780306
SW00062,swab,0,0,0.364428179230916,2.8981334358607,1.25735430460988,4.2838279845849,5.62484065300492,4.41102675846116,0.364428179230916,5.63132556374996,3.4172920759052,0,1.68409488471837,3.64540549784298,3.04389823241697,4.08923123076888,0,3.46929879464903,3.94281977837494,0,0.948709854148936,0,0.693993797093585,0,0,0,0,4.07730974940181,4.78281309302805
SW00063,swab,0,0,1.18950501106355,3.42546514718672,0,4.42484607973169,5.58559552441034,3.09533153614896,1.18950501106355,5.7064474921,3.02421803796542,0,2.16347515698524,1.18950501106355,3.78483762241596,4.17461361831161,0,0,1.94360896690671,0,0,0,1.18950501106355,0,0,0,1.47626698425656,4.72645821486331,1.18950501106355
SW00064,swab,0,2.23387923710226,0,3.38786227092821,2.79630341754756,5.89030263939686,4.72457104789777,4.14163715386825,0,5.06043026990785,2.45471297168624,0,4.05745009021897,2.45471297168624,3.03337194270147,3.88781112559387,0,2.05905341992819,3.88460640224187,0,0,0,0,0,0,0,1.76179777581553,3.97437014297723,2.05905341992819
SW00065,swab,0,0,0,4.42554731108069,3.4640766044674,5.62988004590787,5.1837712667405,4.6617473718635,2.95252876660928,5.39569985263424,3.30444205831951,0,3.85519464641237,2.35191972086398,0,4.41069875706241,0,2.35191972086398,3.58054707117787,0,0,0,0,0,0,0,0,4.75311223659459,0
SW00066,swab,0,1.19764734139407,2.47168202727136,3.87037826278304,2.55061888906513,5.32462803598256,5.30789890631532,3.97063383916406,0.923329710161333,5.63058564789682,3.28168052755506,0,3.57156152944661,2.86438273766845,3.52149690037759,4.85925277671856,0,0,3.11645919981377,0,0.923329710161333,0,3.45825448337506,0,0,2.4138994431132,1.95221030013651,4.72621753918102,3.10653971611993
SW00067,swab,0,0,0,2.98929799693318,2.98929799693318,5.2676085853609,5.22940444833913,3.94314465541263,0,5.76844987065771,2.98929799693318,0,3.29010537083051,0,0,3.94314465541263,0,0,3.29010537083051,0,0,0,3.68791175164573,0,0,0,0,4.42023290625995,3.46612239726406
SW00068,swab,0,0,1.37639818016648,2.1015619310159,2.82080283862757,4.05414295681016,5.65394254246099,3.75489514809466,1.09325011844185,5.69121653847524,3.16760328633382,0,2.1015619310159,3.54256419055931,3.62736361210574,4.33388897849019,0,3.63200742748553,2.97099662065494,0,2.86349330369752,1.37639818016648,2.1015619310159,0,0,0,1.54636134661346,3.5086393190416,1.09325011844185
SW00069,swab,0,1.58625332034089,2.81854306468795,2.99441442135923,3.84031520469658,4.6303290440225,5.18702215556773,3.51324768836122,0,5.8866841314718,3.19054906753089,0,2.69793239338466,1.88161660230438,2.3725705859819,3.93330640184545,1.75857499766724,2.77285885018543,2.76592180779138,0,3.06657939571555,0,3.10346112063906,0,0,1.01672344897158,1.82443872686218,3.7982802106113,2.518172108888
SW00070,swab,0,0,0,1.83171938679229,4.05416112929714,3.9327461641696,5.6218098268009,3.76236465780962,1.24844222078553,5.7193583460848,2.91393936803128,0,2.24686966670143,3.01950892382147,1.24844222078553,4.41988970039284,0,1.63142151883706,1.34042237267161,0,0.971255500330997,1.34042237267161,1.34042237267161,0,0,1.41628567815275,0,3.4928660678265,0
SW00072,swab,0,0,0,1.60017386888927,0,3.93258933320332,5.6642397519197,4.08885249283759,0,5.69821985738682,2.82023640697326,0,1.89571704130592,3.42180338839096,2.06996384598992,3.53126588277228,0,0,3.80799559338385,0,0,0,0,0,0,0,0,3.69472791969863,2.19397740953763
SW00073,swab,0,0,0,2.91559420632726,1.01030396954338,4.84391710823827,5.750073357493,2.7223750727349,0,5.40550011204493,2.42969212675895,0,2.91069286566272,2.7924521639072,0,4.96814954199138,0,2.24689674216396,2.92523399930592,0,0,0,0,0,0,0,1.28959317144637,4.16408831376889,3.24467732308268
SW00074,swab,0,1.19561708634587,2.60742197356681,2.37297937650404,0.921420834719566,4.42254566786826,5.45717414292167,4.34716094187974,0.921420834719566,5.8050159961698,3.5895529764057,0,2.74757645038674,3.3285873864855,0.921420834719566,3.78617993285631,0,3.79547402754943,3.0704749244179,0,0,0,0,0,0,0,1.95006644396507,3.68693284278323,2.87939645541391
SW00075,swab,0,2.21015341432446,0,2.76451828800263,1.99008560297017,5.28338226111578,5.50387150096435,4.33394448181415,1.52176111138737,5.61216620827313,3.33477399700426,0,3.50426944212891,3.69610639691171,2.41326840044154,3.78272771260772,2.35551594938281,2.11391210930085,4.54871713780187,0,0,0,0,0,0,0,0,3.66695423989959,1.52176111138737
SW00076,swab,0,1.69921852734694,1.12245033774002,3.33163015172226,2.580892839594,5.75845065701751,5.32105757517391,3.68945137053107,1.87240646321854,5.21367837068413,2.87429998012425,0,4.09059099809184,3.0332748031537,2.41229294193704,3.97323123907814,1.40678383181135,3.20923195401792,4.24617320719564,0,1.69921852734694,0,0,0,1.40678383181135,1.69921852734694,0,3.45775693159059,0
SW00078,swab,0,0,2.49104358026616,3.95021003669763,1.89316928276845,4.74128543600822,5.47157261011986,3.53115986750224,0,5.62612311280129,2.90930412945076,0,3.01832965909425,2.76339010332754,1.89316928276845,3.96680747207269,0,0,3.11835908517255,0,0,0,0,0,0,2.84244652328457,0,5.29945365341381,2.19141330304146
SW00079,swab,0.954075780371202,0.954075780371202,0,3.1100654882014,1.90829976040675,5.03442885317009,5.64822025525701,4.26597354768143,2.05289252908893,5.43950030637402,3.45083094386496,0,3.21703319471669,4.04219104045417,3.52212627681153,3.97556583417209,1.39775993851288,1.61260085797355,5.01661603068159,0,1.39775993851288,0,0,0,0,1.39775993851288,0,4.29102583516585,1.39775993851288
SW00082,swab,0,0,0,1.98537283263711,1.68881147568489,3.92477471965536,5.60490874308158,3.84498567742654,0,5.75125021593828,2.90438414186181,0,1.78393954696656,0,1.92802208460533,4.09190321814909,0,0,3.00247907214584,0,1.11263874908665,0,0,0,0,0,0,3.54918210870903,0
SW00085,swab,0,0,0,2.52390670439973,0,3.73045835088906,5.63333213611452,3.81779216142935,0,5.67362767771701,3.42438872888871,0,2.03758574242059,0,4.51587564020683,4.08121982836145,0,1.91397261145095,1.56835809979356,0,0,0,0,0,0,0,0,4.55429841990838,3.41995124367775
SW00086,swab,0,0,0,1.94829054389522,0,4.02592080402656,5.58789373149514,3.69698210120473,0,5.76014796038601,3.31818684991985,0,2.03754893875009,3.30093630666821,0,4.06372897526676,0,0,1.91393591995049,0,0,0,0,0,0,1.44727719293704,0,3.73096636575447,2.43309240930448
SW00087,swab,0,0,1.35397125466882,3.67246042569566,1.14475216519901,4.67488247917025,5.71836323444332,3.4762185350454,0,5.29918460385168,3.68619598224437,0,2.57601383941888,3.15284166733878,3.35980578239506,4.00515541782531,0,1.26184050807799,5.09905752892718,0,0.983948389142012,0,0,0,0,0,0,4.89189516277681,2.50592878593851
SW00089,swab,0,0,0,0,0,3.31914699086093,5.82085194070137,4.06524437392448,0,5.45702401294408,3.50550638508206,0,1.51039085876467,0.861994170266216,0,4.43219313079248,0,0,3.73988769137547,0,0,0,0,0,0,0,0,3.32045251521205,0
SW00091,swab,0,2.05696440590045,0,3.41503340642319,1.5873952623376,5.47545617782062,5.51653507731152,4.63102328886713,1.88277352213836,5.4419515082772,3.94713418661994,0,3.61354952003857,3.24836034299718,2.18094982738159,3.98768165750311,0,3.27521778041694,3.93400267730564,0,0,0,0,0,0,0,2.05696440590045,4.18027199994067,1.88277352213836
SW00093,swab,0,0,0,2.54281793944843,2.54281793944843,4.96222415431763,5.50514767906795,4.31481280723718,0,5.73673986014315,3.22944312356838,0,3.20884111553734,1.37016552819298,0,4.03791610647304,2.56989475965474,1.08727062130671,2.82900561029465,0,0,0,0,1.95810927901969,0,0,0,3.78667752438889,1.75684948976992
SW00094,swab,0,0,0,4.12226615442936,0,4.45090216242947,5.52053753943388,3.94359100335027,1.90367407587581,5.5004970247633,3.47814661275243,0,2.07795443640503,2.82828288713353,4.5803750584438,3.69764625091675,0,3.97744556161472,2.89876721362857,0,0,0,0,0,0,3.14157021362685,0,5.38557087569706,1.60803190591178
SW00095,swab,2.13224331534962,0,0,1.7448051872882,0,3.50741413730688,5.39199423502413,4.2310982023796,0,5.8247853144137,3.63865783017439,0,0,2.62631281092855,1.19175269840493,4.18770844432132,0,0,1.07602475059861,0,4.24353810721297,0,3.67251768847823,0,0,0,1.28304098847522,4.31504325392997,3.26948131158384
SW00097,swab,0,0,0,2.27308242517858,1.98524227447298,4.78165617492712,5.60802615724303,4.22946015431252,2.20095260940837,5.36430969464875,3.35013564535419,0,3.04370069543162,3.08317508576045,0,4.98817932028918,1.80056825628119,5.14622549146919,3.39670778696101,0,1.02390647471877,0,0,0,0,0,0,3.29481336715342,4.58862075609031
SW00098,swab,0,0,0,1.65831222818418,0,2.55297494421413,5.76424557887807,2.64964175868613,0,5.57253423767826,3.5000632867679,0,0,3.16747697055969,0,3.6901489357278,0,0,3.76268596556249,0,0,0,0,0,0,0,1.95454668236865,4.46159596062944,0
SW00099,swab,0,0.85297770935266,0,2.87070107648318,2.75657471860646,5.59849749117892,5.37468395243303,3.15684901892867,0.85297770935266,5.49233120088141,3.44835059516719,0,3.95910458377005,2.43239075712274,3.2300659468553,3.69910740862571,2.92139009847605,1.57713533202762,3.93997435718351,0,1.50024775967207,0,1.50024775967207,1.93849121507307,0,0,1.64243633486568,4.35742518588101,3.15869973593198
SW00101,swab,0,0,0.79687980863062,2.13948402266333,1.34355862912989,4.0679349712222,5.53196609640434,1.51303676222816,0,5.80321910951987,3.5757706765185,0,1.84159258432118,1.34355862912989,0,3.01623405834047,1.72952153656603,2.04747930487247,3.70506121517812,0,1.22513382705197,0,0,0,0,0,1.98118089511598,3.26441101249642,1.06178446133841
SW00103,swab,1.87852688098995,0,3.01928764449035,2.9211885556631,3.34764085441852,3.75836941837133,5.40919889668532,3.44499665607859,1.12818856143495,5.8318894041728,3.21213058150582,0,1.80049303165508,3.15559419916989,3.5495601328925,3.93600252888639,0,1.94465224160391,2.24320858691812,0,4.3403719212627,2.2112146853624,2.13914926681209,0,0,1.58320379306756,1.41274542095872,4.12965423448197,2.61416385063751
SW00105,swab,0,0,0,3.47312073043628,1.81955310094718,4.80193413132341,5.53981405685187,3.97219230046443,1.46026231334638,5.63795082161621,3.6054221022544,0,3.040102798517,1.29163135804702,3.62402605598857,3.6054221022544,1.67604915388239,1.01224285804594,4.06581301818527,0,0,0,1.58142228377462,1.29163135804702,0,0,3.3278642895677,5.0581570285112,3.19082105885495
SW00108,swab,0,0,0,2.13814132206047,2.01425453679583,5.0997044659465,5.65748048646199,3.97700069117973,0,5.5846038735441,3.36560619946874,0,2.7641072804046,0,1.54545840318707,4.10813180504105,0,0,3.82300999687176,0,1.54545840318707,0,0,0,0,0,0,3.50617337378038,2.13814132206047
SW00110,swab,0,0,0,2.87200888547261,1.51686418243585,4.75743995319637,5.56614451752683,4.61157299573952,1.06539147305571,5.65903856619361,3.05201861682211,0,2.99055920305716,0,1.63848766579256,4.38504130552936,0,3.22524302213007,4.54274290507956,0,0,0,0,0,0,0,0,4.11837884994499,2.83314548570302
SW00120,swab,0,1.34607299112119,0.906437273892991,2.62809642560299,2.19413051046902,4.96343704094107,5.62186727319402,3.26077941762084,0,5.66624968297845,2.54911964298704,0,3.19750196418189,2.40692884674604,1.56002012089599,4.02010402953531,0,1.70271723748521,2.63525824666319,0,0,0,0,0,0,1.1796607837862,1.1796607837862,3.99166793035322,2.41878207863451
SW00123,swab,0,0,2.83666446310594,3.0181252748459,1.53502224866007,4.30156589516391,5.6160105124872,4.23977649666386,1.04074314276523,5.6549049947921,3.52402787150042,0,1.80773262018912,3.27444356016292,2.69330679288314,3.82477658666476,0,1.92529319617825,4.72683485310444,0,3.31054505974992,0,1.76022269937807,0,0,0.883985300088505,0,4.43307130598781,2.98351337042063
SW00124,swab,0,0,0,1.88813566404834,1.4221092082015,3.00238810236914,5.73267774030657,3.75761729057325,0,5.63327229109097,3.42046419778385,0,0,0,2.97402191313551,4.14377419314924,0,0,1.4221092082015,0,0,0,0,0,0,1.1372074178959,1.4221092082015,3.6772917995994,2.8453121307875
SW00131,swab,0,1.45018879208459,1.45018879208459,3.56495841146875,2.39051959907531,5.38076388459342,5.29226310794851,4.74985457238303,0,5.46765002676008,3.24766533435907,0,3.71789076278875,3.80932209069588,2.86646117666976,3.27358683412462,1.74344835967598,0,5.24668660521806,0,1.45018879208459,0,0,0,1.74344835967598,0,0,4.23867087082947,0
SW00133,swab,0,0,0,1.81472347848172,0,4.41172069834593,5.71826992233486,2.20865282693734,0,5.62785928683243,3.21482340658303,0,2.28738614914601,3.09839931484453,2.35401271009554,4.11980514089655,0,1.52029669184194,3.35227938316021,0,3.12010167415154,0,0,0,0,1.81472347848172,0,3.82092114271582,0
SW00137,swab,0,0,3.19077686413422,3.33263580639969,3.1526820790912,5.63742122688579,5.08789646491031,4.07924572711078,0,5.51993879454276,3.23905207924281,0,3.92185993274958,3.1605730542441,3.63356483749587,3.97653016385786,1.60304141307315,1.72526345679698,3.39158802678757,0,1.43233308309766,0,3.24230336755848,0,0,2.51422107329898,1.60304141307315,4.81131300447743,2.83159374087928
SW00142,swab,0,0,0,2.89836500662145,2.45999166391692,4.99283103122691,5.68630650857424,4.1618044595766,0,5.45488689201064,3.4363658014033,0,2.16046495140095,3.4586342456502,4.34074282480317,3.67605867722165,0,4.05236131861134,4.09198675583027,0,0,0,0,0,0,0,0,4.75734382911857,3.33374585952426
SW00144,swab,0,1.31089326231537,0,3.96814994593651,2.54564045852961,5.56878654464775,5.46145690548751,4.53031542794236,0,5.39913171690439,4.01303794486867,0,3.88742930876921,0,0,3.96951193708216,2.68796164412478,1.69590651213794,3.41477824260686,0,1.03058793119729,0,0,1.77362740965353,0,0,1.47985054113888,4.16739384166803,2.78121086528769
SW00147,swab,0,0,0,2.07035930622116,2.30290086732874,4.5118227174433,5.6198751449265,4.50531903303497,0,5.67438172051202,3.40070168130523,0,2.84542177476937,2.07035930622116,0,4.49848699688054,1.92570611888237,0,2.36953867018671,0,0,0,0,0,0,0,0,4.03316732700693,0
SW00153,swab,0,0,3.49753135985204,3.10827991024358,1.62695506942899,4.22244918825948,5.64580200271729,3.73227059359635,0,5.64881646673504,2.89588552753061,0,2.57198727984474,3.1152233978212,0,3.74859640857193,0,0,3.39127303347668,0,0,0,0,0,0,2.16363746249474,0,4.87438395557697,1.62695506942899
SW00155,swab,0,0,1.37058580962606,2.52905667166368,1.66226529368593,4.1797228055248,5.67248030370548,3.77088194662048,1.08767372215057,5.67892645230298,3.08443049959915,0,1.08767372215057,2.4671063324108,1.95854343871589,3.80506540674383,0,0,3.67912889154557,0,0,0,2.28336547928457,0,0,3.6560499709369,1.08767372215057,4.11364029877498,2.33143202876351
SW00156,swab,2.25605509258234,0,3.4012870911377,3.27953020444595,3.87829340791216,3.54717380271246,5.3875276379352,3.36192294635777,0.944320957005816,5.82970140809394,3.45316653513056,0,1.3872148531841,3.23261053870394,3.51322167060853,4.05778779546866,1.21993662909625,2.04200079829586,2.73780520774327,0,4.31188907798763,2.30902262289807,2.34105500279805,0,0,1.67924926217832,1.3872148531841,4.31370164249444,2.90948075762989
SW00159,swab,0,0,0,1.83432253592441,0.973615948207929,3.44349583733021,5.67715144229695,1.41882662253245,0,5.70634472673734,3.60162775560758,0,0,2.10434558771576,0,3.21512478513606,1.41882662253245,0,3.63079079817539,0,1.25093550169466,0,0,0,0,0,1.63400192646198,3.46779880870067,0.973615948207929
SW00168,swab,0,0,0,1.75530520461887,2.05250374793312,5.08196500121407,5.66980241571706,3.95850934793309,0,5.57308416022838,3.13264005348923,0,3.09038371698178,0,1.46183817474817,4.12694613765809,2.29388934123029,1.46183817474817,3.95380748440419,0,0,0,0,0,0,0,0,3.48414716415947,0
SW00169,swab,1.60341016493913,1.89899432883238,2.51804809004817,3.04000363536323,3.14421103779252,5.63444273999008,5.34549786710748,4.139516743104,0.945710276010876,5.47602138948162,3.32019842354216,0,3.86295480027482,3.24203301855629,2.67971808542753,3.66221198312174,2.82355073554788,2.41367189724292,3.50956375814795,0,3.37078556143546,1.22140953324242,0,2.17514429504341,0,0,1.50919767207713,3.92855982086309,2.10105438935426
SW00173,swab,0,0,0,1.75956213279676,0,2.83176234961201,5.72532356989966,2.23161743126075,0,5.62307681701128,3.83478977194613,0,0,2.29820009556242,0,4.12763685021009,0,1.75956213279676,0,0,1.75956213279676,0,0,0,0,0,0,4.43590391343411,2.15294544832473
SW00174,swab,0,0,1.99030051355228,2.34681716409699,4.05880684792548,4.3736260575521,5.42958722615978,3.73741518322389,0,5.81339117020519,2.9768874262736,0,2.63311226779906,2.1102626097873,3.70696661804937,3.75518473939152,0,0,2.55273384712772,1.05577969707187,2.80181565858363,0,2.37303113515501,0,0,0,0.649026508034607,4.39669150632764,3.03044536308663
SW00177,swab,0,0,1.88797342999073,2.46007670925473,2.11414716363501,4.67315126429126,5.56411462610253,3.44886245890725,2.57570758640223,5.74275592647864,3.10115507271719,2.02773839013258,2.95354744266334,3.19189756564446,2.40355911676167,3.82457973089623,0,2.21816638990632,3.3959128425906,0,1.38855658875227,0,1.10492460706772,0,0,0,1.73076363596865,4.20773203361712,1.26949497262353
SW00179,swab,0,0,0,2.11343060935978,2.36520742404511,4.46944882772634,5.65827391861771,4.28461567693196,0,5.65131507932417,3.46320851684921,0,2.83087384466535,1.52129047899835,1.58636515798986,4.41785296212102,0,1.69300085988887,4.09444768638737,0,1.06956514666198,0,0,0,1.23314405044258,0,1.23314405044258,3.65526990441517,2.86717239028575
SW00240,swab,0,0,0,3.26497938484238,1.37754710769916,4.31054908791048,5.89700625497482,2.33866689423248,0,5.22357981849422,2.36084371694914,0,2.42129469348611,2.31529640716404,0,3.85455254635001,0,0,1.90841149391757,0,1.09435275872989,0,0,1.09435275872989,0,0,0,3.56589139357041,3.98430497949107
SW00243,swab,0,0,0,0,1.75633250121696,3.4989140688281,5.64868038353358,1.46284775708729,1.63392344178741,5.72595519027988,3.10118053077617,0,1.46284775708729,3.46688837678067,0,3.25742370832153,1.46284775708729,0,2.72719214895308,0,0,0,0,0,0,0,1.46284775708729,3.19608846026568,4.04754584444815
SW00244,swab,2.12911877885321,0,3.32336759677534,1.53663055442533,4.21669402639113,4.05788485537672,5.48968208070618,4.08376317541748,0,5.79640558065967,2.9392938211413,0,2.30413336818358,3.51517945219184,3.26441973735184,3.44825476512017,1.53663055442533,2.75503372786521,1.83130286922792,0,0,0,1.83130286922792,0,0,0,0,4.07040033296388,3.22305067615706
SW00247,swab,0,0,2.98753967220267,2.4911716954099,2.9162635662062,4.06245584180085,5.82562742617296,4.18461030204003,0,5.45326489722967,2.4911716954099,0,2.24918354886727,2.72467052388401,1.19611616414211,3.95292681031093,1.19611616414211,0,3.4599552701358,0,0,0,0,0,0,1.48309721560472,1.19611616414211,3.61325859717147,2.86710873674276
SW00248,swab,0,0,0,2.7151639985644,0.989001595137642,3.71543586465808,5.67832559408875,4.10118501970565,0,5.64293599713234,3.89349485588083,0,0.653209895957115,3.48322722223917,2.09166361907979,4.48747439077926,0,4.16667091479169,2.20479469342498,0,0,0,0.439330551980158,0,0,0.795877190099707,1.22401164654585,3.84046344540986,3.27829284409541
SW00250,swab,0,0,0,1.06129828368649,0,3.82194168828406,5.65342350970014,3.70856812211318,0,5.72020927739805,3.27493057347637,0,1.87280503783142,0,1.06129828368649,3.94410255931719,0,0,1.93006878034353,0,0,0,0,0,0,0,1.34305039731898,3.32308332479575,0
SW00259,swab,0,0,3.08851112741901,2.8881539610182,0,4.58939607679826,5.65376298145011,3.86238325753154,3.03814521807161,5.62999338190825,3.80923251550035,0,2.56843131936491,3.83662048034157,0,4.21431023508365,1.71049699353339,0,2.22741413999188,0,0,0,0,0,0,0,0,4.63172471335221,2.73079185313116
SW00262,swab,0,0,0,1.77528690334724,0.875740020413424,3.20666332996412,5.69278173003854,1.72504419452145,0,5.69460804732325,2.62763465433165,0,1.43211787318612,3.39479643444926,1.60282351843658,3.18319722547277,1.14685523477568,1.89840027470093,1.72504419452145,0,0,0,0,0,0,0,0,3.41592313848232,3.49235462032866
SW00265,swab,2.02197553052595,0,3.11280040314144,2.05785728497629,4.02031636709788,3.74289346262197,5.43784906858213,3.97504300306389,0.742726020706555,5.83359890931879,3.21746397208078,0,1.16405630321454,3.41593383175936,1.16405630321454,3.78938928364502,1.83853534050271,2.27121517713192,1.74319714757398,0,1.00259895853139,1.77735538069293,2.60656515740126,0,0,0,1.00259895853139,3.78034936618342,1.00259895853139
SW00268,swab,0,0,3.41634574190577,2.35091939883207,3.60779209605645,4.34757833526294,5.68091952058886,4.03631150302442,0.744925800984974,5.66211968566346,2.74946222633548,0,2.40087477660234,3.30442095303272,1.81166413777752,4.07894023274836,1.57362275953432,2.02463397799448,2.31410787136431,0,1.28403284111567,0,0,0,0,0,1.89480093428579,3.70262443844286,2.81174198341106
SW00288,swab,0,0,0,4.23272256619707,3.18290340499636,5.23291463640001,5.31098377330356,3.69828479906921,0,5.53981299968031,3.62641845076899,0,3.432656162458,2.62734133419489,3.8669240404158,3.52953409991087,3.30777087984447,3.44601526423565,3.56093361242194,0,0,0,0,0,0,0,0,5.35726138819133,0
SW00302,swab,0,0,0,2.30391111287248,1.61348497112624,3.40458208021742,5.66794830370955,3.59263595428929,0,5.65517850652777,3.63090895029417,0,1.15701573037986,3.18663787996939,1.83108279950363,4.76545003048617,0,2.33180499588577,3.7740904438973,0,0,0,0,0,0,0,0,3.58966208550034,3.18663787996939
