Sample_ID,sample_type,Acholeplasmatales,Acidimicrobiales,Actinomycetales,Aeromonadales,Alteromonadales,Anaeroplasmatales,Bacillales,Bacteroidales,Bifidobacteriales,Burkholderiales,Campylobacterales,Cardiobacteriales,Caulobacterales,Chromatiales,Clostridiales,Coriobacteriales,Deferribacterales,Deinococcales,Desulfobacterales,Desulfovibrionales,Enterobacteriales,Erysipelotrichales,Fibrobacterales,Flavobacteriales,Fusobacteriales,Hydrogenophilales,Lactobacillales,Legionellales,Mycoplasmatales,Myxococcales,Neisseriales,Nitriliruptorales,Oceanospirillales,Pasteurellales,Pseudomonadales,Puniceicoccales,Rhizobiales,Rhodobacterales,Rhodocyclales,Rhodospirillales,Selenomonadales,Sphingobacteriales,Sphingomonadales,Spirochaetales,Synergistales,Thermales,Thermomicrobiales,Thermotogales,Verrucomicrobiales,Victivallales,Xanthomonadales
ST00001,stool,0,0,1.74249841132124,0,0,0,1.74249841132124,5.50031334696571,0,1.74249841132124,1.74249841132124,0,0,0,5.80696657705275,3.37820344227349,0,0,0,0,3.85848073771819,4.16916725646884,0,0,0,0,3.03599886014337,0,0,0,0,0,0,0,0,0,0,0,0,0,4.22173337402502,0,0,0,0,0,0,0,1.74249841132124,0,0
ST00003,stool,0,0,0,0,0,0,1.87026913908014,5.62780349031357,2.04440438594801,3.59283917315654,1.57505487110687,0,0,0,5.70535916672702,4.24821436296834,0,0,1.57505487110687,4.02277817788614,2.74022633035385,4.02277817788614,0,1.57505487110687,0,0,2.41013488791222,0,0,0,0,0,0,0,1.87026913908014,0,2.56452982898139,0,0,0,4.33568623427087,0,0,0,1.57505487110687,0,0,0,3.27957602501557,2.51890384461755,0
ST00005,stool,0,0,2.56501254770776,0,0,0,3.43365477965226,5.58427533616729,1.68558424067609,3.23652046573342,2.01177350881802,1.16335235563951,0,0,5.70257637775099,3.65760510720845,0,0,0,2.28087339507647,3.49527454136577,4.06548292544517,0,0,1.44921308709507,0,4.37052935805716,0,0,0,1.16335235563951,0,0,2.35188452576128,1.16335235563951,0,1.3293898694551,0,0,0,4.80299574461222,1.54302461407753,0,0,0.891158306355626,1.87860923649964,0,0,1.16335235563951,0,0
ST00006,stool,0,0,1.93474319120325,0,0,0,0,5.65110713104064,0,4.48838922062372,0,0,0,0,5.67207834880074,3.58299251942244,0,0,0,3.26234244772367,0,4.195690590912,0,1.63873118459472,0,0,3.06037840242349,0,0,0,0,0,0,0,0,0,2.10914881965324,0,0,0,4.45731159737863,0,0,0,0,0,0,0,0,0,0
ST00008,stool,0,0,0,0,0,0,1.49986392060286,5.79658742977765,1.21235901898073,4.83167613437398,0,0,0,0,5.36030077085249,2.92575230862296,0,0,0,3.5705970671742,2.09149629592589,3.18079574594283,0,0,1.79397006514164,0,1.49986392060286,1.49986392060286,0,0,0,0,0,0,0,0,1.79397006514164,0,0,0,4.84716573711091,0,0,0,0,0,0,0,2.03400662077112,0,0
ST00009,stool,0,0,2.54302337621251,0,0,0,2.33964905090721,5.73778192900409,0,1.64855406884313,0,0,0,0,5.51421336798967,4.60718145366164,0,0,0,3.36315189083807,3.37126629575835,4.52912163677587,0,1.94467893471714,0,0,3.07042098256298,0,0,0,0,0,0,0,0,0,1.64855406884313,0,0,0,4.65905857959615,0,0,0,0,0,0,0,1.64855406884313,0,0
ST00015,stool,0,0,1.92243214408228,0,0,0,2.64519157877177,5.83549305810829,0,4.24527298473363,1.16949559484913,0,0,0,5.36023871264852,3.26639743207074,0,0,0,0,3.32110837136073,3.09365010124227,0,1.45557310068274,0,0,3.46758500471227,0,0,0,0,0,0,0,0,0,0,0,0,0,4.77695447218007,0,0,0,0,0,0,0,0,0,0
ST00016,stool,0,0,1.92660765766472,0,0,0,1.8033797229299,5.85853272912129,0,0,0,0,0,0,5.40441686756321,3.01439998224824,0,0,0,1.8033797229299,4.20192626902576,3.23344208858551,0,1.05810111393929,1.05810111393929,0,2.58766994438121,0,0,0,1.33970755167542,0,0,0,0,0,1.50912632774739,0,0,0,3.69053088388392,0,0,0,0,1.33970755167542,0,0,0,0,0
ST00017,stool,0,0,2.79414217415628,0,0,0,3.90744105717559,5.09447744545,0,3.39567860705818,0,0,0,0,5.87153869008295,4.9173008508199,0,0,0,3.49255369371935,0,3.83490016185194,0,0,0,0,4.19141191486643,0,0,0,0,0,0,0,0,0,3.83490016185194,0,0,0,3.69662128158788,0,0,0,2.79414217415628,0,0,0,0,0,0
ST00018,stool,0,0,2.48259999092003,0,0,0,3.00447693126575,5.50194498800061,0,4.05233291054587,0,0,0,0,5.72252862918661,3.85229702126099,0,0,0,2.65821448820429,0,4.82899228394727,0,0,1.71153806479081,0,4.54219302739331,0,0,0,0,0,0,0,0,0,1.41886527198851,0,0,0,4.30073379820652,0,0,0,0,1.41886527198851,0,0,4.07688441191297,0,0
ST00019,stool,0,0,0,0,0,0,2.40026890820462,5.83067337363695,1.70815603285358,4.05467407039959,0,0,0,0,5.37115876124379,3.53538475016189,0,0,0,3.18415170813164,1.41554794570018,3.84420395215651,0,0,0,0,2.44150448428841,0,0,0,0,0,0,0,0,0,1.70815603285358,0,0,0,4.8042321775856,0,0,0,1.70815603285358,0,0,0,2.10096337160034,0,0
ST00021,stool,0,0,2.06041637440614,0,0,0,2.64119082321643,5.46827015329552,2.51026195108289,3.44888589738089,1.30076026110706,0,0,0,5.80213879295844,4.38907710579724,0,0,0,3.01128678440433,0,4.28581310775842,0,1.59078795399554,1.30076026110706,0,3.36501693536259,0,0,0,0,0,0,0,0,0,3.04970917431069,0,0,1.30076026110706,4.19071971660978,1.30076026110706,0,0,0,0,0,0,3.64405622749221,0,0
ST00023,stool,0,0,2.90755945309823,0,0,0,3.08796837874187,5.54242825582813,2.10427130341949,3.95882485235455,1.13397556342678,0,0,0,5.72252774406785,4.42245668559468,0,0,0,3.06026142054346,3.10977943044641,3.86357986153753,0,0,1.58929087674935,0,4.09563362834536,0,0,0,0,0,0,2.27922241323263,0,0,0,0,0,0,4.80085976840739,0,0,0,0,0,0,0,1.80664390540986,0,1.41875460390478
ST00026,stool,0,0,3.30318502802277,0,0,0,3.71650450657156,5.53803927906384,0,3.40787407484723,0,0,0,0,5.67571449525548,4.1592334079551,0,0,0,3.19127481463362,0,4.27019970136231,0,1.96527632722736,2.26394770949235,0,4.10979906258862,0,0,0,0,0,0,0,0,0,2.91531684911579,0,0,0,5.0741590333421,1.96527632722736,0,0,2.66046637701689,0,0,0,3.52887646551587,0,0
ST00027,stool,0,0,2.39594819508606,0,0,0,3.01786579750941,5.08422187397447,0,3.59296748763036,0,0,0,0,5.88246870057507,4.71807843443936,0,0,0,3.82239968568622,2.54157732617344,3.79220960701052,0,2.00061807385813,0,0,4.50681803723347,0,0,0,0,0,0,0,0,2.00061807385813,3.61961308290471,0,0,0,3.576158365074,0,0,0,2.54157732617344,0,0,0,3.63484945383117,2.17526133218007,0
ST00028,stool,0,0,2.27787379838554,0,0,0,2.24029340538588,5.74555959543222,2.01353962470677,4.17506206678882,1.22318320333351,0,0,0,5.50121100870677,3.87497239645846,0,0,0,1.94175367251325,1.22318320333351,4.10865197041096,0,0.947383647198216,1.7482876662266,0,4.3440920853832,0,0,0,0,0,0,2.93329928339975,0,0,2.01353962470677,0,0,0,4.82744025401911,0.947383647198216,0,0,0.947383647198216,0,0,0,1.7482876662266,0,0
ST00030,stool,0,0,2.65294527154641,0,0,0,3.00895147005729,5.82993517801687,0,3.75678989222338,0,0,1.91690660260366,0,5.42041642886844,3.12942225334634,0,0,0,3.84109736036603,1.62110371565704,4.50822638564237,0,0,1.62110371565704,0,3.46806615471065,0,0,0,0,0,0,0,0,0,2.3905078361854,0,0,0,3.98537908300103,0,0,0,0,0,0,0,1.62110371565704,0,0
ST00031,stool,0,0,0,0,0,0,1.59868882939285,5.71903366153358,2.28881583699031,4.10085869053969,0,0,0,0,5.53947947116215,3.67405848729506,0,0,0,2.43430528624071,4.0845720543046,3.76665793720235,0,0,4.57972957817204,0,4.50982636400692,0,0,0,0,0,0,0,0,0,0,0,0,0,4.37720559383068,0,0,0,1.59868882939285,0,0,0,0,0,0
ST00035,stool,0,0,3.30973201802183,0,0,0,3.42123434226704,5.34040984097456,1.86828296562079,4.55114895816397,0,1.19222454875332,0,0,5.78096872926636,4.4917846901665,0,0,0,3.1765176572384,1.77284088880934,4.61303432768138,0,1.19222454875332,1.19222454875332,0,4.39843160260975,0,0,0,0,0,0,3.91240708972435,0,0,2.44371092422575,0,0,0,4.46983083998916,0,1.47907705846053,0,0,1.47907705846053,0,0,2.01272726180423,0,0
ST00039,stool,0,0,0,0,0,0,3.45857186424182,5.5690116379362,0,4.15742098623353,0,0,0,0,5.59196077570515,4.30354038617097,0,0,0,0,0,4.36152963444444,0,0,0,0,5.06048452572694,0,0,0,0,0,0,0,0,0,0,0,0,0,4.78064724760769,0,0,0,3.45857186424182,0,0,0,0,0,0
ST00040,stool,0,0,4.07575719314249,0,0,0,4.07575719314249,5.60720070394189,0,0,0,0,0,0,5.73847933867846,0,0,0,0,0,0,0,0,0,4.07575719314249,0,4.07575719314249,0,0,0,0,0,0,0,0,0,0,0,0,0,0,0,0,0,0,0,0,0,0,0,0
ST00041,stool,0,0,2.52279271481431,0,0,0,2.2230639095156,5.83646087795014,0,1.62873023956163,0,0,0,0,5.40287398855991,3.60527714718403,0,0,0,3.48777062815397,2.82317065043263,4.25989561039475,0,0,0,0,3.09586729244203,0,0,0,0,0,0,3.31757671140502,0,0,1.62873023956163,0,0,0,4.49231320416887,0,0,0,0,0,0,0,0,0,0
ST00042,stool,0,0,3.45857186424182,0,0,0,3.56120239825772,5.42047589051363,2.76020576744256,3.99418074355955,0,0,0,0,5.75442818983015,4.36152963444444,0,0,0,3.37942083352372,2.827044778013,4.04952411378176,0,0,0,0,4.41588507429215,0,0,0,0,0,0,2.28459061778898,0,0,2.28459061778898,0,0,0,4.93843270343471,0,0,0,0,2.5844915245996,0,0,2.88495587313882,0,0
ST00044,stool,0,0,2.19326175973554,0,0,0,2.98679769209497,5.68940976856362,1.02900125915036,4.79158569368879,1.5994717068239,0,0,0,5.46190623451755,2.83208756095601,0,0,0,0,5.1698503094395,2.96454485987673,0,0,1.69419175509227,0,2.71147039688383,0,0,0,0,0,0,0,0,0,1.69419175509227,0,0,0,3.90808990587081,0,0,0,0,0,0,0,0,0,0
ST00045,stool,0,0,2.1677293979389,0,0,0,2.5932010534074,5.90289056115075,0.919443011516602,4.55421175968125,0,0,0,0,5.10854996364664,3.36839459385925,0,0,0,0,2.79639845636868,2.68418128669915,0,0.667778648122646,0,0,3.04166898564793,0,0,0,0,0,0,1.07774808632683,0,0,1.07774808632683,0,0,0,4.49173173193747,0.667778648122646,0,0,0,0.919443011516602,0,0,0,0,0
ST00046,stool,0,0,2.29607726367743,0,0,0,2.49157249067639,5.76817818975281,0,4.52524861897043,0,0,0,0,5.4958538615015,3.73441464105569,0,0,0,3.4873401400934,3.27508265334215,3.35070168710212,0,1.46396150415098,0.904507153413397,0,4.29451733447015,0,0,0,0,0,0,2.08078701907202,0,0,0,0,0,0,4.52946167945254,0.904507153413397,0.904507153413397,0,0.904507153413397,0,0,0,1.63505010907143,0,0
ST00047,stool,0,0,2.7522399351795,0,0,0,2.59766713212292,5.37140048772716,0,3.71847752364257,1.88214428127778,0,0,0,5.71320917605916,4.08863268533654,0,0,0,0,2.05633240358116,4.96036472535356,0,0,0,0,5.10628680669094,0,0,0,0,0,0,0,0,0,1.75910037799441,0,0,0,4.01946599546227,0,0,0,0,0,0,0,0,0,0
ST00050,stool,0,0,1.67018865002943,0,0,0,2.408472466267,5.70790464972087,1.43405617185715,4.01632774164112,1.14872457282653,0,0,0,5.5000349731651,3.36977740820459,0,0,0,2.51600468121924,3.62671586003137,3.69945719122092,0,0.877485180200309,4.95537253507566,0,4.35000839037157,0,0,0,0,0,0,2.57274694619687,0,0,2.49833106366154,0,0,0,4.57296474672493,0,0,0,0,0,0,0,0.877485180200309,0,0
ST00051,stool,0,0,1.68422179679638,0,0,0,2.279489509527,5.55664159684978,0,4.36090226911259,0,0,0,0,5.76046862812914,3.73591923416363,0,0,0,3.67523335984735,1.68422179679638,4.05899489254722,0,0,0,0,2.99779762849011,0,0,0,0,0,0,1.98073543047892,0,0,2.87983470200937,0,0,0,4.18571494137395,0,0,0,2.57937705860501,0,0,0,3.09046773083521,0,0
ST00053,stool,0,0,2.22144968073538,0,0,0,2.60013682319021,5.6046911466934,0,4.56146561903422,0,0,0,0,5.6989421193745,4.06458910261028,0,0,0,3.21032739532414,0,4.26884989754278,0,0,1.70461440277638,0,3.42582247703451,0,0,0,0,0,0,2.26260519547221,0,0,2.06766406862912,0,0,0,4.41002200636949,0,0,0,1.24431074618099,0,0,0,1.92302004701115,0,0
ST00054,stool,0,0,3.55399853207445,0,0,0,4.20491788019225,4.87829016471024,3.02477831552868,3.27863004618593,0,0,0,0,5.71917636105556,4.2845842069693,0,0,0,3.53034140545024,0,4.8834040612097,0,1.44902845170192,0,0,3.98112337137582,0,0,0,0,0,0,0,0,0,2.38932143577688,0,0,2.03934828402509,3.9505478727693,0,0,0,1.91572979226931,2.83188337391087,0,0,5.41385371892175,0,0
ST00056,stool,0,0,2.82504921057906,0,0,0,2.92404806470945,5.44215339158894,0,3.59328067104182,0,0,0,0,5.75727660870796,3.75060741033557,0,0,0,3.22922584178674,1.54687133046459,4.35655156800554,0,1.25799816599692,0,0,4.03064239731083,0,0,0,0,0,0,2.23586475435361,0,0,2.0820427419736,0,0,0,5.01271861289783,0,0,0,2.86739261462255,1.71883349678552,0,0,3.01190838773581,0,1.54687133046459
ST00057,stool,0,0,2.98406406901225,0,0,0,3.16454962463313,5.36407398202909,0,2.87570001672458,1.04675024942549,0,0,0,5.72705786793173,4.92991550749398,0,0,1.04675024942549,3.49738958324408,2.30905665571482,5.09182566431641,0,1.91430249479093,1.49706264834881,0,3.82352028040415,0,0,0,1.49706264834881,0,0,1.04675024942549,0,0,2.15506732517189,0,0,0,4.11414975253522,0,0,0,2.21267924292118,1.32783033994745,0,0,1.49706264834881,0,0
ST00059,stool,0,0,1.7907945975171,0,0,0,2.62982424609497,5.81844255151749,0,4.20615920566557,1.32751162541086,0,0,0,5.45161218307794,2.74669684261795,0,0,0,3.77055191283124,0,3.52682247529846,0,1.4967388584022,0,0,3.86415184239113,0,0,0,1.61820446637613,0,0,0,0,0,1.32751162541086,0,0,0,4.39774179136522,0,0,0,0,0,0,0,0,0,0
ST00060,stool,0,0,2.4112919113965,0,0,0,2.27362047283575,5.73323191317344,0,0,1.67844444510125,0,0,0,5.55227909095276,3.53565523206637,0,0,0,3.11673145643141,0,4.86055860818072,0,0,0,0,3.04070484470305,0,0,0,0,0,0,0,0,0,1.85148962798489,0,0,0,4.28416115470239,1.38642654988907,0,0,1.85148962798489,0,0,0,3.60384795557623,0,0
ST00062,stool,0,0,2.27819917314913,0,0,0,1.88367868735691,5.43166706126197,0,3.77840390733229,1.58828873644091,0,0,0,5.84132782426823,3.70412507749462,0,0,0,2.75379195444571,1.88367868735691,3.74136608000955,0,0,1.58828873644091,0,2.83284558455654,0,0,0,0,0,0,1.88367868735691,0,0,3.39002474228337,0,0,0,4.04679544759746,0,0,0,2.53245329391176,0,0,0,3.53610222846918,2.27819917314913,0
ST00063,stool,0,0,1.02639371127514,0,0,0,2.38321307275582,5.45940630555916,0,4.03117685731525,0,0,0,0,5.82379231514756,3.78494721422833,0,0,0,3.07725759584651,0,4.03427868625243,0,1.02639371127514,1.59666678721895,0,2.74013785016154,0,0,0,0,0,0,0,0,0,2.67458804071159,0,0,0,4.18544364026016,1.02639371127514,0,0,0,0,0,0,0,0,0
ST00064,stool,0,0,2.00429270844517,0,0,0,2.42756544672659,5.74405609389417,0,4.09342775783293,1.70754179180237,0,0,0,5.57189445140004,2.65414765407481,0,0,0,3.90761526362893,0,3.87701588215416,0,0,1.70754179180237,0,4.32013811463907,0,0,0,1.70754179180237,0,0,2.76663175892244,0,0,0,0,0,0,4.33578319515717,0,0,0,0,0,0,0,1.24712730172473,0,0
ST00065,stool,0,0,2.37732083247614,0,0,0,1.50836668069282,5.58990804250364,1.13017797766209,3.81364618680387,0,0,0,0,5.72431835897103,3.70961037816458,0,0,0,2.26050020387193,0,4.51139428140119,0,0.860192961727819,1.58529684411812,0,4.17195284227492,0,0,0,0,0,0,2.42061300170231,0,0,1.29540736433243,0,0,0,4.30828410928999,0.860192961727819,0,0,1.41481156406659,0,0,0,2.94542360126774,0,0
ST00067,stool,0,0,2.56055999990288,0,0,0,2.33950692426386,5.63803902171742,1.6931950689564,4.09679778690872,0,0,0,0,5.69027707720049,3.53873416302279,0,0,0,3.09962124420068,2.23092990220961,3.53873416302279,0,0,1.40087922032475,0,4.15045907026694,0,0,0,0,0,0,3.83665409469111,0,0,1.40087922032475,0,0,0,4.50746404515122,0,0,0,0,0,0,0,2.83107177970883,0,0
ST00069,stool,0,0,2.9206332800517,0,0,0,3.13644811490334,5.68156838078588,0,4.25837063170201,1.2897759463157,0,1.2897759463157,0,5.62917989148828,3.84674448539491,1.75178062366392,0,0,3.74913516301715,2.93485690026018,4.41490110448983,0,1.92530049543388,2.52347463205737,0,3.82024082486819,0,0,0,1.01047782172703,0,0,0,1.75178062366392,0,2.45874362879573,0,0,0,4.40883589268201,2.17291544752657,2.11533995027639,0,2.65702288506011,0,0,0,2.24708831420123,1.57951812251418,0
ST00070,stool,0,0,2.40972379354603,0,0,0,2.61151367426227,5.61155669429432,1.98656375357838,4.07668506379744,0,0,0,0,5.6411816576951,3.91534799326513,0,0,0,3.5221037106207,2.28534825044035,3.48848161886346,0,0.95405571652588,0.95405571652588,0,4.85144561565304,0,0,0,0,0,0,0,0,0,1.61257883580527,0,0,0,4.71008496651876,0,0,0,0,0,0,0,3.5513618850246,0,0
ST00075,stool,0,0,3.16250621669697,0,0,0,3.16568569497047,5.11419428795878,2.07374144837392,3.61872257682154,1.06753174306907,0,0,0,5.7321713050612,4.58329009832246,0,0,0,2.86810637289854,2.6424427921176,4.01143416673208,0,0,1.5191343197306,0,5.29993126351693,0,0,0,0,0,0,0,0,0,1.87953590618816,0,0,0,4.86664139841309,1.06753174306907,0,0,0,1.73569433605892,0,0,1.5191343197306,0,0
ST00076,stool,0,0,2.18957910932364,0,0,0,2.82247757653243,5.35581666708266,0,2.66100705583788,0,0,0,0,5.76300832126267,4.07757345634231,0,0,0,3.67115569376534,3.06824878368749,4.78515765208027,0,0,1.11848654256337,0,3.25946500768519,0,0,0,0,0,0,1.79016928547789,1.32690593778971,0,2.69243856898375,0,0,0,5.04547843766286,0,0.702910174863796,0,2.18957910932364,1.11848654256337,0,0,0,0,0
ST00077,stool,0,0,2.96239806223845,0,0,0,3.41634914330834,5.3425826486192,1.63628446896257,4.33542215255469,1.46518174682586,0,0,0,5.83031156096675,4.02872073277137,0,0,0,4.01710899059466,0,4.25283885964028,0,1.17878250325502,3.97057088020628,0,3.72543395698842,0,0,0,0,0,0,0,0,0,2.83089363409869,0,0,1.17878250325502,3.93545772718661,1.17878250325502,1.46518174682586,0,1.46518174682586,0,0,0,4.178423451496,0,0
ST00078,stool,0,0,2.7016709244352,0,0,0,2.86888569860408,5.64542113334419,2.0760783847841,3.79471007562763,2.42623112782763,0,0,0,5.67431595118591,4.01940273607051,0,0,0,2.77212249883248,2.58543087537582,3.33978831299947,0,0,2.2509529175473,0,4.29123814006574,0,0,0,0,0,0,2.67539593260503,0,0,2.58543087537582,0,0,0,4.61927936871502,0,1.4848182027456,0,0,1.4848182027456,0,0,3.26993181886592,0,0
ST00081,stool,0,0,2.51000248875874,0,0,0,2.95407789239786,5.77026174963967,1.84588903539898,4.5380546794841,0,0,0,0,5.44564012019908,3.12628311367178,0,0,0,3.80507808981346,2.36441095778419,3.45959105145454,0,0,0,0,2.90713649563114,0,0,0,0,0,0,0,0,0,2.79459154427156,0,0,0,4.91992238891142,0,0,0,0,0,0,0,2.74352613006141,0,0
ST00082,stool,0,0,1.99742318759593,0,0,0,2.3168457500059,5.65886351871325,1.94154818448285,3.92175485389858,0,0,0,0,5.70343947966738,3.2311497844206,0,0,0,2.68649461114345,2.04692203432362,4.20686844585069,0,1.47425219376971,0,0,3.55442940232383,0,0,0,0,0,0,1.47425219376971,0,0,0.76345876112697,0,0,0,3.88964137472425,0,0,0,0,0,0,0,2.59882759032063,0,0
ST00083,stool,0,0,2.15481298296029,0,0,0,2.37888976430069,5.56068759447571,0,4.19412858471903,0,0,0,0,5.76687033447698,3.77009269330702,0,0,0,3.44594226609831,1.66637681995957,3.81609373640789,0,1.09153437081486,3.10441123428559,0,3.39148767879528,0,0,0,0,0,0,0,1.37461016396025,0,3.21347981127189,0,0,0,4.15697237374861,0,0,0,0,0,0,0,2.84080845762459,0,0
ST00084,stool,0,0,3.03693590362954,0,0,0,2.83305518643956,5.29765313545021,0,3.94640934031154,0,0,0,0,5.83553320337075,4.425719214763,0,0,0,2.7363046105411,2.7363046105411,3.79627410902023,0,0,0,0,4.55009959248381,0,0,0,0,0,0,0,0,0,3.13376613218036,0,0,0,4.53486006297238,0,0,0,2.43607092362287,0,0,0,2.91213010855363,0,0
ST00085,stool,0,0,2.41295461935193,0,0,0,2.94536862379831,5.64577039726407,2.47966160767486,4.14537035409343,0,0,0,0,5.70453993033247,3.38342415874377,0,0,0,3.36570287597962,1.52145559118089,3.9630753819458,0,1.06972088225623,0,0,3.31682873054793,0,0,0,0,0,0,2.23770162368204,0,0,2.68517204976843,0,0,0,4.27486696100683,0,0,0,0,0,0,0,2.41295461935193,0,0
ST00086,stool,0,0,1.88275737606066,0,0,0,2.57715226056148,5.68287235581024,0,3.63300687916674,2.65614182668145,0,0,0,5.55727694632033,3.47923498279635,0,0,0,4.05316059223285,2.83191343107171,4.57076952318014,0,0,3.66245522854508,0,3.46824329237567,0,0,0,0,0,0,0,0,0,2.83191343107171,0,0,0,4.96232622036814,0,0,0,0,0,0,0,0,1.88275737606066,0
ST00088,stool,0,0,3.20865281764152,0,0,0,3.35266605727101,5.47936968537095,2.42469076687951,4.17971910507456,0,0,0,0,5.80428740705036,3.62727672747172,0,0,0,3.3040835554064,2.37911472771163,4.30073525788436,0,1.7322057183837,0,0,3.45662982478207,0,0,0,0,0,0,1.43914807205306,0,0,2.37911472771163,0,0,0,4.07533713927244,1.90560667071489,2.27048827348961,0,0,1.43914807205306,0,0,1.7322057183837,0,1.90560667071489
ST00091,stool,0,0,2.11067245645345,0,0,0,0,5.65788952444597,0,3.28361071400132,0,0,0,0,5.64962171808087,3.90668775393238,0,0,0,0,0,4.27463377302466,0,0,0,0,4.71902496419142,0,0,0,0,0,0,0,0,0,2.88600962391545,0,0,0,4.21790936839669,0,0,0,0,0,0,0,2.41001619142417,0,0
ST00092,stool,0,0,2.89258380964063,0,0,0,3.06678463867666,5.42921071933993,0.747219419272719,4.00047650112732,1.57634358299091,0,0,0,5.73145623234913,4.1999281116457,0,0,0,3.25288565009049,2.18295162284866,3.71665763286001,0,0,1.51999419566164,0,4.97483837708615,0,0,0,0,0,0,3.0083575712337,0,0,1.51999419566164,0,0,0,4.79249781608607,0,1.28668314444549,0,1.37908098911955,0,0,0,0.747219419272719,0,0
ST00093,stool,0,0,2.53206693551984,0,0,0,2.62025379421224,5.73693251238333,1.19313736125757,3.03692184745525,0,0,0,0,5.59353625809053,3.73411306970221,0,0,0,2.1564112392136,1.86924517251006,3.17325818697138,0,1.28444366249715,0.919090086440219,0,3.99803526801677,0,0,0,0,0,0,0,0,0,0.667463657285676,0,0.667463657285676,0.667463657285676,4.63401453403623,0,0.667463657285676,0,0,0,0,0,1.86924517251006,0,0
ST00094,stool,0,0,2.61764526192961,0,0,0,2.86386345690151,5.57242687732859,0,3.75543974397261,0,0,0,0,5.73470637689176,3.98825222535598,0,0,0,3.31063934482387,0,4.79524193990881,0,2.29146312856949,0,0,3.21891894396515,0,0,0,0,0,0,0,1.69601210696079,1.40364047510347,2.08867301022482,0,0,0,2.42915999414379,1.69601210696079,0,0,1.99264731645901,0,0,0,0,0,1.40364047510347
ST00095,stool,0,0,2.41067338909325,0,0,0,2.64405311574573,5.31716374272316,0,2.92612804266585,0,0,0,0,5.87396266610062,4.09667422306071,0,0,0,3.48310597970412,2.64405311574573,3.28838457031591,0,0,0,0,3.29649832046459,0,0,0,1.87080245795755,0,0,1.87080245795755,0,0,2.60635415190641,0,0,0,4.00326088080078,0,0,0,2.51944281132605,0,0,0,4.07713904363137,0,0
ST00100,stool,1.27629192650189,0,2.10122540103223,0,0,0,2.48454802193594,5.46876182918309,1.73781123615328,4.30346156623091,0,0,0,0,5.81899394135685,3.82094098085707,0,0,0,3.28228422321674,2.10122540103223,3.48070396483031,0,2.20960475161069,0,0,3.1394794962751,0,0,0,0,0,0,1.27629192650189,0,0,3.28632210170458,0,0,0,3.94556981130488,1.56567332383359,0,0,2.33387290169992,0,0,0,3.23065268886819,0,0
ST00101,stool,0,0,2.35263656704933,0,0,0,2.87416348406365,5.79587292142301,0,2.21863858439992,0,0,0,0,5.48275164179852,3.51716754806609,0,0,0,3.00112102792992,2.79855328131848,4.69234524848042,0,0,0,0,3.21230577965796,0,0,0,0,0,0,0,0,0,2.02384141131258,0,0,0,3.21230577965796,0,0,0,2.02384141131258,0,0,0,4.09110199545488,0,0
ST00103,stool,0,0,3.17502654233475,0,0,0,3.17502654233475,5.40454769887384,2.87428669006625,3.87376429230947,2.57383640032306,0,0,0,5.66854359874639,4.12901098370391,0,0,0,0,0,4.3130600251277,0,0,0,0,3.91515169751571,0,0,0,0,0,0,0,0,0,3.05018454173087,0,0,0,5.23069016356212,0,0,0,0,0,0,0,4.74000145129684,0,0
ST00105,stool,0,0,0,0,0,0,2.0394620900344,5.72945309716326,0,4.31639034370414,0,0,0,0,5.59740012632134,3.24990380436915,0,0,0,3.57025556579471,3.81188303916486,3.84594063347777,0,0,0,0,2.96536767684974,0,0,0,0,0,0,0,0,0,0,0,0,0,4.42808140548404,0,0,0,0,0,0,0,2.58068819782492,0,0
ST00109,stool,0,0,2.66042351022727,0,0,0,2.23603391471378,5.50470189836042,0,4.25333716168091,1.59156000002535,0,0,0,5.78198338798839,3.67902669454379,0,0,1.30151301072237,3.63919719196229,2.55921558890068,3.96861756847285,0,1.68623968370992,0,0,3.42864302645878,0,0,0,0,0,0,1.30151301072237,0,0,1.59156000002535,0,0,0,4.42849732743505,0,0,0,3.2038130199927,0,0,0,3.80695966593113,0,0
ST00111,stool,0,0,1.97679412838847,0,0,0,2.8667257676535,5.54497421852989,0,4.03166604320738,0,0,0,0,5.72943976800739,4.66283692922921,0,0,0,2.95039919503354,2.10058602326921,4.26960753366272,0,1.22096579383641,0,0,3.43224388453228,0,0,0,1.68032145278625,0,0,1.22096579383641,0,0,3.26615460285191,0,0,0,3.75282253426962,4.26814534003057,0,0,2.04308595076811,0,0,0,3.80794663772936,2.5569712543826,0
ST00112,stool,0,0,1.75651592728362,0,0,0,2.41950350288839,5.66106354207139,0,3.77421944982564,1.75651592728362,0,0,0,5.68495286648541,3.3363774919912,0,0,0,3.14126481968567,0,4.66862504674576,0,2.12012339954486,0,0,2.59504340200917,0,0,0,0,0,0,1.58421208678593,0,1.29435011278074,1.29435011278074,0,0,0,2.76382971318425,0,0,0,0,0,0,0,0,0,0
ST00116,stool,0,0,2.52207006618453,0,0,0,2.73961026625274,5.08520083303578,0,3.37140725833677,1.76855861007891,0,1.18814954692183,0,5.91889965326937,4.18885253920061,0,0,0,3.42870976302736,3.45803932290376,4.04725340063587,0,0,2.00841363812934,0,3.23117207740102,0,0,0,0,0,0,1.64607952758332,0,0,2.41597717059042,0,0,0,3.70070071887448,1.18814954692183,1.47486617592687,0,2.69772600322273,1.18814954692183,0,0,3.74344458858449,0,0
ST00123,stool,0,0,3.0836675686375,0,0,0,3.66318715355251,5.64500774429326,0,0,2.38612797691586,0,0,0,5.45308304676746,3.82373709244222,0,0,0,3.0836675686375,2.6862645169496,4.02036677736402,0,0,2.26178385787645,0,5.28017825366292,0,0,0,0,0,0,3.87924659983068,0,0,2.6862645169496,0,0,0,4.70553180682378,1.78939046063068,0,0,0,0,0,0,0,0,0
ST00124,stool,0,0,2.67702725362155,0,0,0,2.75213283593571,5.38632335097426,0,3.05277840477987,0,0,0,0,5.78480181859531,4.21717827401982,0,0,0,2.31414296253776,1.71835808016836,4.84669770514811,0,0,0,0,4.54503943913839,0,0,0,1.42555629944791,0,0,0,0,0,1.14052932320314,0,0,0,4.36211524062765,1.14052932320314,1.14052932320314,0,0,1.14052932320314,0,0,0,0,0
ST00127,stool,0,0,2.28081039441843,0,0,0,2.28081039441843,5.83374549625841,0,4.15937313683956,0,0,0,0,5.4010747030359,3.6403567111099,0,0,0,3.66333549380274,2.6317272028166,3.99457677531167,0,0,0,0,3.45477314927672,0,0,0,0,0,0,0,0,0,1.685522214678,0,0,0,4.46429894053574,0,0,0,1.685522214678,0,0,0,1.9820494218237,0,0
ST00131,stool,0,0,2.04089162612479,0,0,0,2.22855055004159,5.84747777156928,0,4.77606875261026,1.03732927886222,0,0,0,5.24770376514264,3.43343882962978,0,0,1.03732927886222,3.64300993952013,1.31796144134186,3.1776603235012,0,1.70318645758895,0,0,3.58335248670255,0,0,0,0,0,0,1.70318645758895,1.60842162995951,0,1.70318645758895,0,0,0,4.66689550940613,0,0,0,0,0,0,0,2.22855055004159,0,0
ST00132,stool,0,0,2.98059427159274,0,0,0,2.88379777882113,5.61042730345584,1.53437942920461,3.53656865822982,0.968807788553619,0,0,0,5.72266092713343,3.9129313575428,0,0,0,2.99176689245202,3.12116786332813,3.78104837130864,0,1.41364967814817,0,0,3.92166013267161,0,0,0,0,0,0,2.20093859527359,1.24585595733924,0,1.7062205115943,0,0,0,4.52378912817901,0,0,0,2.06928846845682,0.968807788553619,0,0,2.53349918328188,0,0
ST00136,stool,0,0,0,0,0,0,2.16416850621521,5.46232243456303,0,4.2684157595251,2.16416850621521,0,0,0,5.81119900427806,3.59265710932464,0,0,0,2.46370800577807,2.16416850621521,4.22939385239146,0,0,0,0,3.41662132171283,0,0,0,0,0,0,0,0,0,3.00670826946765,0,0,0,4.23675452163639,2.46370800577807,0,0,2.46370800577807,0,0,0,3.00670826946765,0,0
ST00138,stool,0,0,2.36823413111893,0,0,0,2.81419469630057,5.31935812347155,2.74735892197479,3.79457447247139,1.67664174437949,0,0,0,5.83691339678711,4.14887342734478,0,0,0,2.66833304969436,0,4.37113961007843,0,0,2.1476237206557,0,3.63128931817121,0,0,0,0,0,0,0,0,0,0,0,0,0,4.73261413873397,0,0,0,0,0,0,0,2.36823413111893,0,0
ST00139,stool,0,0,2.43692303665741,0,0,0,2.97203821679905,5.4881776763719,1.54480944044319,2.85506815806052,0,0,0,0,5.73269324515575,3.54625563831686,0,0,0,2.82845433753718,1.63923491028889,4.63678191050302,0,0,0,0,3.59960819102437,0,0,0,0,0,0,0,0.978406516105175,0,2.89452397093404,0,0,0,4.98556492954564,1.54480944044319,0,0,0,1.54480944044319,0,0,2.90844226383323,0,0
ST00141,stool,0,0,2.01702172625558,0,0,0,2.58797973091858,5.78615545424544,0,3.82580372094368,1.42731249891762,0,0,0,5.52564455209165,3.60538760772981,0,0,0,0,0,4.0947475567262,0,1.42731249891762,0,0,3.21380476208873,0,0,0,0,0,0,0,0,0,0,0,0,0,4.43772298700283,0,0,0,1.42731249891762,0,0,0,2.79167894217078,0,0
ST00142,stool,0,0,2.68845248749125,0,0,0,2.55407738610768,5.87637830158423,0,3.22773092564539,1.52464421262146,0,0,0,5.18058088786934,4.58207373507471,0,0,0,3.57977060294848,3.73034924476031,3.80929832406111,0,1.69638846271576,0,0,2.41622916392173,0,0,0,0,0,0,0,0,0,1.23640012162773,0,0,0,4.59489450124023,1.81913726867151,1.23640012162773,0,1.23640012162773,0,0,0,1.23640012162773,0,0
ST00143,stool,0,0,1.91870872366635,0,0,0,2.42695130947522,5.5082342802386,1.33208198145047,3.81930170150361,0,0,0,0,5.79348929375734,3.74920792629806,0,0,0,2.45901991134817,2.15949656042448,3.82064814830321,0,0,1.6228843207829,0,3.85426616318271,0,0,0,0,0,0,1.33208198145047,0,0,2.54307437513823,0,0,0,4.42265891051478,0,0,0,1.50138163498784,0,0,0,3.39434055511751,0,0
ST00146,stool,0,0,3.49307779563293,0,0,0,3.64279941416168,5.61021059191159,0,2.86514214209818,0,0,0,0,5.57614680843698,4.17100362332883,0,0,0,3.86460862122921,3.60501983971311,4.16014643736367,0,0,0,0,5.06867299108372,0,0,0,0,0,0,3.10792621496773,0,0,3.30409766683757,0,0,0,4.66043880983503,0,0,0,2.56470417971216,0,0,0,2.26485583489952,0,0
ST00150,stool,0,0,3.24695280017646,0,0,0,3.38310632717366,5.51290576654676,1.77125035880427,4.2778722906173,1.91527210223815,0,0,0,5.73687868442676,4.10192542698769,0,0,1.3842038411825,3.68090381067926,1.3842038411825,4.30568345618237,0,1.67617500881385,0,0,3.69129198576989,0,0,0,0,0,0,1.10074361125624,0,0,2.44663016417215,0,0,0,4.25297183125838,1.67617500881385,2.0685876120106,0,3.34495448472124,1.67617500881385,0,0,4.62406171138743,0,0
ST00151,stool,0,0,1.18214926022778,0,0,0,2.23433609976644,5.66362368438683,1.76224937017537,3.87735852727162,0,0,0,0,5.65355929450664,3.73815563647434,0,0,0,0,0,4.80852870226051,0,0.908771828731262,0,0,2.44421456024513,0,0,0,0,0,0,0,0,0,2.78172295453574,0,0,0,4.0099904750857,0,0,0,0,0,0,0,0.908771828731262,0,0
ST00152,stool,0,0,0,0,0,0,2.24528699942817,5.65272981728246,1.51589447586861,3.79255303942109,0,0,0,0,5.70238261770085,3.21871428808098,0,0,0,2.9577721683736,2.48160714710935,3.84983978894935,0,1.22790672636583,1.98409809410243,0,2.98002463025157,0,0,0,0,0,0,0,0,0,1.98409809410243,0,0,0,4.46269623971292,1.22790672636583,0,0,0,0,0,0,1.22790672636583,0,0
ST00159,stool,0,0,2.61513246291334,1.51365109498742,0,0,2.38652797296701,5.53952321987434,0,4.12168957769514,0,0,0,0,5.27903513161655,4.00758302711944,0,0,0,1.06236329326215,4.44083249495875,2.91563536785566,0,1.06236329326215,5.422999729833,0,4.96078635435709,0,0,0,0,0,0,1.93122124934985,0,0,0,0,0,0,4.39978972764848,1.06236329326215,0,0,0,0,0,0,4.4706508257385,0,1.34416368459559
ST00161,stool,0,0,2.54479857384623,0,0,0,2.82593178711034,5.67098775214666,1.59105157394359,3.92263943560291,2.03099102984574,0,2.4139566472502,0,5.62229951800242,3.77017564894257,0,0,0,3.28585885793089,2.22581269492381,3.65614234754004,0,2.5721609733719,2.3451643008954,0,4.18011823699292,0,0,0,2.13923593857772,0,0,3.35520820229991,2.03099102984574,1.73398615726891,3.28756443991319,0,0,0,4.83461456972151,1.20950246417348,0,0,2.13923593857772,0,0,0,3.02422594265519,0,1.66837282767027
ST00162,stool,0,0,3.13259575817249,0,0,0,3.30530423492118,5.52974643458337,0,4.47567651656123,1.7158305318369,0,0,0,5.69188616618336,3.78809121239835,0,0,0,3.03820565184549,1.96737367436509,4.02924006260437,0,1.04905755685283,1.96737367436509,0,4.85225438525283,0,0,0,0,0,0,0,1.49951645874138,0,2.18734566427712,0,0,0,4.57191669407257,1.62100429699158,1.49951645874138,0,3.80714232984491,0,0,1.04905755685283,3.45418081810983,0,0
ST00163,stool,0,0,2.94443796327622,0,0,0,3.41199293248857,5.50690163458512,0,3.28241757041757,1.6744789230547,0,0,0,5.74139103919255,3.15404594369355,0,0,0,2.77985545518322,3.05650709811456,4.8413459335933,0,1.01079495773595,1.01079495773595,0,4.07210797146074,0,0,0,0,0,0,1.57986030101886,0,0,2.58014779287736,0,0,0,4.50743870130621,0,1.29010934915425,0,1.45871388649129,1.81797333644086,0,0,3.69058494087797,0,0
ST00166,stool,0,0,1.83777382729704,0,0,0,2.3773113759011,5.57252623954708,2.2097689921236,4.08095795257008,0,0,0,0,5.72556848044538,3.80519082446691,0,0,0,2.9969512657503,1.93342005815355,4.24745845521505,0,0.719276246650737,0,0,4.13639760411822,0,0,0,0,0,0,1.54300816057565,0,0,2.06243934173607,0,0,0,4.6349703456907,0,0,0,0.97674749065604,1.25424209749881,0,0,1.71493325610439,0,0
ST00167,stool,0,0,2.57791561555347,0,0,0,2.97516639368089,5.16781209754084,0.99319751605893,4.46700121173279,0,0,0,0,5.83337475528002,3.2421267874003,0,0,0,4.1098229605979,4.96952284419001,3.39555860263642,0,0,0.838621911413819,0,3.63162437659818,0,0,0,0,0,0,0,0,0,0,0,0,0,4.4168105612143,0.99319751605893,0,0,0,1.10696503693403,0,0,1.97928546454725,0,0
ST00172,stool,0,0,1.70828515018665,0,0,0,2.69572275378022,5.75750132309528,1.70828515018665,2.05037141896784,0,0,0,0,5.56199751492691,3.91341758079472,0,0,0,2.00504342094133,4.10113421531253,3.82614805736537,0,1.9267198878274,1.8310932764103,0,3.20812378085168,0,0,0,0,0,0,0,1.24784263017522,0,2.40040008005615,0,0,0,4.51477349113533,0.817227599604684,0,0,0,1.08385308217402,0,0,1.45976119560386,0,0
ST00178,stool,0,0,1.4293738231361,0,0,0,2.45582245513435,5.4431840565678,2.01914236839496,4.21911288548053,0,0,1.89558665348494,0,5.78992207324431,3.57138571559052,0,0,0,0,0,4.12474650513655,0,2.01914236839496,0,0,3.15357442180089,0,0,0,0,0,0,0,0,0,2.01914236839496,0,0,0,4.84700250388772,0,0,0,0,0,0,0,0,0,1.4293738231361
ST00183,stool,0,0,2.55836090208447,0,0,0,3.10631317643625,5.70243952724975,0,1.99173238683973,1.4585917409052,0,0,0,5.59164930515321,3.90190750495226,0,0,0,3.24280414012867,2.18641443709625,4.21739340381121,0,2.22396732681537,1.4585917409052,0,3.97282012746438,0,0,0,0,0,0,1.62961774299334,2.09989209331828,0,1.75200152358197,0,0,0,4.80229829058065,1.4585917409052,0,0,0,0,0,0,3.6061857713927,0,1.4585917409052
ST00184,stool,0,0,1.53554266364779,0,0,0,2.16251985808355,5.83013986483359,0,4.14701329348907,0,0,1.53554266364779,0,5.41276879821704,3.7549253104371,0,0,0,0,1.08302022376087,3.60559331622798,0,0,0,0,3.01448218688475,0,0,0,0,0,0,0,0,0,3.54401365516633,0,0,0,4.5622584426483,0,0,0,0,0,0,0,1.36573295847408,0,0
ST00193,stool,0,0,2.46838465169748,0,0,0,2.89070986838495,5.54590655691553,1.65276631164255,3.83525542276148,0,0,1.36129133880744,0,5.69591547865533,4.10841301623099,0,0,0,0.920417192668146,1.19454939774989,5.09537411918052,0,1.65276631164255,0,0,3.02662174438932,0,0,0,0,0,0,0,1.57551296198678,0,2.8292768213123,0,0,0,3.67784963126762,0.920417192668146,0,0,0,1.48147884128081,0,0,0.920417192668146,0,0.920417192668146
ST00194,stool,0,0,2.26250655200402,0,0,0,2.26250655200402,5.75242724039157,1.57292587818941,4.48051115159183,0,0,0,0,5.55503527548252,3.39063762285573,0,0,0,3.33950718277722,2.75225782150692,3.55471447730095,0,0,1.57292587818941,0,3.03867587792282,0,0,0,0,0,0,0,0,0,1.74512955563364,0,0,0,4.54230839225175,0,0,0,1.28335409134128,0,0,0,1.8681113732124,0,0
ST00205,stool,0,0,2.36804944921541,0,0,0,2.53898539798297,5.61189482023231,0,3.26094645152893,1.82187189261105,0,0,0,5.6830448640856,2.80372554250029,0,0,0,1.35764732354243,0.66565774896992,3.97335047044668,0,0,0.66565774896992,0,3.68132645088421,0,0,0,0,0,0,0,1.19098331054262,0,1.98774081795912,0,0,0,4.96068539329447,0,0.66565774896992,0,0,0,0,0,1.71459342061725,0,0
ST00207,stool,0,0,3.08930252857889,0,0,0,2.92534782157454,5.72680685945976,0.692059444176819,4.24885554688743,0,0,0,0,5.38395002912596,2.9776772794955,0,0,0,0,5.12581809572123,4.1006198984938,0,0.837689635053316,1.51012325925178,0,3.85934317561143,0,0,0,0,0,0,1.77681760905523,0.471370117857941,0,1.48298809404204,0,0,0,4.69937442578524,0.471370117857941,1.42303191468828,0,0,1.27055796146279,0,0,2.61770551488003,0,0
ST00222,stool,0,0,2.63707132691176,0,0,0,2.66232049169862,5.75654450444158,1.7235365294343,4.11437973391703,0,0,0,0,5.43554851891249,3.80932216995278,0,0,0,3.37503225096736,3.56764394132852,3.20688126439099,0,1.78930913359375,4.61462477533191,0,4.62311915754428,0,0,0,0,0,0.984601188832506,0,1.26252900176901,0,0,0,0,0,4.57679569175962,1.26252900176901,0,0,0,0,0,0,3.87013791464702,0,1.26252900176901
ST00223,stool,0,0,2.2384707004903,0,0,0,2.43213878202273,5.6935684559066,0,3.74994485900069,0,0,0,0,5.60327199338773,3.28942410930213,0,0,0,0,2.46677736070025,4.02747334483298,0,0,0,0,3.50275309524569,0,0,0,0,0,0,1.20333854102799,0.928683490184066,0,1.85801581213738,0,0,0,4.91818433716521,0,0,0,0.928683490184066,0,0,0,0,0,0
ST00226,stool,0,0,2.04996860323044,0,0,0,2.57550981154982,5.50132319685065,1.97156085465295,3.43466683541081,0,0,0,0,5.78678739495163,3.78420518611032,0,0,0,2.35797397122012,2.04996860323044,3.83678052371492,0,1.45936886569321,0,0,3.68173821406293,0,0,0,0,0,0,1.6304039763464,0,0,2.60145613509408,0,0,0,4.66875688336848,1.01140737365416,0,0,1.75279239175971,1.17316343905387,0,0,3.33908895417578,0,0
ST00227,stool,0,0,2.12778165636692,0,0,0,2.97009712439539,5.80022098079379,0,3.02803091112106,0,0,0,0,5.47575138169711,3.81479619475314,0,0,0,0,0,4.60021567616289,0,0,0,0,2.72740787375212,0,0,0,0,0,0,0,0,0,0,0,0,0,4.31488631565699,0,0,0,0,0,0,0,0,0,0
ST00228,stool,0,0,3.43850044218834,0,0,0,3.26248829002418,5.39849746280759,0,3.96558931728502,0,0,0,0,5.74483947716444,3.2167571652256,0,0,0,3.28366628899179,3.81254615536442,4.18913573223127,0,0,0,0,4.39260228156537,0,0,0,0,0,0,2.86490408415651,0,0,0,0,0,0,5.03163229007046,0,0,0,1.96594373354145,0,0,0,4.33415305403265,0,0
ST00231,stool,0,0,2.27545408940294,0,0,0,2.45077693826835,5.50046344656859,1.15828054237479,3.67117738573112,1.4439598980778,0,1.61481128777733,0,5.79716118851142,4.13904137955404,0,0,1.15828054237479,3.59841794519651,3.21364219170561,3.9843942495388,0,1.83242214193239,0,0,3.32587893929016,0,0,0,0,0,0,2.38408643646096,1.15828054237479,2.08484623324511,3.01952673388562,0,0,0,4.2345911670864,0,0,0,1.910537420898,0,0,0,3.07677081792656,2.42966454142701,1.15828054237479
ST00232,stool,0,0,2.66448166412941,0,0,0,3.62352639273204,5.59003514584523,2.38911034071065,3.18156536907933,0,0,2.6892530014672,0,5.34339748248611,4.10981868176931,0,0,0,2.33817936900253,4.78450822982057,4.20470593330833,0,3.16578169077261,1.44882403083734,0,3.59456982346187,0,0,0,0,0,0,0,1.74205892081168,0,2.71268734522086,0,0,0,5.45811182947883,2.03913826038518,0,0,0,1.74205892081168,0,0,0,0,2.33817936900253
ST00234,stool,0,0,3.15319404189423,0,0,0,2.80246482536813,5.15700020900192,0,3.82532590320888,1.75827149953527,0,0,0,5.86907867678009,4.3774989721298,0,0,0,3.11269035134725,3.33061383999629,4.15719776993096,0,0,1.46475343216699,0,3.75823755125413,0,0,0,0,0,0,0,0,0,1.63585120362064,0,0,0,4.58314760158505,1.46475343216699,0,0,4.15847314319987,0,0,0,3.88898612863194,0,0
ST00243,stool,0,0,1.60430249183442,0,0,0,1.89989790379592,5.75180310855894,0,4.37671446072385,0,0,0,0,5.59095288868276,3.24488965235899,0,0,0,2.01257740450309,0,3.50144987699649,0,1.45400522456196,0,0,3.03780751993659,0,0,0,0,0,0,0.692027559824539,0,0,2.45223269752503,0,0,0,4.17727192938208,0.946521786782737,0,0,0,0,0,0.946521786782737,0.946521786782737,0,0
ST00248,stool,0,0,2.33657856910906,0,0,0,3.05805693766151,5.59921499408705,0,3.79596960237777,0,0,1.79748396219468,0,5.70390914796161,4.19279433606576,0,0,0,1.5033224613588,2.32085839966012,4.0704370010097,0,1.67484681468361,0,0.94033748205351,4.13517475259324,0,0,0,0,0,0,1.84786656971415,1.21571191969123,0,1.93389442701398,0,0,0,4.60150414154199,1.21571191969123,0,0,0,0,0,0,3.89093146895432,0,1.3829031056438
ST00253,stool,0,0,2.61800968931807,0,0,0,3.14923986849377,5.38700801313888,1.75378085085036,4.21842125877779,0,0,1.51644719473526,0,5.76482908923797,4.07592655582561,0,0,0,0,2.10847478409747,4.51216391266781,0,2.01907815871631,0.952348369211033,0,3.22959414686465,0,0,0,0,0,0,0,0.952348369211033,0,0,0,0,0,4.99877525991312,0,0,0,0,0.952348369211033,0,0,3.99020128685071,0,1.39589397974156
ST00259,stool,0,0,2.96480804003286,0,0,0,4.4390544164354,5.69753496947383,0,4.44147380276631,2.48862766857027,0,0,0,5.58629277882748,3.71774769091954,0,0,0,3.70478523445667,3.39048232776709,4.21963552959673,0,0,0,0,3.98557103087549,0,0,0,0,0,0,0,2.88572097409148,0,2.96480804003286,0,0,0,4.23542886139321,0,2.66424874079605,0,0,0,0,0,3.08962902278029,0,0
ST00266,stool,0,0,2.82478058813927,0,0,0,2.4454785833454,5.77212911640871,2.01243119004749,4.6743768374758,0,0,0,0,5.41873132426988,3.20511447014147,0,0,0,0,4.54107279350929,4.29356494066479,0,0,0,0,3.53863196638626,0,0,0,0,0,0,0,0,0,1.01131567125263,0,0,0,4.53135795820351,1.38309589748001,1.81854152798806,0,0,0,0,0,3.61526281567007,0,1.45927079400385
ST00379,stool,0,0,2.4929581244284,0,0,0,3.16086681075633,5.19491154640243,0,2.65884519771241,0,0,1.62687615441409,0,5.83714352011326,5.02736443553359,0,0,0,2.87235437964843,0,3.91321703262936,0,2.39639692370981,2.1635571938425,0,4.20029155644248,0,0,0,0,0,0,0,1.79953577449369,0,0,0,0,0,4.05428769434173,0,0,0,1.62687615441409,1.62687615441409,0,0,4.02731682075004,0,0
ST00382,stool,0,0,2.63994863228698,0,0,0,2.58737065361774,5.64014303343573,0,1.80078010221,0,0,0,0,5.67354746568481,3.58213647832616,0,0,0,3.40892105130345,0,3.19553190587608,0,1.41302583488577,0,0,3.90851902173674,0,0,0,0,0,0,2.72916388240115,0,0,1.58348786651155,0,0,0,4.52432666749919,1.41302583488577,0,0,0,0,0,0,4.61037151051691,0,0
ST00383,stool,0,0,2.96400288309137,0,0,0,3.36828742161841,5.57893160222207,0,3.96789893855519,0,1.56066782834996,2.65672580247144,0,5.71248259425869,3.94060032302784,0,0,1.46673336953972,4.39354893992812,0,3.486217132672,0,2.7898119219347,1.89652674762176,0,3.61386925510606,0,0,0,0,0,0,0,1.70337007822291,0,2.00007948703328,0,0,0,4.52875554396927,1.81059959144533,1.18028281340617,0,1.18028281340617,1.96822868682534,0,0,4.21096419294689,1.34670902919157,2.21397685277385
ST00384,stool,0,0,0,0,0,0,4.04579657530526,5.53005861143027,0,4.22187480650357,0,0,0,0,5.72245192305852,4.04579657530526,0,0,0,0,3.74480566086871,4.44371313355265,0,0,3.74480566086871,0,4.52289177391937,0,0,0,0,0,0,0,0,0,0,0,0,0,4.34680702903663,0,0,0,0,0,0,0,0,0,0
ST00386,stool,0,0,3.44023478512867,0,0,0,3.49426610369148,4.59937617091053,1.70572743214453,3.40483151834327,1.24538155058058,0,0,0,5.89792769860942,4.95895248473339,0,0,0,1.82852294230281,2.26373441703325,4.66449168091666,0,0,3.56201703136673,0,3.85045823129596,0,0,0,0,0,0,0,0,0,1.5338911543896,0,0,0,4.06727037179352,0,1.87895869908549,0,0,1.62825318442637,0,0,3.09826251599384,0,0
ST00387,stool,0,0,1.35412603884049,0,0,0,2.35065394060296,5.80701964945402,0,4.11554239001512,0,0,0,0,5.49196055403392,3.46602548095415,0,0,0,0,1.64544026721703,3.74616979240422,0,0.913830021234085,0.913830021234085,0,2.86654201496971,0,0,0,0,0,0,0.913830021234085,0,0,3.58255900681791,0,0,0,4.34095801567463,0,0,0,0,0,0,0,0,0,0
ST00411,stool,0,0,0,0,0,0,2.76014827257182,5.38723328117605,0,3.13712831964173,0,0,2.24995913691628,0,5.85138520968095,3.86561707551188,0,0,0,2.94697077472868,0,3.91734394819333,0,1.65516536078871,0,0,3.81870200779205,0,0,0,0,0,0,0,0,0,0,0,0,0,4.31198895919475,0,0,0,0,0,0,1.65516536078871,1.95136474594924,0,0
ST00412,stool,0,0,1.69089680696195,0,0,0,2.38169841663589,5.67295980194462,1.86741478760992,0.646817547787502,1.25938159827917,0.331374866130444,0,0,5.67709258770718,3.8023246885655,0,0,0,3.23156507798698,1.96919057667022,3.22893187134907,0,0.954878401725015,0.646817547787502,0,3.34344776918207,0,0,0,0,0,0,0.746553577548853,0,0,1.87410939603897,0,0,0,4.48305588272542,0.699542349274979,0,0,0,0.699542349274979,0,0,4.02960588678119,0,0
ST00420,stool,0,0,3.47988747824027,0,0,0,3.87249881449675,5.39355921590685,0,3.53930626683595,2.00691784135022,0,2.6847619948972,0,5.78721182949726,4.71156132757744,0,0,1.61534243890699,3.9767190802909,0,3.84529361218498,0,3.05990570705266,2.23560317493563,0,4.70832355144987,0,0,0,1.04377729658188,0,0,0,2.04792177852942,0,1.49389970246801,0,0,0,3.64220784117554,2.08538611674131,1.78790932702424,0,0,1.96163501513056,0,0,0,1.32471713314451,2.08538611674131
ST00425,stool,0,0,2.30819278662455,0,0,0,2.51151104766752,5.82381272583043,0,3.91248605790571,0.958708984991902,0,0,0,5.45210667692439,3.16126427529536,0,0,0,3.25077808980227,1.69511574623686,4.22765971711755,0,1.52338419008039,0,0,3.21587186187039,0,0,0,1.40276182573298,0,0,1.61768363667498,0,0,1.23517670574259,0,0,0,4.28562243884727,0,0,0,1.40276182573298,0,0,0,2.50054995526306,0,0
ST00465,stool,0,0,2.46841707548145,0,0,0,2.59991767815072,5.71175804689362,1.46774729772098,2.94455257571822,0,0,1.2989899373878,0,5.65893014113102,3.91414855994837,0,0,0,2.57878293091546,3.09977284065701,4.17371202147348,0,1.88437098982367,0,0,3.02906072787824,0,0,0,0,0,0,1.8271879724956,0,0,1.46774729772098,0,0,0,2.97167491545778,2.73225601551236,0,0,0,0,0,0,1.01924660403536,0,0
ST00480,stool,0,0,2.31738055863135,0,0,0,2.3010705672806,5.71140047332766,0,3.27508618665861,0,0,1.21243078383313,0,5.62997939267131,3.15139880876988,0,0,0,2.90564981631507,3.83726001713725,4.64608350705609,0,0,0,0,3.0456796173423,0,0,0,0,0,0,1.93044067946629,0,0,0.93724523398693,0,0,0,3.28897753581735,1.49993795537686,0,0,0,0,0,0,1.93044067946629,0,0
SW00001,swab,0,0,2.65499104835013,0,0,0,4.14885271797103,5.64071346987581,1.19815809699882,0.923810013942283,2.10259073123388,0,0,0,5.65906252976332,3.68701417962285,0,0,0,0,4.55355649562039,4.39917216004433,0,0.923810013942283,0.923810013942283,0,4.28118227171219,0,0,0,0,0,0,1.36497823452771,2.10259073123388,0,1.19815809699882,0,0,0,3.82493241969109,0,0,0,0,2.49334509426884,0,0,0,0,0
SW00002,swab,0,0,1.94460419822912,0,0,0,2.60348354073673,5.58897815300332,1.94460419822912,4.06025391156243,2.35653070881482,0,0,0,5.73072983049835,3.5792431100414,0,0,0,3.11024095436411,1.26493406605298,4.11518730170879,0,1.26493406605298,2.08932028867896,0,2.80954776091974,0,0,0,0,0,0,1.72603224477095,0,0,1.72603224477095,0,0,0,4.62949377733883,0,0,0,0,0,0,0,1.26493406605298,0,0
SW00003,swab,0,0,2.96584719339477,0,0,0,4.11454402119594,5.42537818284015,1.95795364091057,3.58816367787632,2.90792235924223,0,0,0,5.82254267871516,4.10677373956457,0,0,1.14065330554033,3.47925655754583,1.71848917558152,4.18434928053599,0,0,2.97773371850676,0,3.14974504823247,0,1.14065330554033,0,0,0,0,0,1.425684934851,0,2.58629321059383,0,0,0,4.11539886626258,1.59630970464388,0,0,2.41076452570747,2.48966457576349,0,0,3.43042513905116,2.15250499729715,0
SW00004,swab,0,0,2.50104425443049,0,0,0,4.37795662077539,5.50775283969032,0,4.42166380708165,2.02665451464458,0,0,0,5.72160845163801,3.96872206696969,0,0,0,3.3237868789557,2.99302909525601,4.70410208264897,0,0,1.85260067618662,0,4.00486495344828,0,0,0,0,0,0,0,0,0,2.15057094537462,0,0,0,4.43024100876454,0,0,0,0,2.5879452565945,0,0,0,0,0
SW00005,swab,0,0,2.52865543640971,0,0,0,4.30914454944451,5.64004087344158,0,3.88915175849014,3.19973999142584,0,0,0,5.67233197116325,3.83385656268287,0,0,0,3.47199704137996,3.96198417050636,4.10775641052701,0,1.25139086534052,0,0,3.1242912865148,0,0,0,0,0,0,0,1.71197171496589,0,1.71197171496589,0,0,0,4.46839687569854,0,0,0,2.07510461060392,2.62530823964301,0,0,0,0,0
SW00006,swab,0,0,2.58115200833059,0,0,0,4.72389859173171,5.31844014661851,0,2.31328212962441,2.44077261242889,0,1.26828904447051,0,5.81672738922479,3.40973148774,0,0,0,1.3873342072271,4.18076151135329,4.63126297733971,0,0,1.3873342072271,0,4.20787648087608,0,0,0,0,0,0,2.48452672316676,2.60702169190691,0,1.81518848328933,0,0,0,3.55679909830232,0,1.26828904447051,0,0.835641042411817,3.06632389313051,0,0,0,0,0
SW00007,swab,0,0,1.83469461449348,0,0,0,3.57659621589153,5.40163060627843,0,4.16677911882123,0,0,0,0,5.83514463885962,3.80760546355274,0,0,0,3.92525464554295,3.8181054348942,3.42688129939692,0,1.37010019087291,0,0,4.10631805574593,0,0,0,0,0,0,0,1.37010019087291,1.37010019087291,3.54995130776095,0,0,0,3.63230643738318,0,0,0,1.83469461449348,2.30755865694437,0,0,1.9580417829263,1.9580417829263,0
SW00009,swab,0,0,2.52538319439101,0,0,0,3.42524602670857,5.57664778394826,0,3.96346580424297,2.98750666997405,0,0,0,5.75218085031351,3.58994955611328,0,0,0,2.94845091283957,1.3071599289579,4.35991730728762,0,1.14164404954601,0,0,3.1586320524971,0,0,0,0,0,0,0,0,0,1.85557417218154,0,0,0,4.17714162906598,0,0,0,1.76976776839649,1.4267128120821,0,0,1.81478669897799,0,0
SW00011,swab,0,1.22064687285053,3.00031207135303,0,0,0,4.42505635637023,5.63720439784034,1.85304524642719,1.80265352068654,3.20043777164277,0,1.50841137825708,0,5.67551394529598,3.73908421697915,0,0,0,3.38977460121402,3.98962239719517,4.49070600543003,0,1.3879396448357,2.79099828864348,0,2.73232212049858,0,0,0,0,0,0,2.56594724367798,2.19646930272585,0,1.22064687285053,0,0,0,4.07739567485139,0,0,0,2.15101865717697,2.84752780956488,0,0,1.60261896757184,0,0
SW00012,swab,0,0,2.6132803314976,0,0,0,3.9698451005508,5.6662481592031,0,3.82397388023128,3.29762162910826,0,0,0,5.67635218377993,3.06648521818966,0,0,0,3.31140307422351,2.15153825891504,4.29064779192205,0,0,0,0,3.42945190190272,0,0,0,0,0,0,0,2.11045183561448,0,1.13975020487809,0,0,0,4.23903536018736,0,0,0,1.71753421333268,2.18907143650608,0,0,1.42474790919184,0,0
SW00013,swab,0,0,3.26143057103272,0,0,0,3.83463388970255,5.52874496544498,1.16789557742148,4.29193927872429,3.12667014901118,0,0,0,5.76248434827476,3.73126129065192,0,0,0,3.31364322881125,2.62267745962046,4.34954801144995,0,0.895411091623612,1.9207362946125,0,3.72792971264344,0,0,0,0,0,0,2.69452190659119,1.45391692935261,0,1.69036045047023,0,0,0,4.24270566353349,0,0,0,0,1.8834213411523,0,0,1.16789557742148,0,0
SW00014,swab,0,0,2.77018375122182,0,0,0,3.75259151155092,5.7279356436455,0,1.09799378235576,2.85487444678545,0,0,0,5.58963559259442,3.92880470595872,0,0,0,3.6091416748479,4.19432328446822,4.11421820988853,0,0,3.93987255563282,0,2.60701850631249,0,0,0,0,0,0,2.04354581121519,0,0,0,0,0,0,4.28239873559048,0,0,0,2.17870656647432,1.96964818259932,0,0,0.830307355649528,0,0
SW00018,swab,0,0,1.92825314555946,0,0,0,3.88219796690922,5.66394802523644,1.39680757998549,4.30872721608183,1.98560423489415,0,0,0,5.62848777402327,3.8308821111316,0,0,0,3.27962686983303,1.78416952248528,4.40332909828934,0,1.39680757998549,1.11285453321462,0,4.53148557577378,0,0,0,0,0,0,1.11285453321462,1.11285453321462,0,1.39680757998549,0,0,0,4.17004939900786,0,0,1.11285453321462,0,2.44130435623993,0,0,3.35235240510701,0,0
SW00019,swab,0,0,1.75842772857036,0,0,0,3.3755092290837,5.74918270369686,0,4.39289730706088,1.80873781830725,0,0,0,5.56794782719259,3.88637294662017,0,0,0,0.905364369197065,2.96873725593016,3.46063061398621,0,0,1.17851684408089,0,3.25617716855005,0,0,0,0,0,0,0.905364369197065,0,0,1.34490323564187,0,0,0,4.45226172597799,0,0,0,0,1.34490323564187,0,0,1.17851684408089,0,0
SW00020,swab,0,1.5639834907177,2.03313048174824,0,0,0,5.64704962125687,5.38482833616621,0,3.90900146459355,2.03313048174824,0,0,0,5.42705834733499,3.80123350604838,0,0,0,3.14887196906338,3.07084952627414,3.33749604704757,0,0,1.73610592002302,0,3.19569602253863,0,1.85904655733636,0,0,0,0,0,3.37169502165529,0,2.48281657639223,1.27464690026367,0,0,3.9661508219111,1.73610592002302,0,1.27464690026367,0,4.07898778481805,0,0,3.108607342559,0,1.5639834907177
SW00021,swab,0,0,4.07285741670194,1.28632527167567,0,0,5.4057772895787,5.39673775730119,0,3.77521721863398,3.32792312421627,0,0,0,5.59466913205866,3.41876263276739,0,0,0,3.23664075604704,2.98798355643675,4.35353827363872,0,1.57597621360748,4.25139816309204,0,4.12122909592884,0,0,0,0,1.57597621360748,0,0,3.05603456007203,0,2.11172986345832,0,0,0,4.21218938397761,1.57597621360748,0,0,0,3.80114872818177,0,0,0,0,1.28632527167567
SW00022,swab,0,0,0,0,0,0,3.7596204928278,5.7252443412122,0,3.90161089345909,3.78738839169403,0,0,0,5.58757331084989,3.7596204928278,0,0,0,3.16589935324782,3.41564713008218,3.97979725093032,0,0,2.03925492741455,0,4.08452285188724,0,0,0,0,0,0,0,0,0,1.74217453150667,0,0,0,4.48321621950937,0,0,0,0,0,0,0,0,0,0
SW00023,swab,0,0,2.51422255793577,0,0,0,4.80058217261857,5.59859608603685,0,2.38207141648384,3.74476099070572,0,0,0,5.70451975020339,3.2757607093416,0,0,0,1.84248473689025,3.38965094531821,3.80357998744613,0,1.25875727209936,1.25875727209936,0,3.07335385316421,0,1.84248473689025,0,0,0,0,0,2.38207141648384,0,2.41191450150006,1.25875727209936,0,0,4.12347219248503,0,0,0,2.35002531301471,3.13754431135877,0,0,0,0,0
SW00024A,swab,0,0,4.20229123020974,0,0,0,4.70086735096483,5.61690613693564,0,4.08054764126057,4.35550285944842,0,0,0,5.63486474359632,3.65265961901618,0,0,0,3.22191316207537,2.88617030365645,4.06809648819142,0,1.55865294365453,2.02770053408756,0,4.13216618697621,0,0,0,0,0,0,0.836697089985524,2.20243146868322,0,1.77567552781197,0,0,0,4.18333602869401,1.10488939389219,0,0,3.68170849769248,3.07832714921986,0,0,0,1.38851993622503,1.26945881277867
SW00024B,swab,0,0,1.30243237809751,0,0,0,3.41393604412941,5.43526349060886,0,4.29936775668509,3.37732188286586,0,0,0,5.8137990476749,3.77306329829048,0,0,0,3.76460418930428,1.59250288850572,4.44637917663715,0,0,1.88794765433552,0,2.99667086838682,0,0,0,0,0,0,1.30243237809751,0,0,3.23472521505504,0,0,0,3.91576614290318,0,0,0,1.76487865333541,1.59250288850572,0,0,2.62368657284243,1.59250288850572,0
SW00025,swab,0,0,2.15531073777486,0,0,0,3.556075921169,5.49191442330481,0,1.68422179679638,3.70865031984738,0,0,0,5.7283361512011,3.24359125897632,0,0,0,3.01798117310483,4.38102338625632,5.04343242635307,0,0,1.98073543047892,0,3.32855798380812,0,0,0,0,0,0,0,0,0,0,0,0,0,3.74710137294155,0,0,0,2.15531073777486,2.15531073777486,0,0,2.45481947154487,0,0
SW00026,swab,0,0,3.21102909512707,0,0,0,4.6234726871924,5.73627947096364,0,4.0603068222222,3.9715537337269,0,0,0,5.51632949910084,3.47471254491979,0,0,0,4.10920736249929,2.65665696604621,3.63876488088594,0,1.38398393935572,3.6838171101321,0,4.08503081835152,0,0,0,0,0,0,2.32198048390265,2.06836019715718,0,0,0,0,0,4.34704886390017,1.55405395393266,0,0,3.0288282470532,2.97358062550377,1.10053243031979,0,0,0,1.55405395393266
SW00027,swab,0,0,2.64783168530074,0,0,0,1.87453881152922,5.72705972288871,2.17266030803736,4.1359056928296,0,0,0,0,5.53098899790485,3.73801332133913,0,0,0,2.17266030803736,0,4.40904861159321,0,0,2.47222871695555,0,4.22856334439188,0,0,0,0,0,0,2.17266030803736,0,0,1.87453881152922,0,0,0,4.78358116930737,0,0,0,0,0,0,0,3.50230728875146,0,0
SW00028,swab,0,0,4.31840591094009,0,0,0,5.37073417790643,4.96560861598748,0,2.60465706848564,3.09904800612612,0,0,0,5.44105624273265,3.24696168790435,0,0,0,2.68020506602234,3.9195657733384,3.54629845667293,0,0,4.15664168801709,0,5.52198259336819,0,0.867550878681449,0,0,0,0,0,3.11206759915473,0,2.01259532075823,0,0,1.76598680311306,3.72444115807535,1.98484775949385,1.13807619212193,0,0,3.79862212080677,0,0,0,0,1.30350375401195
SW00029,swab,0,0,3.96469279203193,0,0,0,4.0145795494884,5.65576658864235,0,4.10080302025386,3.49142467324586,0,0,0,5.64894549013214,3.65991773881449,0,0,0,3.15952124055499,2.95878329690418,4.05932176516821,0,1.44278371483962,2.12903526613677,0,4.13186660387986,0,0,0,0,0,0,0,1.90933229287952,0,0,0,0,0,4.42291664243949,0,0,0,3.87559074587766,2.38287134098413,0,0,0,1.90933229287952,0
SW00030,swab,0,0,2.47985798736458,0,0,0,2.55218728202381,5.5795981961978,1.55834506760255,3.93577900663107,2.16312140240834,0,0,0,5.63309886421047,3.63656637268077,0,0,0,2.96530898646968,1.10459764437804,3.52856867389436,0,1.74592102108717,1.10459764437804,0,5.13282183452054,0,0,0,0,0,0,3.36881331164543,1.22091793884453,0,1.31257357877484,0,0,0,4.53404632712737,0,0,0,0.690882071919265,0,0,0,0,0,1.10459764437804
SW00031,swab,0,0,0,0,0,0,4.01354345344293,5.72044881968758,0,4.34274527815076,2.70260968963806,0,2.10312606133718,0,5.5323374378454,4.07285208066788,0,0,0,0,4.65599959314113,3.84793717219829,0,0,2.57795797150292,0,2.87841374040909,0,0,0,0,0,0,3.10003258656465,0,0,0,0,0,0,4.53745066494893,0,0,0,0,0,0,0,0,0,0
SW00032,swab,0,0,2.47475981695408,0,0,0,4.57787628768392,5.3513785254523,1.5320082680442,4.0215277728587,0,0,0,0,5.83920623675784,3.76464666452301,0,0,0,3.48298999432533,3.3942958020925,3.19143674761028,0,0,1.82661204957915,0,3.57607945535161,0,0,0,0,0,0,0,2.47475981695408,0,3.88272819801383,0,0,0,3.83087729476984,0,0,0,2.12439292477938,2.95090962521832,0,0,3.56450069811399,1.82661204957915,0
SW00033,swab,0,0,0,0,0,0,4.06540776039458,5.45717739999497,0,3.50123593824454,2.48134567849478,0,0,0,5.79060368759588,0,0,0,0,0,4.25078606222343,4.76547443359432,0,0,0,0,0,0,0,0,0,0,0,0,2.18174695688723,0,0,0,0,0,3.59396365497302,0,0,0,2.18174695688723,2.78165826437908,0,0,0,0,0
SW00035,swab,0,0,3.91952018920614,0,0,0,5.1812337599329,5.46318941498341,1.72230342347504,4.06621268585045,3.99049907437191,0,0,0,5.5955212857695,3.27651556017279,0,0,0,3.28824783654749,1.72230342347504,4.26301984147297,0,0,3.84918699432039,0,4.83143630572702,0,0,0,0,0,0,3.08541763901013,2.86071982682864,0,1.89564213275617,0,0,0,4.45476544268544,0,0,0,0,3.64351050499919,0,0,3.25830058668352,0,1.72230342347504
SW00036,swab,0,0,3.42354157524057,0,0,0,5.75096173104572,4.86559569422633,0,3.90055363412519,0,0,0,0,5.3911785557241,3.73495316022792,0,0,0,3.40183072408986,3.85987190829252,3.61004107358022,0,0,3.24220639379629,0,4.71206066393159,0,0,0,0,0,0,3.17261370593041,3.57413770695199,0,2.92505366984991,0,0,2.4143299755995,3.98382526264233,1.81725972901537,0,0,0,4.23550080312239,0,0,2.65665050056537,0,1.81725972901537
SW00038,swab,0,0,2.43798731989329,0,0,0,4.17679186787061,5.49330651714753,0,4.62533904570949,0,0,0,0,5.66927030631859,3.85970613910364,0,0,0,3.3660062097499,3.97426544931477,3.768912675999,0,0,2.73822451611644,0,5.0269118151415,0,0,0,0,0,0,2.73822451611644,0,0,0,0,0,0,4.48756692624344,0,0,0,0,2.73822451611644,0,0,2.73822451611644,0,0
SW00039,swab,0,0,2.94055639604289,0,0,0,4.45071778497662,5.32721919418345,0,4.07102409119504,3.62937024725399,0,0,0,5.79838430431266,3.69347375263839,0,0,0,1.52195132811466,2.21034831980991,4.60247697635567,0,0,1.52195132811466,0,4.74372534270521,0,0,0,0,0,0,0,1.81640341585169,0,0,0,0,0,4.0953165251226,0,1.81640341585169,0,0,2.76471406481521,0,0,1.52195132811466,0,0
SW00040,swab,0,0,3.66611717795269,0,0,0,4.79057281931908,5.48727058811843,0,4.10278901611729,4.07588204851794,0,0,0,5.66407046562908,3.06115924367332,0,0,0,3.49086428858028,2.90091671308939,4.21282683946174,0,1.25321767976421,4.93533690151046,0,3.71407824444524,0,0,0,0,0,0,2.3762310275844,2.27199345190513,0,2.01068240270307,0,0,0,4.3956077210789,0,0,0,0,3.24135934623605,0,0,2.85213309206455,0,0
SW00041,swab,0,0,2.4793376603378,0,0,0,4.01449543615557,5.65589390998047,2.25844803689051,3.58521783890859,0,0,0,0,5.49601409433981,3.96366363619599,0,0,0,3.1014882065367,3.92199176151954,3.87589279540838,0,0,5.18682834813365,0,4.46735961119864,0,0,0,0,0,0,0,0,0,3.03459871183786,0,0,0,3.93733764867754,0,0,0,0,1.78609089497513,0,0,0,0,0
SW00042,swab,0,0,2.31647714356547,0,0,0,3.98093983805489,5.74315977327558,0,4.29775397124845,2.95830747088383,0,0,0,5.56131918222425,3.22204837307044,0,0,0,3.82819113706305,2.98507204501619,3.82121756787628,0,0,2.63345101623045,0,4.24504462139629,0,0,0,1.53146195116886,0,0,1.70327424426301,1.24302156756134,0,0.966126142501688,0,0,0,4.24238727907373,0,0,0,0,2.19795199872552,0,0,0,0,0
SW00043,swab,0,0,3.04864080144803,0,0,0,4.43906611672246,5.34323392146982,2.08043160227683,4.34506491321165,3.11129832946474,0,0,0,5.82627773544493,3.93963940067056,0,0,0,3.12210293358176,2.08043160227683,4.28998547613308,0,1.07370496983066,1.35601188721816,0,4.0980317639662,0,0,0,0,0,0,1.35601188721816,2.08043160227683,0,2.03939963887395,0,0,0,4.1490550892494,1.07370496983066,1.35601188721816,0,0,2.74376946446364,0,0,0,0,0
SW00044,swab,0,0,0,0,0,0,3.38845428212105,5.7099055545502,0,4.45700766733036,0,0,0,0,5.59433227965558,3.77370070749862,0,0,0,3.14554937839073,2.84482989564098,3.92344169831271,0,0,4.18665958629757,0,3.44642403430366,0,0,0,0,0,0,0,0,0,2.54442026056429,0,0,0,4.43528919521097,0,0,0,0,0,0,0,3.02071417075705,0,0
SW00045,swab,0,0.864476756081763,3.70529816063495,0,0,0,5.0487689580713,5.50844182180129,1.80749589096279,3.60196088724107,4.08265515968368,0,0,0,5.67766926186813,3.57311510055348,0,0,0,3.37218224241704,3.89532016927327,3.83039578686604,0,0.717083363800325,3.78871200399005,0,4.29140694831466,1.25168178415715,1.48416644865361,0,0,0,1.1347775287432,2.63419570419473,2.79846363081287,0,2.71179003700316,0,0,1.1347775287432,4.23908647330903,1.41958711736226,1.25168178415715,1.1347775287432,1.1347775287432,3.43765798384746,0,0,2.19556498707873,0,0.717083363800325
SW00046,swab,0,0,2.24060421015867,0,0,0,4.64954374667099,5.60410493206906,0,4.50847014234381,0.763889543562781,0,0.763889543562781,0,5.69032329276873,3.26862022174451,0,0,0,3.42859498958639,1.53961763648316,4.37281032102363,0,1.91753094499636,1.53961763648316,0,2.88102750349234,0,0,0,0,0,0,1.18804217642251,2.27517430248093,0,1.73132956159488,0,0,0,2.36491859082335,1.39847536117325,0,0,2.14730168321228,3.08355785377754,0,0,1.30588142466133,0,0.763889543562781
SW00047,swab,0,0,3.42866667416373,0,0.57926922886784,0,5.34576507960291,5.61162207478969,0.972503967261737,3.40519456998994,2.2617566899273,0,0.81895158011356,0,5.45875217400079,3.25827449777173,0,0.972503967261737,0,2.95748404872078,4.63348271976325,4.12782387667927,0,1.79588727742862,2.25506044617187,0,3.85981955554998,0,1.17543962362345,0,0,0,0,0.972503967261737,3.06904445289734,0,2.05238640907631,0.57926922886784,0,1.24976103957273,3.51847345699741,1.75518889653927,1.66018251668191,1.17543962362345,1.57219206749572,3.6823309440728,0,0,2.22719262113052,0,1.31320292213972
SW00048,swab,0,0,1.92663451856414,0,0,0,3.94476340563521,5.56459457926547,0,3.83001088232745,1.33973349114708,0,0,0,5.7524117532323,2.36268250668544,0,0,0,2.64261100221316,4.45898099252089,4.18423767700704,0,0,2.46701393570707,0,3.38028043737457,0,0,0,0,0,0,0,1.6307165280537,0,0,0,0,0,3.64172003602002,0,0,0,0,1.92663451856414,0,0,0,0,0
SW00049,swab,0,0,2.81968850888246,0,0,0,3.64271837816202,5.76784289866404,2.75813193904772,3.93571760770923,0,0,0,0,5.51611336467681,2.9692589276369,1.0291567496911,0,0,2.56174554767784,2.92904102837008,4.07495974274468,0,1.69435982005931,1.9457131009313,0,4.25018177580254,0,0,0,0,0,0,0,1.0291567496911,0,1.0291567496911,0,0,0,4.5698451400712,1.5432039080539,1.1914960634635,0,0.766948246829076,2.16558889497417,0,0,3.36782260750295,0,0
SW00050,swab,0,0,0,0,0,0,4.03901431841221,5.32378326281356,0,3.86726369219844,1.86879816119201,0,0,0,5.87214357051241,2.8177870611825,0,0,0,1.86879816119201,1.86879816119201,4.07243513328737,0,0,2.56304278611893,0,3.16421101620507,0,0,0,0,0,0,0,0,0,2.76671711704183,0,0,0,4.03610959419909,0,0,0,0,0,0,0,0,0,0
SW00051,swab,0,0,0,0,0,0,3.38203980863546,5.60518859176542,0,3.62863405013868,3.1059935411514,0,0,0,5.68929357403279,3.59867812164839,0,0,0,3.38203980863546,2.8509931461688,4.31874883599096,0,0,0,0,2.15446449106963,0,0,0,0,0,0,0,0,0,2.62955224232702,0,0,0,4.85470810071999,0,0,0,2.15446449106963,0,0,0,0,0,0
SW00052,swab,0,0,1.40066256406981,0,0,0,4.59069238020306,5.27455875696917,0,4.21844658323143,0,0,0,0,5.86405270851124,3.2836400734866,0,0,0,2.6849748259217,0,4.07856478798412,0,1.69297402045511,0,0,3.0952030404048,0,0,0,0,0,0,0,2.08559763676087,0,2.61455202312223,0,0,0,3.91008535860587,0,0,0,0,2.86793574436037,0,0,0,0,0
SW00053,swab,0,0,2.47786243787521,0,0,0,2.91323051234189,5.63220721351563,1.26196581317148,4.38326495330245,2.19455893054707,0,0,0,5.64471495747563,3.76351584481797,0,0,0,3.47236511722529,2.81415669489189,3.84073980426759,0,0,2.56094723738494,0,4.72373522050388,0,0,0,0,0,0,1.26196581317148,1.09759422696189,0,0.829937341220043,0,0,0,4.54135306164115,0,0,0,1.474205653672,1.26196581317148,0,0,0.829937341220043,0,0
SW00054,swab,0,0,3.2429823195138,0,0,0,5.34125156756493,5.38382253642387,1.91361162798091,4.00592746900531,3.25094673643213,0,1.23533563037921,0,5.6681152075892,3.76809294816615,0,0,0,2.51167926945059,3.63754515359317,3.89241297273483,0,1.81802428401768,2.41510335760694,0,3.89510732894567,0,1.69528108330604,0,0,0,0,2.05822309281065,2.95797700144379,0,2.74157734564844,0,0,1.52354787601318,4.39002718580332,0,1.23533563037921,0,0,3.64237854281653,0,0,3.29943340610378,0,1.23533563037921
SW00055,swab,0,0,2.15099783722933,0,0,0,2.5228051651843,5.39289514898,0,3.65562600177568,1.42422412533307,0,0,0,5.83465381783745,4.22282834142025,0,0,1.13924541536473,2.76049378262234,2.55489675970809,4.2317080572041,0,0,0,0,3.25598681178386,0,0,0,0,0,0,0,0,0,3.44214159028795,0,0,0,3.74309312529229,4.20692426875865,1.13924541536473,0,2.23937049068706,0,0,0,3.52495773092179,1.81224066024991,0
SW00056,swab,0,0,2.83069954498904,0,0,0,3.68427495029001,5.60965529441493,0,0,4.08108747756398,0,0,0,5.69053755306566,3.26260394724043,0,0,0,3.35185047305734,3.92394301501649,4.78373931486653,0,0,1.61039262994197,0,2.74651606642258,0,0,0,0,0,0,0,0,0,1.31988515520226,0,0,0,3.81186340069625,0,0,0,3.03933837511541,2.08035450830982,0,0,3.53675113306029,0,0
SW00057,swab,0,0,1.04530462365814,0,0,0,4.13013984493413,5.67348413680525,0,3.8741774370227,1.9127333777745,0,0,0,5.66759306621268,3.61506674728874,0,0,0,3.42442042260783,3.64388630652489,4.21088397012471,0,0.781738536506129,0,0,3.36051645086806,0,0,0,0,0,0,0,1.85549926451009,0,2.26195612924308,0,0,0,4.07585147765289,1.32631663997313,0,0,2.34867410813608,2.00858019702599,0,0,1.61698065588046,0,1.04530462365814
SW00060,swab,0,0,3.10844948659255,0,0,0,3.64164977218363,5.63629671458387,0,1.99854718201678,3.04377852730501,1.77959375795287,0,0,5.66989196980999,3.6277384846006,0,0,0,3.36726615087342,3.95325743639702,3.90484615285131,0,0,2.47275367919996,0,4.66256303907616,0,0,0,0,0,0,3.40931028651654,1.60709472122956,1.60709472122956,2.50069100066321,0,0,0,4.29129353462573,0,0,0,2.25187869063936,1.77959375795287,0,0,0,1.60709472122956,0
SW00061,swab,0,0,3.03749380782829,0,0,0,4.46927156827024,5.41414599404424,0,4.75334312526923,1.21614491163447,0,0,0,5.70116435996229,3.80122868255581,0,0,0,3.33523491745787,4.21280224281154,3.50501226120575,0,0.940745647909764,2.92977963473394,0,4.73668880326156,0,0,0,0,0,0,2.98523569700296,2.36686743637393,0,1.84832106242978,0,0,0,4.81473950121085,0,1.38334505795317,0,0.940745647909764,2.84274289097745,0,0,0.940745647909764,0,1.74093256232599
SW00062,swab,0,0,2.94455780063367,0,0,0,3.49477791219527,5.62869055639471,0.370388740352553,4.40937046735487,3.04913993745866,0,0.567338873241317,0,5.5961352275948,3.54391420032537,0,0,0,3.64512308697065,3.93902984687989,4.13009415878466,0,0,3.46335180198579,0,4.21066897425778,0,0,0,0,0,0,1.85947088201695,1.01804676161248,0,1.19892112953641,0,0,0,4.5948941745772,0,0.567338873241317,0,1.85131376842595,1.694322695589,0,0,4.78199404431014,0,0
SW00063,swab,0,0,3.429093103808,0,0,0,3.84102048249151,5.60812268505101,2.01814338408824,3.0443135999785,3.77852672782804,0,0,0,5.72801903347472,3.25188859314117,0,0,0,1.19734421513901,1.4843655833174,4.07523155790914,0,0,0,0,4.29338631840723,0,0,0,0,0,0,0,1.77821809000279,0,1.77821809000279,0,0,0,3.97099568200838,1.19734421513901,0,0,0,1.95189024831186,0,0,1.19734421513901,0,0
SW00064,swab,0,0,3.32644180378867,0,0,0,5.87095997370064,4.76645355686409,0,4.16616341934431,3.04907611272789,0,2.24950759972684,0,5.04085004129029,2.54931337761562,0,0,0,2.47037725135111,3.46028104338581,3.88058133743583,0,0,2.07463711723902,0,4.5685968214128,0,0,0,0,0,0,0,3.69944014809501,0,2.07463711723902,0,0,0,3.71940732946122,2.47037725135111,2.24950759972684,0,2.07463711723902,4.05100643470038,0,0,2.07463711723902,0,2.07463711723902
SW00065,swab,0,0,4.44942126741165,0,0,0,5.638419400173,5.2053485160918,0,4.69298264310494,0,0,0,0,5.43468417666932,3.38140047419586,0,0,0,2.38302159557677,2.68315171542498,4.41866303607419,0,0,2.38302159557677,0,3.81265059977115,0,0,0,0,0,0,0,3.61177508166413,0,2.9837310729966,0,0,0,3.55743157535243,0,3.38140047419586,0,2.38302159557677,3.88642636771705,0,0,0,0,0
SW00066,swab,0,0,3.87924226065188,0,1.21539103314008,0,5.30996072304921,5.35150527960354,1.79714772392719,3.97878598144479,3.53944518906115,0,0,0,5.6453123871343,4.06522404505959,0,0,0,2.77988955242615,1.97092333445403,4.86703720989406,0,0.940035008957334,0,0,3.89487652272634,1.38257557275821,0.940035008957334,0,0,0,0,1.38257557275821,3.0664232266969,0,2.23204886591766,0,0,1.74014443049193,3.9132509693524,1.59716504631834,1.38257557275821,0,2.4327478095154,3.56570986532438,0,0,3.09424900566009,0,0
SW00067,swab,0,0,2.99611704228122,0,0,0,5.238719181396,5.26983880865257,0,3.94996987041403,0,0,0,0,5.76209222442059,4.19982602284721,0,0,0,0,2.99611704228122,3.77390297668637,0,0,0,0,3.99572248774506,0,0,0,0,0,0,0,2.99611704228122,0,2.99611704228122,0,0,0,3.99572248774506,0,0,0,3.47294606880568,3.29692788523536,0,0,3.47294606880568,0,0
SW00068,swab,0,0,2.07058707110754,0,0,0,4.03165114090759,5.6592241274733,0,3.75980227300007,3.62808349557746,0,0,0,5.59988359047796,3.18110949113262,0,0,0,3.53829731424519,2.97043496612784,4.3380441001567,0,0,3.63752285269013,0,2.65889804092063,0,0,0,0,0,0,0,1.3861374083432,1.3861374083432,2.63608664391921,0,0,0,4.96258330174661,1.10260067911384,0,0,0,2.1116440399856,0,0,1.10260067911384,0,1.10260067911384
SW00069,swab,0,0,2.93072893353873,0,0,0,4.49897405793258,5.18671309806755,2.03610764407787,3.52485580812302,2.40737650845877,0,1.48236480975812,0,5.88852000514155,3.62729034031726,0,0,0,1.89930104263517,2.13998576248504,3.88673109281381,0,2.22375106557482,2.83019163719759,0,4.09110574368511,0,1.31336668385108,0,1.94984466620553,0,0,2.07356303795516,2.5234819311149,0,2.63020803518703,0,0,0,3.96755512418695,1.60371305805262,0,1.84209071331364,1.03294640469579,2.69913928176667,0,0,2.5234819311149,0,0
SW00070,swab,0,0,1.86957535592346,0,0,0,3.90115223270564,5.62598442457283,0,3.76747357838883,1.25983874253063,0,0,0,5.7268723748134,2.94757978693333,0,0,0,3.02982728529572,1.35194728700724,4.42849265494561,0,1.89407302836565,1.64321209773958,0,2.9259936376872,0,0,0,0,0,0,0.724076153243885,0.724076153243885,1.35194728700724,1.42789780698962,0,0,0,2.45429467440099,0,0,0,1.25983874253063,2.16766330767095,0,0,0,0,0
SW00072,swab,0,0,1.60976542976833,0,0,0,3.8890565188845,5.6646585023489,0,4.0775686572112,2.07971687534508,0,0,0,5.68399851341505,2.85484541443295,0,0,0,3.40531663389509,3.80988648662074,3.76487809412051,0,0,0,0,2.97963246181085,0,0,0,0,0,0,0,1.90542919598877,0,0,0,0,0,4.26032902310247,0,0,0,1.78228657996765,1.90542919598877,0,0,2.20375100552563,0,0
SW00073,swab,0,0,3.06400425812832,0,0,0,4.73294666530231,5.75250910472115,0,2.51910848213488,0,0,0,0,5.42123272603719,2.49363402147887,0,0,0,2.80691108707966,2.49363402147887,4.96826597822623,0,1.01757238183818,2.2981350122197,0,4.19149921967371,0,0,0,2.2981350122197,0,0,1.97831368033878,2.60826431409416,0,2.42252690577335,0,0,0,3.21203691747888,1.58716821370219,0,0,0,2.88810035022925,0,0,3.23404902204093,0,0
SW00074,swab,0,0,2.41796499013465,0,0,0,4.37444930403841,5.44716600689033,0,4.35613483869502,0.938044430822386,0,0,0,5.80012424945522,3.59884374867101,0,0,0,3.36068450753664,3.04956448253396,3.81328661462375,0,0.684419192046093,3.80292271164013,0,3.50717313034043,0,0.938044430822386,0,0,0,0,0,1.8453123535994,0,3.44608090192913,0,0,0,4.16383589961277,1.21327893588297,0,0,0,2.7244928782809,0,0,2.87662743423947,0,0
SW00075,swab,0,0,2.79942923078413,0,0,0,5.27521915061798,5.50772794198283,0,4.32308409394386,2.4481073787572,0,1.85066573873288,0,5.58843878826898,3.33605901881023,0,0,0,3.66741201912512,4.53248432236199,3.84672483456965,0,2.4481073787572,2.14862229687231,0,3.67066447946657,0,0,0,0,0,0,0,3.00629321826857,0,1.85066573873288,0,0,1.55571812701534,4.35304594134914,2.24491500369779,0,0,0,3.48809081184065,0,0,1.55571812701534,0,0
SW00076,swab,0,0,3.37760271165164,0,0,0,5.75434875484763,5.32206118761674,0,3.68982035066804,2.4618967529175,0,1.41666291514492,0,5.21112387591996,2.87739461549205,0,0,1.41666291514492,3.01816182574251,4.15331059418352,3.99024890187231,0,1.58717219593448,3.21287647619858,0,3.76898681175741,0,1.80450312414122,0,0,0,0,1.13196087618128,3.48619864625724,0,2.42253097831836,0,0,1.80450312414122,3.43528619304791,2.00606102573921,1.94868047042664,1.41666291514492,1.70929280642344,4.0796151206916,0,0,0,0,1.70929280642344
SW00078,swab,0,0,3.95374829292081,0,0,0,4.71564913201967,5.51972202971283,0,3.53772792924224,1.89481070606528,0,0,0,5.74068459483415,2.93114388402998,0,0,0,2.73513994690821,3.03577016885327,3.98965701467654,0,0,0,0,3.44570014649817,0,0,0,0,0,0,2.19306526975971,1.5992789238802,0,1.89481070606528,0,0,0,4.27487132818128,0,0,0,4.27576397277663,2.98660013846413,0,1.5992789238802,2.2894180615847,0,0
SW00079,swab,0,0,3.21868049610382,0,0,0,5.03449990116901,5.65376970046528,0,4.26274191784123,3.51093890695933,0,0,0,5.42860755278739,3.86858796078479,0,0,0,4.04513814586961,4.99842372540701,4.01167925996222,0,1.52611058005433,1.62042641267619,0,2.7866934644029,0,0,0,0,0,0,3.53841347932595,2.70417267858054,0,2.34425587137487,0,0,0,4.16814980865077,0.96121114694597,0,0,1.6978695561219,3.2056586787332,0,0,1.23782401723318,0,0
SW00082,swab,0,0,1.94195954137834,0,0,0,3.74708518649057,5.6100021803663,1.58055138987416,3.85535758633276,1.99933055468208,0,1.58055138987416,0,5.73743941925782,3.78124972785587,0,0,0,1.12566817242368,2.99539812471112,4.11802660759636,0,0,0,0,3.44613293363995,0,0,0,0,0,0,0,0,0,2.85590258658814,0,0,0,3.98065536564507,0,0,0,0,1.79781254852217,0,0,0,0,0
SW00085,swab,0,0,2.66184063298425,0,0,0,3.60729258936516,5.6480817442594,1.29435781963294,3.82079628180573,4.5210611624159,0,0,0,5.67361544890857,3.44941822950723,0,1.29435781963294,0,0,1.01483718091674,4.12332417900243,0,1.46303586409971,1.87955650805081,0,3.1470982939208,0,0,0,0,0,0,0,1.29435781963294,0,2.33444059488678,1.29435781963294,0,0,4.27088121973436,1.01483718091674,0,0,0,2.0537332314253,0,0,3.42264798346458,0,0
SW00086,swab,0,0,1.67799469039494,0,0,0,3.9847972955494,5.51318798713797,1.80064850389304,3.74318917185811,0,0,0,0,5.7966807839436,3.61254733207345,0,0,0,3.34414573023997,0,4.11467888412877,0,0.943185389136621,0,0,3.35620485462356,0,0,0,0,0,0,1.50643752623545,1.74363728206518,0,1.60063276662654,0,0,0,4.0181011571246,0,0,0,1.21873253155735,1.97444275472215,0,0,2.49408514039995,0,0
SW00087,swab,0,0,3.98928649858296,0,0,0,4.35662301910216,5.75253793572667,2.11830019480395,3.48074081000553,3.38273638864059,0,0.999432721642309,0,5.31231036976467,3.72010774196287,0,0,0,3.16875056735193,5.1057356580124,3.58057966276354,0,0,1.16078114933235,0,4.41279517612479,0,0,0,0,0,0,1.16078114933235,2.08751088311138,0,1.16078114933235,0,0,0,4.41826729122343,0,0,0,0.739847012526376,2.58820299634683,0,0,2.51722697832989,0,0
SW00089,swab,0,0,0,0,0,1.14653233272267,3.28778892940565,5.82178773814018,0,4.06135971310225,0,0,0,0,5.40652570452999,3.5210497718802,0,0,0,0.87543861900603,3.73093495043476,4.44904894382939,0,0,0,0,2.26288409301695,0,0,0,0,0,0,1.43178302794245,1.3121680143034,0,3.24816296814914,0,0,0,4.46618988617709,0,0,0,0,1.43178302794245,0,0,0.87543861900603,0,1.14653233272267
SW00091,swab,0,0,3.46466078212477,0,0,0,5.36926523362099,5.51497019970399,0,4.63537003759505,2.19429585993007,0,0,0,5.40919350471657,3.9605659370036,0,0,0,3.26178612073618,3.87730985534278,4.01924434371643,0,0,3.28864400592003,0,4.8495280439694,1.60048632450564,0,0,0,0,0,2.29065022943698,3.02122805279164,0,1.60048632450564,0,0,0,4.4586973385177,2.07028161896071,0,0,0,3.59816025322533,0,0,1.89603346804301,0,0
SW00093,swab,0,0,2.43704279868771,0,0,0,4.95092782999039,5.50054602382613,1.92402672967021,4.32171842363619,0,0,2.50644346288883,0,5.72176310683509,3.22011418624459,0,0,0,1.68485133745371,1.68485133745371,4.04827500728482,0,2.6544714218799,1.10890875469623,0,3.56520435193541,0,0,0,0,0,0,0,2.72775062129513,0,1.10890875469623,0,0,1.10890875469623,4.41319266611906,2.07737395610309,0,0,0,3.22011418624459,0,0,1.77996305185192,0,2.07737395610309
SW00094,swab,0,0,4.1808789049123,0,0,0,4.18733171395049,5.64160960330252,0,3.98348477766079,4.62792564220812,0,0,0,5.54300314677497,3.56570688964832,0,0,0,2.86182117956194,2.95861177923359,3.74708666952112,0,0,4.01887322217035,0,4.2217959274872,0,0,0,0,0,0,0,0,0,0,0,0,0,4.93927757461737,0,0,0,3.6985834317208,1.96289010766976,0,0,1.66656489598992,0,0
SW00095,swab,0,0,1.80272029678394,0,0,0,2.46824706695604,5.40278959291377,0,4.24998012971514,1.22071063591732,0,0,0,5.83793036448319,3.68800942466222,0,0,0,2.59281626309151,0,4.211451706721,0,0.690706455358346,0,0,3.50987035870385,0,0,0,1.10439441571718,0,0,0.945051006743588,0,0,3.04846039818781,0,0,0,4.0697317163936,2.81248316233918,0,0,1.98538678666694,0,0,0,3.29521725831426,2.12644280691385,0
SW00097,swab,0,0.772680683615905,2.30732637145812,0.772680683615905,0,0,4.75865593877528,5.61065913061937,0,4.22454001988687,1.03542136010078,0,1.70112702108967,0,5.36139016604802,3.34964705238026,0,0,0,3.07657661397284,3.35628917685599,4.99401730720151,0,1.77886539689973,5.14424793731259,0,3.52567358996716,0,0,0,0,0,0,0,2.2744950430462,0,1.65632878772078,0,0,0,2.94574240316801,0,0,0,0,3.02524542832063,0,0,4.58489248083104,0,1.31596156263071
SW00098,swab,0,0,1.66636235609426,0,0,0,2.26134259146265,5.76179418147258,0,2.56118132531738,0,0,0,0,5.5822873892135,3.56549994423287,0,0,0,3.21346503775023,3.7709137572306,3.6569924839934,0,0,0,0,2.26134259146265,0,0,0,0,0,0,0,0,0,0,0,0,0,4.37040585221388,0,0,0,0,0,0,0,0,0,0
SW00099,swab,0,0,2.91405303805119,0,0,0,5.59778058309169,5.38584728613559,0,3.17396038200676,3.2114141217048,0,2.65237947962617,0,5.49673239581932,3.57728038526607,0,0,0.86934712602852,2.41006603996706,3.83859209609618,3.70948818554344,1.30547820044194,2.91065095733776,1.59562627139976,0,3.46064034169382,0,1.42501005675227,0,0,0,1.30547820044194,0.86934712602852,3.20625731675281,0,1.71780138290838,1.14000285428244,0,1.14000285428244,4.00308525652562,2.11072211183278,1.66099600075867,1.30547820044194,1.30547820044194,3.95773113150173,0,0,3.17209369998074,0,2.20695848312644
SW00101,swab,0,0,2.18321615590664,0,0,0,3.74863779395528,5.52408933531666,1.08710055543087,1.71175423629483,0,0,1.08710055543087,0,5.79723916468935,3.70332333703935,0,0,0,1.36998820893909,3.71802764523148,3.33126078259806,0,1.79736825631271,2.15002019544729,0,3.73450134352137,0,0,0,0,0,0,1.2511815157088,1.36998820893909,0,2.76677184264063,0,0,0,4.15180251554697,0,0,0,0,1.86885223909158,0,0,0.820228588994267,0,0
SW00103,swab,0,0,2.91311618315115,0,0,0,3.66982114834119,5.42578240559966,0,3.46702078590835,3.57230098218378,0,1.16518681932832,0,5.8285132362565,3.52726008257138,0,0,0,3.16004052916538,1.91786444155221,3.91480428705355,0,0,1.98406099692244,0,3.1641156338166,0,0,0,1.16518681932832,0,0,1.98406099692244,1.16518681932832,2.13760926060956,3.35993305837156,0,0,0,4.47250663639347,1.45111261565754,0,0,1.8397313509195,1.62205010776398,0,0,2.58272880296119,1.98406099692244,0
SW00105,swab,0,0,3.52353368401199,0,0,0,4.74039922846458,5.57345368282381,0,3.9746351370479,3.63012485813385,0,1.69344195924351,0,5.70296454979484,3.68810408251288,0,0,0,1.02830761703479,4.0626264032685,3.63889674685062,0,1.77115453188352,1.02830761703479,0,3.95224394434411,0,0,0,0,0,0,0,2.21866629539001,0,2.10296764753,0,0,0,4.20519608072997,0,0,0,0,3.03520316516204,0,0,3.1926891161114,0,1.02830761703479
SW00108,swab,0,0,2.24651784095702,0,0,0,4.84459246483835,5.65825421325511,0,3.97809392418069,1.55728536198581,0,0,0,5.57234815974364,3.87147320583397,0,0,0,0,3.80759768701408,4.11682097438061,0,0,0,0,4.74374387671081,0,1.55728536198581,0,0,0,0,0,1.85225503718071,0,2.44971363683797,0,0,0,3.91248800361298,0,0,0,0,2.72199473481141,0,0,2.0263072496711,0,0
SW00110,swab,0,0,2.84916507167589,0,0,0,4.63618397332189,5.57525955869577,1.94369906366611,4.61325390050581,1.64758521494513,0,0,0,5.63796355678006,3.05720680324121,0,0,0,0,4.5313324874038,4.40746009588349,0,1.64758521494513,3.2290176266122,0,4.15459281807705,0,0,0,0,0,0,1.52589326264329,2.45214604242795,0,0,0,0,0,4.40856559713825,0,0,0,0,2.9854759450275,0,0,2.84244129262579,0,1.52589326264329
SW00120,swab,0,0,2.64811371469635,0,0,0,4.93301193880641,5.62412193991887,0,3.26344366690736,1.57255520238447,0,0,0,5.65707186105568,2.65515981895812,0,0,0,2.41976397400347,2.14369070472437,4.01900229602672,0,0.917744517061165,1.7153503059723,0,3.77885860189122,0,0.917744517061165,0,0,0,0,1.35838524289403,2.45439898173119,0,2.71996716355412,0,0,0.917744517061165,4.23178936003952,1.57255520238447,1.64979534781639,0,1.19170539761855,3.17385126938895,0,0,2.44315811171842,0,0
SW00123,swab,0,0,3.19275839623509,0,0,0,3.90587227948716,5.59821346470734,2.24467373880052,4.25634445058569,2.72890100104457,0,1.06794417436473,0,5.67345723238832,3.58311595172119,0,0,0,3.30349331784626,4.74518632378607,3.8767498400215,0,0.659392916270146,1.9372566628278,0,4.11062048937039,0,0,0,0,0,0,0.659392916270146,1.51957169861725,0,2.4879111182929,0,0,0,4.30728453728225,0,0,0,0.910036792101831,1.83711753571303,0,0,3.00421498962259,0,0
SW00124,swab,0,0,1.59969741821679,0,0,0,2.60396405892336,5.73470290401528,1.42903043711255,3.76287302564985,2.91822459744597,0,0,0,5.61753877864829,3.42765263702914,0,0,0,1.14387825796618,1.42903043711255,4.16959565172549,0,1.14387825796618,0,0,2.85249309505005,0,0,0,0,0,0,0,0,0,0,0,0,0,4.21977287075917,0,0,0,1.59969741821679,0,0,0,2.8364292913678,0,0
SW00131,swab,0,0,3.5775797590608,0,0,0,5.33883777259107,5.29967426995591,0,4.75109044353334,2.87906898964657,0,1.75584840263953,0,5.25378825092471,3.33942452820647,0,0,0,3.80892637791316,5.24730055357206,3.29245068197547,0,2.05305175634562,0,0,4.36254978820576,0,0,0,0,0,0,1.92939231707048,2.99164210940451,0,1.46237200096642,0,0,0,5.09715053083699,1.92939231707048,2.29443943741989,1.75584840263953,2.05305175634562,3.70007078456114,0,0,0,0,0
SW00133,swab,0,0,1.82635768164349,0,0,0,3.5442310240104,5.72384380294977,0,2.36577391109481,2.36577391109481,0,0,0,5.60937762626734,3.54830777719957,0,0,0,3.12118976387341,3.36408698483128,4.13373024000701,0,0,1.53175763733508,0,4.35069024657508,0,0,0,0,0,0,1.82635768164349,0,0,2.750022968341,0,0,0,4.19369004824293,0,0,0,1.53175763733508,2.29913879742183,0,0,0,0,0
SW00137,swab,0,0,3.37450909427955,0,0,0,5.61800639237542,5.12253955401378,1.16925307131521,4.08675644776578,3.63582737237484,0,0,1.62630957705775,5.55448114534284,3.63582737237484,0,1.92217511880328,0,3.15194067979978,2.53799740400468,4.00512752198028,0,1.84403168831386,1.62630957705775,0,4.49921507445334,0,0,1.16925307131521,1.74867376336064,0,0,0,3.36429429449484,0,2.41920817498753,0,0,0,4.17023507232927,1.74867376336064,1.98837909028067,0,2.52032106337368,3.92489010343454,0,0,2.84698560691697,0,0
SW00142,swab,0,0,2.82537957567242,0,0,0,4.03488027671192,5.7036353124852,1.87630016715999,4.16055196133771,4.31766627174906,0,0,0,5.40533978524961,4.01974795477965,0,0,0,3.48341390382702,4.0552170181157,3.80505383253715,0,0,4.0552170181157,0,4.9338257580084,0,0,0,0,0,0,3.1012803557628,0,0,2.34955486208592,0,0,0,4.78483762609646,0,1.87630016715999,2.17443347504313,0,2.17443347504313,0,0,3.34780361555625,0,0
SW00144,swab,0,0,4.00557005584939,0,0,0,5.54834745179999,5.45099719265156,0,4.53688768157377,0,0,2.52297708616637,0,5.3937576927792,4.03401345128981,0,1.05643890314008,0,1.50736096612163,2.96148006799918,4.01044187675915,0,2.77313027668534,1.72377473520621,0,4.45886061619152,0,0,0,0,0,0,0,3.23948930971759,0,1.3379691596413,1.05643890314008,0,0,3.98458327717049,1.92480738400032,1.05643890314008,0,0,3.90137243133384,0,0,2.76545652355412,0,1.92480738400032
SW00147,swab,0,0,2.11350332871258,0,0,0,4.46096291182163,5.59340855504399,0,4.53340486489737,0,0,2.17107706022701,0,5.68619219550994,3.51560074657723,0,0,0,2.17107706022701,1.57771611678817,4.54060243032198,0,1.96871088257095,0,0,3.7578844698276,0,0,0,0,0,0,1.87296615056643,2.04711353396443,0,2.52162934561144,0,0,0,4.13898136865651,0,0,0,0,2.87840708645747,0,0,0,0,1.2880202669708
SW00153,swab,0,0,3.14645756786262,0,0,0,4.16952148850578,5.66634833192268,0,3.72498821182141,0,0,0,0,5.67808462314782,2.90040285728413,0,0,0,3.08385885563858,3.27454605152874,3.79289910009244,0,0,0,0,3.21796276908143,0,0,0,0,0,0,2.71884321995498,2.10167404964994,0,1.92729762649047,0,0,1.34037386947072,4.32613113016346,0,0,0,3.60798152585689,2.57649827254474,0,0,1.80406698127587,0,0
SW00155,swab,0,0,2.51369683053758,0,0,0,2.9367424897275,5.63993705966053,0,3.79989010757635,2.0047973211512,0,0,0,5.69384023662391,3.13513549413004,0,0,0,2.46062485640043,3.71447487904943,3.83145403062888,0,0,0,0,4.19519615955405,0,0,0,0,0,0,0,0,0,1.41543557339185,0,0,0,4.4382470993703,0,1.13077888322593,0,3.68742952563619,1.13077888322593,0,0,2.27578950999936,0,0
SW00156,swab,0,0,3.3227425812133,0,0,0,3.33646992758453,5.41332104104411,1.42028028654217,3.38288254390381,3.52416173649128,0,1.25236202043068,0,5.83904277428172,3.77888888634619,0,0,0,3.23834142728098,2.64332841010498,4.02398205419345,0,1.71298052678184,2.04422031016654,0,3.072832060077,0,0,0,0,0,0,2.07612472387402,0,2.30868665128304,2.9681968548974,0,0,0,4.25228687748044,0,0,0,2.43309167892892,1.42028028654217,0,0,2.93967315092696,2.37532854468029,0
SW00159,swab,0,0,1.86411432618717,0,0,0,2.74821282220393,5.66790595559937,0,1.44793184648521,0,0,0,0,5.69060482451479,3.66946769202653,0,0,0,2.13433546192293,3.63366430189769,3.4352113612352,0,1.66354285140712,0,0,3.16485719090358,0,0,0,0,0,0,0,0,0,2.65497721275377,0,0,0,4.47133051171821,0,0,0,0,0,0,0,1.00072227033962,0,0
SW00168,swab,0,0,1.86779021468814,0,0,0,4.82452148534954,5.67012750649987,0,3.95463043439431,1.47859412372199,0,1.94598895746403,0,5.55963246671095,3.86278886638112,0,0,0,0,3.94253763809434,4.14744981204941,0,2.31114628057737,1.47859412372199,0,4.74016142442023,0,0,0,0,0,0,0,2.48652980476041,0,2.41981905492595,0,0,0,3.79944839117779,1.1917571331541,0,0,0,3.08752602655924,0,0,0,0,0
SW00169,swab,0,0,3.10216690764421,0,0,0,5.59487697819533,5.35146335642338,1.24367746363972,4.1380559390586,2.65049808275769,0,2.53119599609141,0,5.45219976941689,3.58188781175637,0,0,0,3.24575837783235,3.11336638378677,3.6730991414311,0,2.84716892009746,2.39600180340297,0,4.60600741299643,1.24367746363972,1.62648881206602,0,0,0,0.966746608779799,1.76967447417281,3.23544803764908,1.24367746363972,2.09671325966908,0,0,0,4.30383094530875,2.38133871303765,0.966746608779799,1.24367746363972,0,3.86216764904723,0,0,2.09671325966908,1.70395609706666,2.12452468327527
SW00173,swab,0,0,0,0,0,0,2.24311016748025,5.71808152073741,0,2.24311016748025,0,0,0,0,5.64141970791619,3.8481384183487,0,0,0,2.30970234513554,0,4.1186017852465,0,0,0,0,2.71857408342713,0,0,0,0,0,0,0,0,0,1.47719137037549,0,0,0,4.25698261111041,1.47719137037549,0,0,0,0,0,0,2.24311016748025,0,0
SW00174,swab,0,0,2.29092421372538,0,0,0,4.30844880808819,5.44084421507871,1.74036234837581,3.74783079113772,3.71414492380315,0,0,0,5.82291781154086,3.40095188056347,0,0,0,2.13924887265746,2.37106751631474,3.70898111912911,0,0.913813547318462,0.662757559775596,0,3.56331458270124,0,0,0,0,0,0,1.76789727451158,1.88422842673287,0,2.59879016020282,0,0,0,4.13862439886322,1.07188168931437,0.662757559775596,0,1.35410810708521,2.64718695124341,0,0,3.0395723894745,0,0
SW00177,swab,0,0,2.55890230318928,0,0,1.27328010207157,4.60883303928764,5.55678684491871,1.10861106472286,3.4528602584606,2.47280621057814,0,1.10861106472286,0,5.75547523280866,3.13817567887863,2.11811577065616,0,0,3.19752894505916,3.34311171433893,3.84688414687153,0,2.48137771269876,2.26609310472481,0,3.84394765226499,0,0,0,1.10861106472286,0,0,0,2.52186755104763,0,1.92370775594321,0,0,0,3.49514446087645,3.22594818147736,1.10861106472286,0,0.840148808949243,2.95469753585549,0,0,1.27328010207157,0,1.27328010207157
SW00179,swab,0,0,2.04197529851441,0,0,0,4.42390509058323,5.66081206564485,1.35849703100814,4.27814958083479,1.6499096394048,0,0,0,5.63933379266646,3.45062889796864,0,0,0,1.52820042041175,4.08746182277531,4.44631236859551,0,0,1.69998029707232,0,3.4654869599131,0,1.07608553886379,0,0,0,0,1.23985356766579,1.74487035119729,0,2.34102938673948,0,0,0,4.10974613098483,0,1.59330471310924,1.23985356766579,0,2.80212793308873,0,0,2.82399608735778,0,0
SW00240,swab,0,0,3.30345131923483,0,0,0,4.26570387463487,5.89924053748995,0,2.25386721770402,0,0,1.39426133975488,0,5.21475804008093,2.39930311158843,0,0,0,2.33264484843827,0,3.8656929576431,0,1.11040674834307,0,0,3.47861343440166,0,0,0,0,0,0,0,1.85954296590092,0,0,0,0,0,3.23995148701034,1.11040674834307,0,0,0,2.39930311158843,0,0,3.98010963336577,0,0
SW00243,swab,0,0,0,0,0,0,2.20625497864213,5.65371157618125,0,1.64912721738222,0,0,1.47787994404695,0,5.69859850312062,3.77606738816376,0,0,0,3.46333228591344,2.69451018903936,3.38764003483229,0,1.77162354869496,0,0,3.49674497200777,0,0,0,0,0,0,0,0,0,1.94525858902254,0,0,0,4.36411467232398,0,0,0,0,1.47787994404695,0,0,4.05706057040348,0,1.47787994404695
SW00244,swab,0,0,1.56322382244044,0,0,0,4.03409924175087,5.50364026465197,0,4.10022324923319,3.27569163025975,0,1.56322382244044,0,5.79913492527106,3.29959145570609,0,0,0,3.52444319918973,0,3.51510599509712,0,1.56322382244044,2.72808978490602,0,2.9134437450657,0,0,0,0,0,0,0,1.85827637034666,0,0,0,0,0,4.14228141149841,0,0,0,0,2.33136645884785,0,0,3.23268097584148,2.25259001739195,0
SW00247,swab,0,0,2.56222484958941,0,0,0,4.12926715624472,5.76849820572173,0,4.28360311835543,1.30438035490844,0,1.30438035490844,0,5.54299601844789,2.6257316217351,0,0,0,2.7743720395663,3.56343163763077,4.08713579549689,0,1.76689342270861,1.59450053397572,0,3.13992686297321,0,0,0,0,0,0,0,2.13060457082662,0,0,0,0,0,4.05537250666832,0,0,0,1.76689342270861,2.36334612711965,0,0,2.906068364174,0,1.30438035490844
SW00248,swab,0,0,2.7246671207653,0,0,0,3.04253062223847,5.67829807329588,0.997555867608394,4.0983086026112,2.11324748850168,0,0,0,5.58885466433394,4.48835092892728,0,0,0,3.48186886847021,2.21425718895959,4.50408610890632,0,1.25511255130786,4.16305010399373,0,3.59330912663146,0,0,0,0,0,0,0,0.803889003511657,0,0.803889003511657,0,0,0,4.53866554414351,0,0.660633280314281,0,1.44453879059022,0.660633280314281,0,0,3.28176071478447,0,0
SW00250,swab,0,0,1.0813821672132,0,0,0,3.73847765037293,5.65674739979395,0,3.71689739962525,1.0813821672132,1.0813821672132,0,0,5.70102200855223,3.28206613970926,0,0,0,0,1.89446436438956,3.98185752004636,0,0,0,0,3.08157970411062,0,0,0,0,0,0,0,1.0813821672132,0,3.75735961979201,0,0,0,4.16571077753552,0,0,0,0,1.89446436438956,0,0,0,0,0
SW00259,swab,0,0,2.95600894139077,0,0,0,4.48455784261793,5.69174153785812,0,3.86076087122827,0,0,0,0,5.61935685197493,3.82278883219586,0,0,0,3.8448918630473,0,4.2276632930911,0,1.72490640491401,0,0,4.00449071040826,0,0,0,0,0,0,0,1.94346982052312,0,0,0,0,0,4.06303653365454,1.26384905756305,0,0,1.26384905756305,2.58308313557812,0,0,2.73169273107294,0,1.55288716966119
SW00262,swab,0,0,1.87611373101166,0,0,0,2.76916454729754,5.69701590111871,0,1.73997186475261,1.68310750589204,0,0,0,5.6794180702108,3.21298710301288,0,0,0,3.40885874168604,1.73997186475261,3.28245074491701,0,1.32697960951148,2.03703208602227,0,3.04148821749795,0,0,0,0,0,0,0,0,0,1.68310750589204,0,0,0,4.11088128566408,0,0,0,0.888955020755567,1.44677418869887,0,0,3.4936870520757,0,0
SW00265,swab,0,0,2.11619838677592,0,0,0,2.96072767439815,5.45021203640443,0,3.98538710865236,0.763640841777655,0,1.02553878811596,0,5.83287196909996,3.51414028533174,0,0,0,3.42829463554573,0,3.75272046050606,0,2.00800243089583,2.36461942200676,0,3.68158883088296,0,0,0,0,0,0,1.18776120402448,1.39818690292257,1.69044801147605,0,0,0,0,3.98903899553627,0.763640841777655,0,0,0.763640841777655,1.18776120402448,0,1.02553878811596,1.18776120402448,1.98702626218426,1.18776120402448
SW00268,swab,0,0,2.35940223521592,0,0,0,4.25852957180595,5.67774857261387,0,4.05074123166932,1.92109051784153,0,1.59955171765825,0,5.65486996946725,2.80992675932033,0,0,0,3.29840421657463,2.23202280592453,4.1283840262736,0,1.69427217036918,1.9456246565992,0,3.68808889324518,0,1.30930693746522,0,0,0,0.766874089306534,0.766874089306534,1.77198755262908,0,0.766874089306534,0,0,0,4.30347153102054,0,0,0,1.40193495099433,2.42739085163812,0,0,2.81317489612219,0,1.02907565728761
SW00288,swab,0,0,4.22518075263882,0,0,0,5.17991060709997,5.41851676195367,2.42744047908399,3.71220534267572,3.86783006371204,0,2.8523935906164,0,5.67574701683602,3.73410304057473,0,0,0,2.64863950509608,3.5051313340134,3.80002027117976,0,3.29133787456894,3.48031573391217,0,4.35183292830803,0,0,0,0,0,0,0,2.64863950509608,0,0,0,0,0,4.53529305571609,0,0,0,3.0630122442398,3.46735511138984,0,0,0,0,2.7944887899696
SW00302,swab,0,0,2.22159617814096,0,0,0,3.26061211451495,5.66828033979207,1.74965843170446,3.58551679858951,1.9231656700229,0,0,0,5.65159057073314,3.67264646669713,0,0,0,3.16947764116877,3.76105136901514,4.7749891313214,0,0,2.28817033899191,0,2.57232778488993,0,0,0,0,0,0,1.45628951099043,2.18404457829965,0,0,0,0,0,3.76723987841769,2.14293607583996,0,0,0,1.17018777868381,0,0,3.19315669752846,0,0
