Sample_ID,sample_type,Acidobacteria_Gp2,Actinobacteria,Alphaproteobacteria,Bacilli,Bacteroidia,Betaproteobacteria,Chloroplast,Clostridia,Cyanobacteria,Deferribacteres,Deinococci,Deltaproteobacteria,Epsilonproteobacteria,Erysipelotrichia,Fibrobacteria,Flavobacteria,Fusobacteria,Gammaproteobacteria,Lentisphaeria,Mollicutes,Negativicutes,Opitutae,Sphingobacteria,Spirochaetes,Synergistia,Thermomicrobia,Thermoprotei,Thermotogae,Verrucomicrobiae
ST00001,stool,0,3.38793568029544,0,3.05714557486034,5.50028977802371,1.74247526874151,0,5.80697976746233,0,0,0,0,1.74247526874151,4.16914368904893,0,0,0,3.85845717196664,0,0,4.2217098064231,0,0,0,0,0,0,0,1.74247526874151
ST00003,stool,0,4.24836293848487,2.79196012157774,2.603286174177,5.62526848063861,3.59030480673731,2.64098450277079,5.70715544319513,0,0,0,4.02174861503895,1.57258748866462,4.02024340347267,0,1.57258748866462,0,2.79196012157774,2.51637652629956,0,4.3331513359771,0,0,0,1.57258748866462,0,0,0,3.27704234493703
ST00005,stool,0,3.69532485692263,1.32928037561564,4.41893516212279,5.58416046127861,3.2431877397357,1.68547173521481,5.70255498219409,0,0,1.87849588071718,2.32474254479804,2.01165975180467,4.06536806013826,0,0,1.44910229574552,3.52867780211953,0,1.16324536773371,4.80288087123269,0,1.54291302935567,0,0.891058192242715,0,0,0,1.16324536773371
ST00006,stool,0,3.59246152407997,2.10907552832136,3.06030460082037,5.65103326531855,4.48891477805038,0,5.67208306690492,0,0,0,3.27224744719802,0,4.19561672973244,0,1.63865901596939,0,0,0,0,4.45723773406889,0,0,0,0,0,0,0,0
ST00008,stool,0,2.93348877512547,1.79389158440806,1.8894032286361,5.79650766722795,4.83247698437015,0,5.3602789992548,0,0,0,3.57051732593796,0,3.18071603587275,0,0,1.79389158440806,2.18762290614929,0,0,4.84708597556795,0,0,0,0,0,0,0,2.03392759571389
ST00009,stool,0,4.61082565861392,1.6484801717872,3.17038455508357,5.7377063339321,1.6484801717872,0,5.51419561321232,0,0,0,3.37119073270436,0,4.52904604380129,0,1.94460419822912,0,3.37119073270436,0,0,4.65898298604346,0,0,0,0,0,0,0,1.6484801717872
ST00015,stool,0,3.285368740613,0,3.52831029824981,5.83545118664115,4.24557105282412,1.62652268276609,5.36027512748378,0,0,0,0,1.16945655760074,3.09360826346521,0,1.45553269593761,0,3.32106651982329,0,0,4.7769126013516,0,0,0,0,0,0,0,0
ST00016,stool,0,3.04791351853616,2.62124070083681,2.6525766826742,5.85832891289096,1.33951305973812,0,5.40432015681639,0,0,1.33951305973812,1.80317911239089,0,3.23323839116935,0,1.0579151307074,1.0579151307074,4.20229125021523,0,0,3.69032710894413,0,0,0,0,0,0,0,0
ST00017,stool,0,4.91974498536211,3.90663216401494,4.38371752002504,5.09366845859433,3.3948699392779,0,5.87072969780136,0,0,0,3.4917449608421,0,3.83409128690851,0,0,0,0,0,0,3.69581245104549,0,0,0,2.79333448157476,0,0,0,0
ST00018,stool,0,3.87018460948039,1.41866503774314,4.55438491052032,5.50173681742577,4.05212475777383,2.57901638710177,5.72240349332231,0,0,1.41866503774314,2.65800677438861,0,4.8287841158039,0,0,1.71133393917695,0,0,0,4.30052563739433,0,0,0,0,0,0,0,4.0766762581264
ST00019,stool,0,3.54163368724173,1.70811339736492,2.7215387702072,5.83062988663259,4.05558815365727,0,5.37125401861389,0,0,0,3.18410824952273,0,3.84416047131347,0,0,0,1.41550612908011,0,0,4.80418869119958,0,0,0,1.70811339736492,0,0,0,2.10092022921353
ST00021,stool,0,4.39658692488903,3.07800836440502,3.44577773401136,5.46810526112095,3.45164457909433,1.59062729275558,5.80212993418404,0,0,0,3.01112205236175,1.30060361961838,4.28564822356304,0,1.59062729275558,1.30060361961838,0,0,0,4.1905548345049,0,1.30060361961838,0,0,0,0,0,3.64389137218726
ST00023,stool,0,4.43682006934023,0,4.18704380272364,5.54153078583784,3.95913037877983,1.94994345336615,5.72180665717906,0,0,0,3.05936472997918,1.13314407832395,3.86268251196641,0,0,1.58841653375224,3.1757811585188,0,0,4.79996231005105,0,0,0,0,0,0,0,1.80576045513735
ST00026,stool,0,4.21040687575769,2.90988489564139,4.47756631192784,5.53260069040637,3.4024376099439,1.95989700209456,5.67044322787696,0,0,0,3.18583973328648,0,4.26476139062126,0,1.95989700209456,2.25853890708937,0,0,0,5.06872047496661,0,1.95989700209456,0,2.65503973267176,0,0,0,3.52343948032199
ST00027,stool,0,4.71711273520332,3.97514575785536,4.54368055974597,5.08079093022008,3.5949988936871,0,5.87926342812566,0,0,0,3.81896923204062,0,3.78877919068958,0,1.99722149698533,0,2.53815625213863,2.17185336710402,0,3.57272830700677,1.99722149698533,0,0,2.53815625213863,0,0,0,3.63141928021996
ST00028,stool,0,3.89135561676977,2.0134010661158,4.34810500538679,5.74541968067333,4.17606106943782,2.10278741900356,5.50123251139002,0,0,0,1.94161535772333,1.22305165873608,4.10851206629705,0,0.947259528027816,1.74815024952071,2.94104688522883,0,0,4.82730034109088,0,0.947259528027816,0,0.947259528027816,0,0,0,1.74815024952071
ST00030,stool,0,3.25426268263954,2.51498689562071,3.59744958291153,5.82991746222256,3.75677217950442,0,5.42046599839422,0,0,0,3.84107964709983,0,4.50820867037158,0,0,1.62108642373924,1.62108642373924,0,0,3.9853613690128,0,0,0,0,0,0,0,1.62108642373924
ST00031,stool,0,3.69143156226593,0,4.5102783231547,5.71896645422108,4.10344752210487,0,5.53950929099975,0,0,0,2.43423832605513,0,3.76659074126402,0,0,4.57966237250016,4.08450485239571,0,0,4.3771383892098,0,0,0,1.59862331535875,0,0,0,0
ST00035,stool,0,4.52044361083662,2.61148002353487,4.44225605455057,5.3402770017623,4.55101612207962,1.19210024319457,5.78094063973125,0,0,1.47894862739117,3.17638490590592,0,4.61290149110104,0,1.19210024319457,1.19210024319457,3.91612736656196,0,0,4.46969800467383,0,0,0,0,0,0,0,2.01259571221423
ST00039,stool,0,4.30354038617097,0,5.07120829896433,5.5690116379362,4.15742098623353,0,5.59196077570515,0,0,0,0,0,4.36152963444444,0,0,0,0,0,0,4.78064724760769,0,0,0,3.45857186424182,0,0,0,0
ST00040,stool,0,4.07061798774787,0,4.37162952707296,5.60206107706281,0,0,5.74267971764691,0,0,0,0,0,0,0,0,4.07061798774787,0,0,0,0,0,0,0,0,0,0,0,0
ST00041,stool,0,3.63959634206449,1.62864218067707,3.17490037046286,5.83637069878311,1.62864218067707,0,5.4029977645109,0,0,0,3.48768047819018,0,4.25980543605371,0,0,0,3.43800981942464,0,0,4.49222302777335,0,0,0,0,0,0,0,0
ST00042,stool,0,4.4160297853285,2.27842755808178,4.63407896835774,5.41428045276971,3.98798591452144,2.27842755808178,5.74837916341528,0,0,2.57831230650174,3.37322797675385,0,4.04332920907828,0,0,0,2.92985726875784,0,0,4.93223731389569,0,0,0,0,0,0,0,2.87876854403018
ST00044,stool,0,2.92619891916533,2.28943061690657,3.1711489971681,5.68922463153493,4.79228374097631,0,5.46180826141909,0,0,0,0,1.59929122648606,2.96435992339806,0,0,1.69401036217884,5.16994971207772,0,0,3.90790479134567,0,0,0,0,0,0,0,0
ST00045,stool,0,3.39597228521942,1.07769574502369,3.17466451914487,5.90283344414152,4.55521624351721,1.19345944051683,5.10857934318276,0,0,0.919392770629788,0,0,2.68412428781733,0,0.66773380571058,0,2.80388260048231,0,0,4.49167461669785,0,0.66773380571058,0,0,0,0,0,0
ST00046,stool,0,3.74977318326072,0.904409667477467,4.30192936135565,5.76806682749322,4.52531931036999,2.08067658133551,5.49584477827017,0,0,0,3.48822116452971,0,3.35059037432242,0,1.4638539684598,0.904409667477467,3.30318807712918,0,0,4.52935032029405,0,0.904409667477467,0,0.904409667477467,0,0,0,1.6349413273548
ST00047,stool,0,4.10179910773041,1.97161161887205,5.10323034125993,5.36503121603476,3.71210945154782,1.97161161887205,5.71849974120294,0,0,0,0,1.87585913999504,4.95399549667248,0,0,0,2.0500194579381,0,0,4.01309730998668,0,0,0,0,0,0,0,0
ST00050,stool,0,3.38280447754953,2.5071473238307,4.3559468060005,5.70779385944168,4.01676387960988,2.07454416277518,5.50000502936767,0,0,0,2.51589422844006,1.14862164969703,3.69934642286071,0,0.877389081178275,4.95526174580734,3.66326516638974,0,0,4.5728539591907,0,0,0,0,0,0,0,0.877389081178275
ST00051,stool,0,3.73939106743705,2.87954740122386,3.07316105912804,5.55635391735665,4.36061460135649,0,5.76050197365224,0,0,0,3.69613066800458,0,4.05870723737761,0,0,0,2.15502507001229,0,0,4.18542727984666,0,0,0,2.57909013632589,0,0,0,3.09018028420426
ST00053,stool,0,4.06856777363121,3.69819073686943,3.48397533461315,5.60251858171216,4.55929310842621,0,5.69687018243249,0,0,0,3.20815616686899,0,4.2666774444258,0,0,1.70248482805034,2.26044452240726,0,0,4.40784952070636,0,0,0,1.2422622517948,0,0,0,1.92087347986266
ST00054,stool,0,4.37817802373673,3.02416684686204,4.40814003507786,4.87767812563751,3.2780183214561,2.6098502624144,5.71876664146582,0,0,2.8312722287335,3.52972953888481,0,4.88279202204209,0,1.44843818420951,0,0,0,0,3.94993589422527,0,0,0,1.91512518140006,0,0,0,5.4132416741049
ST00056,stool,0,3.79879067740994,2.08158600322015,4.06414099228233,5.44169283975331,3.59282023509331,2.95762876555999,5.75690702526881,0,0,1.7183817471321,3.22876556010821,0,4.35609103478003,0,1.2575630514651,0,2.38081269194485,0,0,5.01225806387241,0,0,0,2.86693268646394,0,0,0,3.0114482825695
ST00057,stool,0,4.9340037938848,2.42120286446018,3.966522198293,5.36276409667039,2.89162828157747,0,5.72702532671235,0,0,1.32658211254849,3.50577461778323,1.0455581409937,5.0905157839032,0,1.91300858387027,1.49579452176529,2.32884067598306,0,0,4.11283996236847,0,0,0,2.21137739098175,0,0,0,1.49579452176529
ST00059,stool,0,2.79151717555187,1.32744456034677,3.8897696367443,5.81837217565869,4.20800010572311,0,5.45160400247718,0,0,0,3.77567298338003,1.32744456034677,3.52675212025639,0,1.49667072487002,0,0,0,0,4.39767141821607,0,0,0,0,0,0,0,0
ST00060,stool,0,3.56695576870947,1.97486718338923,3.1088817617532,5.73320149725585,0,0,5.55230552345285,0,0,0,3.11670106370559,1.67841466690931,4.86052819262623,0,0,0,0,0,0,4.28413074030966,0,1.38639738328147,0,1.85145964019178,0,0,0,3.60381754717543
ST00062,stool,0,3.72694970234305,3.38767117826484,2.89734964548482,5.42931254424516,3.77604977483504,0,5.84226841525745,0,0,0,2.75144159054835,1.58599513098743,3.73901198252203,0,0,1.58599513098743,2.1795219593608,2.27585708898315,0,4.04444113381812,0,0,0,2.53010569642177,0,0,0,3.53374838974902
ST00063,stool,0,3.7868999731654,2.6832434707509,2.89773571564945,5.45930597895322,4.03107653969972,1.83486893559285,5.82377979923102,0,0,0,3.07715735287881,0,4.03417836857043,0,1.02630282643744,1.59656900006589,0,0,0,4.18534331985255,0,1.02630282643744,0,0,0,0,0,0
ST00064,stool,0,2.74089157322009,0,4.32575431514598,5.74382454776472,4.09610487819249,2.22418778592142,5.571818044861,0,0,0,3.91712249152223,1.70731478686734,3.8767843663496,0,0,1.70731478686734,2.76640060876494,0,0,4.33555165930002,0,0,0,0,0,0,0,1.24690886570719
ST00065,stool,0,3.7301608407174,1.29528374267792,4.17309907996424,5.58977782448529,3.81889990695749,1.41468635669999,5.72433144676961,0,0,0,2.26037070040468,0,4.51126406705984,0,0.860080712848567,1.58517000983054,2.43066408535352,0,0,4.30815389734083,0,0.860080712848567,0,1.41468635669999,0,0,0,2.94529353059182
ST00067,stool,0,3.59012601248515,1.4007985903719,4.15773569330438,5.63795505565164,4.09671382736938,0,5.69030018811122,0,0,0,3.10780335476989,0,3.53865022105293,0,0,1.4007985903719,3.84714326758414,0,0,4.50738008150245,0,0,0,0,0,0,0,2.83098793735084
ST00069,stool,0,3.89591846684851,2.6385209901446,3.90299587186996,5.68112297818765,4.25836793425711,2.60994386962341,5.62923394774812,0,1.75134311222386,0,3.75366863583102,1.28935340872622,4.41445571810644,0,1.92486038455862,2.52303056359233,2.96589370790285,1.57908445315842,0,4.40839050653971,0,2.17247303667476,0,2.65657846317587,0,0,0,2.24664543349838
ST00070,stool,0,3.93337395224495,1.61242640679061,4.85431001598302,5.61140045240624,4.07971872557983,1.23010409233884,5.64119199410861,0,0,0,3.52194751531525,0,3.48832542733836,0,0.953916844753298,0.953916844753298,2.28519281825023,0,0,4.70992872729489,0,0,0,0,0,0,0,3.55120568665937
ST00075,stool,0,4.6004734305297,1.93643500058396,5.30408529056722,5.11381403451372,3.61945714952877,0,5.73195433708294,0,0,1.7353210711642,2.86772663194735,1.06718404926495,4.01105394741616,0,0,1.51876557471901,2.65250525931437,0,0,4.866261147215,0,1.06718404926495,0,0,0,0,0,1.51876557471901
ST00076,stool,0,4.07988456490519,2.69788994577056,3.40482818252435,5.35243367263366,2.65763145926753,3.83512971240594,5.76019196638415,0,0,1.1153619852275,3.67520219447679,0,4.78177469836055,0,0,1.1153619852275,3.09390510301112,0,0,5.04209545883095,0,0,0,2.18621804845062,0,0,0,0
ST00077,stool,0,4.0652363985647,3.09795572255029,3.90338549716861,5.34179075476834,4.33491293044406,2.82097319112989,5.82984973878083,0,0,0,4.01631716934247,1.46441700561298,4.25204700646981,0,1.17804311751682,3.9697790675731,0,0,0,3.934665921696,0,1.17804311751682,0,1.46441700561298,0,0,0,4.17763160660196
ST00078,stool,0,4.04428734906224,2.61739423236759,4.30845742946556,5.6452800540065,3.7966220954786,1.48468174385943,5.67436490495696,0,0,1.48468174385943,2.77198165763378,2.42609057698543,3.3396472978703,0,0,2.25081262962862,2.93312175105817,0,0,4.61913829244852,0,0,0,0,0,0,0,3.26979081499745
ST00081,stool,0,3.23759780882149,2.8253329688122,3.23177166104663,5.77001664169799,4.53780957822905,2.44303509843587,5.44569976082761,0,0,0,3.80639780186193,0,3.45934602818891,0,0,0,2.3641669088489,0,1.38074537362398,4.91967728350183,0,0,0,0,0,0,0,2.74328146424544
ST00082,stool,0,3.27693804357644,0.91378838037798,3.58032565882853,5.65879733175711,3.9218134749765,0.531458439665197,5.70347748425496,0,0,0,2.69069859310134,0,4.20680226286027,0,1.47418822769187,0,2.14671921065302,0,0,3.88957519615716,0,0,0,0,0,0,0,2.59876156993588
ST00083,stool,0,3.78146096763657,3.2132902559392,3.43139974310707,5.56049792362229,4.19456875403519,2.43646579038888,5.76677337029212,0,0,0,3.44575266266771,0,3.81590409400641,0,1.0913600652186,3.1042217120818,1.83914894018621,0,0,4.15678271559024,0,0,0,0,0,0,0,2.84061905995782
ST00084,stool,0,4.44256155210223,3.13323538390427,4.55780936759264,5.29712199927458,3.94587826158412,2.73577444705556,5.83543304066568,0,0,0,2.73577444705556,0,3.79574305512361,0,0,0,2.73577444705556,0,0,4.53432893962876,0,0,0,2.43554173192977,0,0,0,2.91159962034365
ST00085,stool,0,3.47353149372847,2.68501612494626,3.47509599552288,5.64561415015468,4.1452141178128,1.88174371447706,5.70454484561573,0,0,0,3.36554669584379,0,3.9629191514975,0,1.0695779443494,0,2.3117828860636,0,1.81574624914668,4.27471072184313,0,0,0,0,0,0,0,2.41279897574915
ST00086,stool,0,3.48966104826049,3.02327638583284,3.52032027851209,5.68257797491237,3.6327125662145,0,5.55716389894015,0,0,0,4.05861805972156,2.65584809517569,4.5704751495831,0,0,3.6621609110983,2.83161948321735,1.88246685198485,0,4.96203184207073,0,0,0,0,0,0,0,0
ST00088,stool,0,3.78641530256791,2.62787656401387,3.7106185970827,5.47904770145107,4.17939714138153,2.59991604010164,5.80416396100533,0,0,1.43883780477368,3.30943606081361,0,4.30041328901249,0,1.73188970083379,0,2.53793596389459,0,0,4.07501518136508,0,1.90528868874865,0,0,0,0,0,1.73188970083379
ST00091,stool,0,3.91341516429446,2.88589858198813,4.71997430828932,5.65777833818652,3.2834995853732,0,5.64963509614899,0,0,0,0,0,4.2745225924292,0,0,0,0,0,0,4.21779818862562,0,0,0,0,0,0,0,2.40990543752499
ST00092,stool,0,4.22132484230741,1.71131050529848,4.9809295189837,5.42902447651468,4.00029027621663,0.747066513651434,5.73141786340807,0,0,0,3.25381104026436,1.57616228062459,3.71647142511121,0,0,1.5198135778523,3.0700018930165,0,0,4.7923115755713,0,0,0,1.37890252756844,0,0,0,0.747066513651434
ST00093,stool,0,3.76146219817413,1.35972801991872,4.01630459640124,5.73680650553754,3.03969828667308,2.19840797174449,5.59352138142918,0,0,0,2.16720572925238,0,3.17313226446141,0,1.28432420194805,0.918979262456872,1.86912086842261,0,0,4.63388852988662,0,0,0,0,0,0,0,1.86912086842261
ST00094,stool,0,4.00594627926052,2.6876897401581,3.37717572249866,5.57204665017126,3.75691126263086,2.29108484472557,5.73452074287906,0,0,0,3.32047352408649,0,4.7948617178286,0,2.29108484472557,0,1.86880336839243,0,0,2.42878118200245,1.40327526404069,1.69563953860395,0,1.99227095716277,0,0,0,0
ST00095,stool,0,4.09134992803747,2.59224016439758,3.78025645118863,5.30301422320385,2.9481651255529,1.85684648394821,5.87644051373808,0,0,0,3.47416055706435,0,3.27424238521861,0,0,0,2.69673747138739,0,0,3.98911271949128,0,0,0,2.50533671089983,0,0,0,4.06299065902027
ST00100,stool,0,3.83125271666808,3.28391337511839,3.2505076893708,5.46635186085043,4.30105170984523,1.73544545581832,5.82011793427384,0,0,0,3.2798755083063,0,3.4782947872252,0,2.20720968947846,0,2.15639392373149,0,1.27400984758342,3.94316010869563,0,1.56332903924445,0,2.33147412829756,0,0,0,3.22824413322812
ST00101,stool,0,3.5457394036129,2.02377710792663,3.37884946115931,5.79580800359348,2.21857405889305,0,5.48287894112566,0,0,0,3.00105617475193,0,4.69228033186542,0,0,0,2.79848846662407,0,0,3.21224090154364,0,0,0,2.02377710792663,0,0,0,4.09103708278522
ST00103,stool,0,4.19579085118335,3.05002236362817,3.98753193549928,5.40438537677491,3.87360199128276,0,5.66872940747721,0,0,0,0,2.57367451072015,4.31289771028504,0,0,0,0,0,0,5.23052784177807,0,0,0,0,0,0,0,4.73983913151263
ST00105,stool,0,3.24985082044524,0,3.01356988122588,5.72940008351796,4.31761481732624,0,5.5974140936718,0,0,0,3.57020256631188,0,3.8458876272928,0,0,0,3.81183003359654,0,0,4.42802839371839,0,0,0,0,0,0,0,2.58063532330882
ST00109,stool,0,3.71985753359977,1.59117379642497,3.46085956549286,5.50430554000515,4.25752661500093,2.32233082360481,5.78190081527611,0,0,0,3.64257655715167,1.59117379642497,3.96822125150266,0,1.68585149076157,0,2.58103674401935,0,0,4.42810098262325,0,0,0,3.20341690840995,0,0,0,3.80656336818371
ST00111,stool,0,4.65590718833731,3.25819730969553,4.26146381393545,5.53701259483842,4.02559457421526,1.21348696426124,5.72412831586812,0,0,0,2.94244655555576,0,4.2616463189606,0,1.21348696426124,0,2.23003294546591,2.54903189251305,0,3.74486230727051,0,4.26018412678503,0,2.03519705994227,0,0,0,3.79998624150989
ST00112,stool,0,3.346537250236,3.20048742557713,2.85119050550064,5.66013896073369,3.77465835574935,2.44843521580256,5.68417919495589,0,0,0,3.15191450442472,1.75560755771101,4.66770048323914,0,2.11920583528892,0,1.58331161271178,0,0,2.76290672415554,1.29347252260324,0,0,0,0,0,0,0
ST00116,stool,0,4.18603018047158,2.47028018520421,3.35360606925206,5.07275374642557,3.35896543702737,1.99609028012489,5.92130957457301,0,0,1.17652035253811,3.41859504978307,1.75632652128279,4.03480734279272,0,0,1.99609028012489,3.45209251183812,0,0,3.6882560438898,0,1.17652035253811,0,2.68530413909741,0,0,0,3.73099967782383
ST00123,stool,0,3.89593592646122,2.68592337092864,5.29060396946558,5.64466589477216,0,0,5.45366699839462,0,0,0,3.08332600040044,2.38578753227361,4.0200249597002,0,0,2.26144387921997,3.90584297026689,0,0,4.70518996326535,0,1.78905416443466,0,0,0,0,0,0
ST00124,stool,0,4.22934611323479,1.42541163369743,4.55345482672435,5.38617304297304,3.0623795169413,1.89152321013575,5.78474745797036,0,0,1.14038989196373,2.31399338323486,0,4.84654739866899,0,0,0,1.71821064695781,0,0,4.36196493853926,0,1.14038989196373,0,0,0,0,0,0
ST00127,stool,0,3.65877413766661,1.68546164005588,3.48273051692229,5.83368364572258,4.15931129049853,0,5.40117658225442,0,0,0,3.66772703578766,0,3.99451493094837,0,0,0,2.63166549661686,0,0,4.46423709203282,0,0,0,1.68546164005588,0,0,0,1.9819882158491
ST00131,stool,0,3.45045390642247,1.70311483733941,3.60194506764523,5.84740470407143,4.77700231268053,1.31789188771132,5.24765499741002,0,0,0,3.64391370734059,1.03726291672332,3.17758730443967,0,1.70311483733941,0,2.04081922359629,0,0,4.66682244337796,0,0,0,0,0,0,0,2.22847791416831
ST00132,stool,0,3.96310695335203,1.70570093898439,3.95916639104131,5.60989730133794,3.54021354006002,3.00212980528898,5.72225388828789,0,0,0.968334763164151,2.99489865966382,0.968334763164151,3.78051845569038,0,1.41314013370099,0,3.17447526128228,0,0,4.52325914063709,0,0,0,2.06876298623062,0,0,0,2.53297073240684
ST00136,stool,0,3.59039753115064,3.00445034369213,3.81220166698116,5.46006228529336,4.26615572457883,0,5.80990999109857,0,0,0,2.46145563904885,2.16192387632221,4.22713382892763,0,0,0,2.16192387632221,0,0,4.23449449592696,0,2.46145563904885,0,2.46145563904885,0,0,0,3.00445034369213
ST00138,stool,0,4.17156069571904,0,3.71954275149521,5.31833961599418,3.79355612375056,2.78104442620042,5.83676116869879,0,0,0,2.66731672580379,1.67564470157617,4.37012114109786,0,0,2.14661246681439,1.67564470157617,0,0,4.73159564524265,0,0,0,0,0,0,0,2.36721998631841
ST00139,stool,0,3.58234058737574,2.89432273385382,3.69648082846229,5.48797618300239,2.854866945417,1.88985614822213,5.73275514327452,0,0,1.54461369486676,2.82825314267613,0,4.63658042112996,0,0,0,1.71655423746464,0,0,4.98536343760473,0,1.54461369486676,0,0,0,0,0,2.90824101864899
ST00141,stool,0,3.61762905504315,0,3.30578290969605,5.78608836285192,3.82573663946106,1.42724791575959,5.5257274440475,0,0,0,0,1.42724791575959,4.09468047061743,0,1.42724791575959,0,0,0,0,4.43765589794847,0,0,0,1.42724791575959,0,0,0,2.79161195906568
ST00142,stool,0,4.58764511944359,1.52453478854966,2.80207781741368,5.87626550712743,3.22761819781361,1.91461658132245,5.18074712701959,0,0,0,3.58335301476508,1.52453478854966,3.80918554695469,0,1.69627793773937,0,3.73154631762099,0,0,4.59478170950062,0,1.81902618489377,0,1.23629387249854,0,0,0,1.23629387249854
ST00143,stool,0,3.75663792916564,2.59082687891941,3.89759994654488,5.50781195661139,3.83084977077381,1.33167932477901,5.7932315167255,0,0,0,2.45859905478584,0,3.82022588722211,0,0,1.6224720644322,2.21669257398418,0,0,4.42223660154261,0,0,0,1.50097262898803,0,0,0,3.39391840059795
ST00146,stool,0,4.25191543087513,3.30227430493346,5.08414284699826,5.60838632687428,2.86332036635518,0,5.57872952042566,0,0,0,3.86278460139176,0,4.15832229427247,0,0,0,3.72314520144126,0,0,4.65861458026665,0,0,0,2.56288489094005,0,0,0,2.26304149975432
ST00150,stool,0,4.16042951245098,2.60966927740796,3.86599588319259,5.51257560811827,4.27860458726049,2.34525233015223,5.73684878874796,0,0,1.67585181099163,3.68890404233374,1.91494595714087,4.30535331307824,0,1.67585181099163,0,1.55395598295062,0,0,4.25264169026264,0,1.67585181099163,0,3.34462447453572,0,0,0,4.6237315597943
ST00151,stool,0,3.74370913516927,2.78167366592046,2.67852238947792,5.66357431426426,3.87730916359027,0,5.65359213931703,0,0,0,0,0,4.80847933279811,0,0.908728549871273,0,0,0,0,4.00994110968104,0,0,0,0,0,0,0,0.908728549871273
ST00152,stool,0,3.2310228611481,1.98406392552956,3.05302677458619,5.65269529062857,3.7936304895294,0,5.7023891985135,0,0,0,2.95773767969692,0,3.84980526709767,0,1.22787424261916,1.98406392552956,2.48157273428961,0,0,4.46266171417202,0,1.22787424261916,0,0,0,0,0,1.22787424261916
ST00159,stool,0,4.02467789030861,0,4.96272654008717,5.53941333133839,4.12227119678786,0,5.27897341239609,0,0,0,1.06226292448747,0,2.91552561246917,0,1.06226292448747,5.4228898413947,4.44320468267478,0,0,4.39967984317264,0,1.06226292448747,0,0,0,0,0,4.47054094060365
ST00161,stool,0,3.79689349186907,3.34243955555148,4.19960203631172,5.67003165183641,3.92988801209578,3.05049262801542,5.62231104101123,0,0,0,3.29503768182369,2.03004383973719,3.65518645645917,0,2.5712074344429,2.34421252185031,3.41276641263699,0,0,4.83365848137729,1.73304771478841,1.20860544318646,0,2.13828678235906,0,0,0,3.02327074552737
ST00162,stool,0,3.87443530968549,2.26513699693138,4.86480776704301,5.52882196853077,4.47674673374497,1.714923866951,5.69243995197735,0,0,0,3.04531743759923,1.714923866951,4.02831568033856,0,1.04821574050848,1.96645918202682,2.09022342070816,0,1.04821574050848,4.57099225008638,0,1.62010197644496,0,3.80621800534151,0,0,1.04821574050848,3.45325667454169
ST00163,stool,0,3.36241560404642,2.6005869404866,4.16181893245301,5.50670881626553,3.2822248521511,1.92545722171479,5.74136945699659,0,0,1.81778345024542,2.78628260627775,1.67429018512075,4.84115311745251,0,1.01062095110738,1.01062095110738,3.07020104281175,0,0,4.5072458883816,0,0,0,1.45852777457933,0,0,0,3.69039216128241
ST00166,stool,0,3.82181826081511,2.07776527416236,4.15834236602651,5.5721894460756,4.08062118615946,0,5.72537712883793,0,0,1.25392406523914,2.99661481067562,0,4.24712167989987,0,0.71900375433036,0,2.31033294739077,0,0,4.63463355912605,0,0,0,0.97644624041981,0,0,0,1.71460295699417
ST00167,stool,0,3.32879338604213,0,3.71824317310207,5.16770711936022,4.46822661087891,0,5.83331111629395,0,0,1.10686826505719,4.11076075252824,0,3.39545366596994,0,0,0.838532156386056,4.96966501989002,0,0,4.41670558634137,0,0.993103201938374,0,0,0,0,0,1.97918158685897
ST00172,stool,0,3.91865432006671,2.40035915978002,3.32540461355918,5.75746023947675,2.07133578460398,0.817192774255884,5.56204918376105,0,0,1.08381538563979,2.0050027433635,0,3.82610697980619,0,1.92667929051051,1.83105279889271,4.10166717341966,0,0,4.51473240870078,0,0.817192774255884,0,0,0,0,0,1.45972153728506
ST00178,stool,0,3.58601462651843,2.26020579417726,3.2390410212921,5.44299305239754,4.21892189215693,2.31789945186094,5.78987687825767,0,0,0,0,0,4.12455551461257,0,2.01895319162218,0,1.4291899265248,0,0,4.84681150174617,0,0,0,0,0,0,0,0
ST00183,stool,0,3.92050373378086,1.75140417873919,4.02867214027843,5.70183141192061,1.99113047264103,3.10096284269334,5.59113375056922,0,0,0,3.24903191087926,1.4580047927954,4.21678532416372,0,2.22336284375037,1.4580047927954,2.54076921986814,0,0,4.80169018363795,0,1.4580047927954,0,0,0,0,0,3.60557780555331
ST00184,stool,0,3.75741873185041,3.54808565346412,3.07121021225036,5.83009645546612,4.14731358604854,1.89618462741395,5.41274403493148,0,0,0,0,0,3.60554991756128,0,0,0,1.08298040011043,0,0,4.5622150344061,0,0,0,0,0,0,0,1.36569141917292
ST00193,stool,0,4.1198455736332,2.84312874598079,3.28496259108382,5.54584293212932,3.83519180709254,1.36123048311887,5.69587748455276,0,0,1.48141731612112,0.920361210252342,0,5.09531049472411,0,1.65270410211824,0,1.77522052264208,0,0,3.67778601966047,0,0.920361210252342,0,0,0,0,0,0.920361210252342
ST00194,stool,0,3.42752775234457,1.74505193269384,3.10548692546698,5.75234819597917,4.4812157732563,0,5.55506633212008,0,0,0,3.34660350045022,0,3.55463545478802,0,0,1.57284894705098,2.75217891680187,0,0,4.54222934996735,0,0,0,1.28327916354689,0,0,0,1.86803339968508
ST00205,stool,0,2.93878214026972,2.00354574509943,3.71164451386825,5.61177420868094,3.26082590582878,1.61201958869349,5.68313521156046,0,0,0,1.35753200589573,1.82175309869618,3.97322987142675,0,0,0.66556318543059,1.28214725344237,0,0,4.96056478276887,0,0,0,0,0,0,0,1.71447513608886
ST00207,stool,0,3.3386994205404,1.74700992284052,3.90800883469839,5.72643748828305,4.24980438172837,1.58227348134227,5.38365979070351,0,0,1.27020840854309,0,0,4.10025055593478,0,0.837373957959346,1.50976530352882,5.12788273399821,0,0,4.69900506129906,0,0.471125546393838,0,0,0,0,0,2.61733703414321
ST00222,stool,0,3.84065847890671,0,4.62929152061165,5.75640926077071,4.11510985000469,1.84628503601018,5.43548218353566,0,0,0,3.37489706409608,0,3.20674610448796,0,1.78917608691382,4.61448953470928,3.57456869231025,0,0,4.57666045143599,0,1.26240114800072,0,0,0,0,0,3.87000268898015
ST00223,stool,0,3.32613134478394,1.85792926220618,3.53890746959841,5.69348068896047,3.75043490834242,0,5.60337869710148,0,0,0,0,0,4.02738558594863,0,0,0,2.50895578121356,0,0,4.91809657110106,0,0,0,0.928606067026297,0,0,0,0
ST00226,stool,0,3.79822839094004,2.60617550791058,3.7375409173214,5.50103354942343,3.43879226945208,2.01224496957728,5.78667194973341,0,0,1.17289323726989,2.35768559357427,0,3.83649091756673,0,1.45908927837178,0,2.1869265414863,0,0,4.66846724124018,0,1.01114594774266,0,1.75250786284096,0,0,0,3.33879943855217
ST00227,stool,0,3.8235687885487,0,3.166222554446,5.80022098079379,3.02803091112106,0,5.47575138169711,0,0,0,0,0,4.60021567616289,0,0,0,0,0,0,4.31488631565699,0,0,0,0,0,0,0,0
ST00228,stool,0,3.6423625776696,0,4.4249316919386,5.39829891082381,3.96539078600526,2.26442127453695,5.74478385504056,0,0,0,3.28346783956426,0,4.18893719230223,0,0,0,3.85870960083691,0,0,5.03143373913978,0,0,0,1.96574732874531,0,0,0,4.33395451045622
ST00231,stool,0,4.14228917370888,3.65471668957467,3.83585466863476,5.4965883121709,3.66854187491878,1.61103062733729,5.79382406850353,0,0,0,3.60896988512717,1.44022477369806,3.98051950633506,0,1.82860424535776,0,3.27566020105948,2.42580386762739,0,4.23071624718897,2.08100310239284,0,0,1.90671010039898,0,0,0,3.07289893301323
ST00232,stool,0,4.13278450631891,3.00154947791519,3.9100894672301,5.58985859186266,3.18138893089518,2.43451460387871,5.34348780805276,0,0,1.74188556458097,2.33800362512978,0,4.20452938989391,0,3.16560525689116,1.44865375900572,4.78626099003936,0,0,5.45793527565737,0,2.03896331966751,0,0,0,0,0,0
ST00234,stool,0,4.40205327584678,1.63526924930373,3.80509550092534,5.156404470936,3.82473025012134,0,5.86925507967105,0,0,0,3.11678658272459,1.75768615842388,4.15660206922265,0,0,1.46417813520772,3.33001837622428,1.17781217586129,0,4.58255187493332,0,1.46417813520772,0,4.15787744236984,0,0,0,3.8883904633917
ST00243,stool,0,3.25631537585277,2.45218519167086,3.06935831871761,5.75175543449312,4.37702424702547,0,5.59099254842438,0,0,0,2.01253019351082,0,3.5014022178727,0,1.45395922651482,0,0.691989574572508,0,0,4.17722425840165,0,0.946479505035154,0,0,0,0,0.946479505035154,0.946479505035154
ST00248,stool,0,4.19856147752878,2.16891121438816,4.1705345867943,5.59900392077176,3.79682940146834,2.50135911904393,5.70381733682156,0,0,0,1.5031180129441,0,4.07022594511472,0,1.67464020449511,0,2.50135911904393,0,0,4.60129307298031,0,1.21551369343329,0,0,0,0,0,3.89072042224766
ST00253,stool,0,4.09290981813482,1.51635669865353,3.49318144802589,5.38691467521833,4.2183279261196,0,5.764884269223,0,0,0.952265448155368,0,0,4.51207057723474,0,2.01898571377586,0.952265448155368,2.20461490209567,0,0,4.99868192254577,0,0,0,0,0,0,0,3.9901079580951
ST00259,stool,0,3.79264510927944,3.1854035538298,4.56894715748456,5.69646946288248,4.44040833263683,0,5.58772643787627,0,0,0,3.70371993625005,2.4875656229019,4.21857008520074,0,0,0,3.50747438209498,0,0,4.23436341469963,0,0,0,0,0,0,0,3.08856438192973
ST00266,stool,0,3.37503757657287,1.87552767918827,3.57418525747598,5.77194609540644,4.67512950510453,0,5.41868634969223,0,0,0,0,0,4.29338192866484,0,0,0,4.54394628664696,0,0,4.53117494227749,0,1.38292045310215,0,0,0,0,0,3.61507983875306
ST00379,stool,0,5.02634353468932,1.6246464537679,4.23645426076399,5.19262779862227,2.65656645811104,2.91577260120106,5.83764671086588,0,0,1.6246464537679,2.87007368936487,0,3.91093354985649,0,2.3941223529259,2.16128914332803,1.79728833991775,0,0,4.05200413401548,0,0,0,1.6246464537679,0,0,0,4.02503327337085
ST00382,stool,0,3.62879654354798,1.70537256338843,3.92850391332303,5.63992695089424,1.80056743854991,2.4579119290358,5.6735146776747,0,0,0,3.4087050525631,0,3.19531596062295,0,1.41281810208453,0,2.72894820260562,0,0,4.52411059092523,0,1.41281810208453,0,0,0,0,0,4.61015543278142
ST00383,stool,0,3.9837287368568,3.1734431302586,3.80940741560833,5.57821343209562,3.96784179942316,2.56605381365152,5.71196684989667,0,0,1.96751824792929,4.39468853659425,0,3.48549919527323,0,2.78909491611862,1.89581769689106,2.40687691612215,1.34602320628565,0,4.52803739322078,0,1.80989253629215,0,1.17961209628603,0,0,0,4.21024606514572
ST00384,stool,0,4.04579657530526,0,4.64782725340455,5.53005861143027,4.22187480650357,0,5.72245192305852,0,0,0,0,0,4.44371313355265,0,0,3.74480566086871,3.74480566086871,0,0,4.34680702903663,0,0,0,0,0,0,0,0
ST00386,stool,0,4.97220642363769,2.03680624347533,4.00950760040348,4.59929149926786,3.40616326984897,0.968283315968635,5.8979136716733,0,0,1.62817050379014,1.82843952533432,1.24530168971276,4.66440700897739,0,0,3.56193238080918,2.26365020463811,0,0,4.06718570527373,0,0,0,0,0,0,0,3.09817790975596
ST00387,stool,0,3.47021308878688,3.58249023509196,2.98158710197146,5.80695085984669,4.11714798318772,0,5.49203276878985,0,0,0,0,0,3.74610101503168,0,0.913769620780105,0.913769620780105,1.71091372387582,0,0,4.34088922909763,0,0,0,0,0,0,0,0
ST00411,stool,0,3.86542517375434,2.24976828862874,3.85483356210884,5.38704135404681,3.13693653171825,0,5.85146349973303,0,0,0,2.94677906371423,0,3.91715204349854,0,1.65497767971959,0,0,0,0,4.3117970406378,0,0,0,0,0,0,1.65497767971959,1.95117496521217
ST00412,stool,0,3.81059903198839,1.87734923142504,3.38851762858825,5.67288970893385,0.646763262930189,1.78187687798971,5.6771098002356,0,0,0.699486257188832,3.23164084812177,1.25931536280806,3.22886181956834,0,0.954816085857203,0.646763262930189,2.00001789928364,0,0,4.48298579187072,0,0.699486257188832,0,0,0,0,0,4.02953580016952
ST00420,stool,0,4.7360925296808,2.92687879100669,4.76746316772483,5.39302213285185,3.5400296252725,2.20889822368811,5.7871095628765,0,0,1.96110380038697,3.9816789465977,2.0063860453396,3.84475660369786,0,3.05936908999862,2.23506921368049,2.36568824308216,1.32420549171502,0,3.64167087843998,0,2.08485344644108,0,0,0,0,0,0
ST00425,stool,0,3.21700124458978,3.33544294090581,3.29649306312277,5.82280866708971,3.91277003450423,1.23423113203657,5.45130114280203,0,0,0,3.24977459381892,0.957815459191075,4.22665571638034,0,1.52241025036431,0,1.95336258063759,0,0,4.2846184306746,0,0,0,1.4017975285802,0,0,0,2.4995490697702
ST00465,stool,0,3.93124475506285,1.82711922455295,3.16892516748183,5.7116882600743,2.94448286806033,1.01918349373956,5.65895038387605,0,0,0,2.58940924863466,0,4.17364223919702,0,1.8843021136996,0,3.12505099413067,0,0,2.97160520299914,0,2.73218635784397,0,0,0,0,0,1.01918349373956
ST00480,stool,0,3.21045414576982,1.93037169341186,3.11970893750951,5.71133066803333,3.27501641828283,0,5.62999530604013,0,0,0,2.905580097636,0,4.6460137032031,0,0,0,3.84295444434424,0,0,3.28890776627511,0,1.49987035787558,0,0,0,0,0,1.93037169341186
SW00001,swab,0,3.72666440444833,1.19810999679959,4.52100377962182,5.64066211559911,0.923764780094791,0,5.65911672572972,0,0,2.49329390478891,0,2.1025397823598,4.39912080769866,0,0.923764780094791,0.923764780094791,4.55538534963871,0,0,3.82488107298241,0,0,0,0,0,0,0,0
SW00002,swab,0,3.59864843723181,1.72596549872841,3.0191711362083,5.58891012873798,4.06084335978715,0,5.73077420466422,0,0,0,3.11017298270212,2.35646298371654,4.11511928248627,0,1.26486973787718,2.08925281807083,1.8488588217962,0,0,4.62942575449485,0,0,0,0,0,0,0,1.26486973787718
SW00003,swab,0,4.13972645145526,2.82719135838502,4.15460799260771,5.41960205880069,3.75265276000907,1.13529756275889,5.8238984001096,0,0,2.48390726011093,3.47532586252989,2.90215340129182,4.1785735150086,0,0,2.97196369321338,1.88610197147229,2.14676977786249,1.13529756275889,4.10962316617823,0,1.59068083955084,0,2.40501096137591,0,0,0,3.42465115143405
SW00004,swab,0,3.98617001696319,2.15035903463866,4.53244807287016,5.50753942033627,4.42317944079746,0,5.7215686800321,0,0,2.58773238788793,3.32357356022582,2.02644310226976,4.7038886668511,0,0,1.85239025353486,2.99281589216537,0,0,4.43002759667423,0,0,0,0,0,0,0,0
SW00005,swab,0,3.85470704408309,1.71189283598947,4.33753990333699,5.63996043314808,3.88907132839632,0,5.67237593017232,0,0,2.62522798980193,3.47191662803643,3.19965960173766,4.10767597632632,0,1.2513149342937,0,3.96429190541985,0,0,4.46831643795677,0,0,0,2.07502484684755,0,0,0,0
SW00006,swab,0,3.47046515143423,2.00182210840337,4.83968724717961,5.31836902484714,2.31321135325796,0,5.81672211949577,0,0,3.06625283207178,1.38726600055702,2.44070174810668,4.63119185688924,0,0,1.38726600055702,4.20066395226804,0,0,3.55672799592447,0,0,0,0.83558030499933,0,0,0,0
SW00007,swab,0,3.81055064362688,3.82965685200571,4.21766828898109,5.40004444022317,4.16519305469767,0,5.83368669888651,0,0,2.3059803113307,3.92942030958161,0,3.42529572169009,0,1.36858178416861,0,3.82386703604525,1.95647311278983,0,3.63072063556711,1.36858178416861,0,0,1.83313169291239,0,0,0,1.95647311278983
SW00009,swab,0,3.62554143802619,1.92698524381128,3.63984251003752,5.57643845837981,3.96386341539075,0,5.75211968530657,0,0,1.4265113240689,2.94824182247991,2.98729755933774,4.35970799030555,0,1.14144983384109,0,1.30696092481434,0,0,4.17693231686727,0,0,0,1.76956199988481,0,0,0,1.81458058015612
SW00011,swab,0,3.81848682742852,1.67991615233136,4.43381397070245,5.63712978104656,1.89811946497633,1.38786808232479,5.67553240392421,0,0,2.84745329860909,3.39108035833164,3.20036320171366,4.49063139087503,0,1.38786808232479,2.79092379242469,4.01222128660632,0,0,4.07732106412979,0,0,0,2.15094456726617,0,0,0,1.60254621378677
SW00012,swab,0,3.19720199726299,1.42469977817954,4.08018496856555,5.66619814747105,3.82558759235153,0,5.67636071085406,0,0,2.18902174827939,3.31135308680075,3.29757164247275,4.29059778264339,0,0,0,2.43085368202963,0,0,4.2389853512319,0,0,0,1.71748515992884,0,0,0,1.42469977817954
SW00013,swab,0,3.85801380141558,3.20870587093288,4.08695560253068,5.5279591781745,4.29130561202704,0,5.76181694037943,0,0,1.88264583817513,3.31430236004291,3.12588494694115,4.34876225701992,0,0.894725356867107,1.91995994471467,2.97586364531328,0,0,4.24191991891249,0,0,0,0,0,0,0,1.16716321680983
SW00014,swab,0,3.95809650023962,0,3.78326802256434,5.72785802749294,1.0979223603953,0,5.58967391000577,0,0,1.96957139872273,3.60906407764205,2.85479693890961,4.11414059955798,0,0,3.93979494824998,4.19886303614787,0,0,4.28232112334397,0,0,0,2.17862946455752,0,0,0,0.83024121239523
SW00018,swab,0,3.83763899175008,1.39671778879675,4.61937288754923,5.66385448237061,4.30914398689956,1.39671778879675,5.62855314511589,0,0,2.44121115182344,3.27953337590396,1.98551165888604,4.40323555891666,0,1.39671778879675,1.11276820454641,1.92816070607301,0,0,4.16995586226345,0,0,1.11276820454641,0,0,0,0,3.35225890360127
SW00019,swab,0,3.88947242490467,1.34483899903694,3.62078778334851,5.74911542633659,4.39394245424178,0,5.5679797848033,0,0,1.34483899903694,0.905305458043308,1.80867158594435,3.4605633598016,0,0,1.17845402710832,2.97519395095962,0,0,4.45219445087272,0,0,0,0,0,0,0,1.17845402710832
SW00020,swab,0,3.81081741398244,2.53087823892204,5.6485413571643,5.38473547078523,3.90890861028219,0,5.42711021243518,0,0,4.07889492679727,3.14877916922147,2.03303847652456,3.33740322398154,0,0,1.73601475953757,3.55845974010319,0,1.85895497642971,3.96605796618764,0,1.73601475953757,1.27455896910828,0,0,0,0,3.10851454912117
SW00021,swab,0,4.16065539079291,2.34415023732052,5.42750148211591,5.39647507782581,3.7945469213129,0,5.5945684037687,0,0,3.80088608918709,3.25001431457707,3.32766056717815,4.35327560475122,0,1.57572050864538,4.2511354972913,3.33874439060791,0,0,4.21192671956846,0,1.57572050864538,0,0,0,0,0,0
SW00022,swab,0,3.75950277046462,1.74205892081168,4.25265955406614,5.72512659858868,3.90443717787665,0,5.58769900629713,0,0,0,3.16578169077261,3.78727066806226,3.97967952042173,0,0,2.03913826038518,3.4155294324586,0,0,4.48309848053475,0,0,0,0,0,0,0,0
SW00023,swab,0,3.34434369781301,3.18808165390968,4.8080584326105,5.59801568872327,2.38149342730191,0,5.70399816010504,0,0,3.13696433571001,1.84191268506303,3.74418069646208,3.80299967996178,0,1.25820888020978,1.25820888020978,3.42961858762312,0,1.84191268506303,4.12289183741419,0,0,0,2.34944750835781,0,0,0,0
SW00024A,swab,0,4.30958628238824,2.63157605235467,4.80510896642991,5.61580954178147,4.08071904320333,0,5.63563615617406,0,0,3.07723146819942,3.22234282644247,4.35440631006913,4.06699998424858,0,1.55758667970755,2.02661423753484,2.97988033826347,1.38746821847628,0,4.18223950287507,0,1.10387902705645,0,3.68061212838611,0,0,0,0
SW00024B,swab,0,3.77432483601141,3.23459283740841,3.55667956644963,5.43513103628556,4.29965068176312,0,5.8137936947744,0,0,1.59237381924732,3.77012943037807,3.37718948362268,4.44624672656733,0,0,1.8878169142153,1.76474847495517,1.59237381924732,0,3.91563370417665,0,0,0,1.76474847495517,0,0,0,2.62355443313202
SW00025,swab,0,3.31870006303812,0,3.75790006144358,5.49181165879744,1.6841211584955,0,5.72823338655473,0,0,2.15520869169791,3.01787850687492,3.70854757511119,5.04332966244454,0,0,1.98063374002549,4.38177466025179,0,0,3.74699862650208,0,0,0,2.15520869169791,0,0,0,2.45471706734836
SW00026,swab,0,3.66341278970554,0,4.73375989437685,5.73617364707336,4.06063942908557,0,5.51630041506973,0,0,2.97347491389443,4.11494109128798,3.9714479209425,3.63865908111632,0,1.38388248698081,3.68371130796655,2.91016047339678,0,0,4.34694304457543,0,1.55395108501495,0,3.02872252200833,1.10043500278383,0,0,0
SW00027,swab,0,3.78252352653691,1.87447547600389,4.23039139777145,5.72699553049074,4.1381825500437,0,5.5310193095914,0,0,0,2.17259654689505,0,4.40898442157793,0,0,2.47216474085239,2.17259654689505,0,0,4.78351697784571,0,0,0,0,0,0,0,3.50224311642653
SW00028,swab,0,4.35380653034361,2.23780891129385,5.75408719436194,4.96529881796986,2.60434803727321,0,5.44086669248713,0,0,3.79831236870844,2.67989591184178,3.09873845146588,3.54598874339345,0,0,4.15633190825205,3.98381012086678,0,0.867283117661709,3.7241314151549,0,1.98454116726333,0,0,0,0,0,0
SW00029,swab,0,4.13821016458317,2.74852378347175,4.38696778071464,5.65446887479178,4.10042447566461,0,5.64941499547496,0,0,2.3815790064011,3.16618786834424,3.49012737570746,4.05802416181879,0,1.4415328818055,2.12774720522757,2.99417098009165,1.90805058974466,0,4.4216189747986,0,0,0,3.87429320223239,0,0,0,0
SW00030,swab,0,3.6692464093901,1.31243959950106,5.13422816318885,5.57945735907008,3.93563818546339,2.1003957908455,5.63301727499975,0,0,0,2.96700265909046,2.16298153244512,3.52842787810386,0,1.74578271210887,1.10446787784616,3.3765852865269,0,0,4.53390549374734,0,0,0,0.69076993510828,0,0,0,0
SW00031,swab,0,4.07285208066788,2.10312606133718,4.0442094030179,5.72044881968758,4.34274527815076,0,5.5323374378454,0,0,0,0,2.70260968963806,3.84793717219829,0,0,2.57795797150292,4.66789855727179,0,0,4.53745066494893,0,0,0,0,0,0,0,0
SW00032,swab,0,3.78142906456207,4.37160130075436,4.61360192292364,5.3441635123298,4.01703601538943,0,5.83209508739841,0,0,2.94370272557905,3.48511427794915,0,3.18422638388933,0,0,1.81950544301663,3.43628262970731,1.81950544301663,0,3.82366332317723,0,0,0,2.11723250928133,0,0,0,3.557287635721
SW00033,swab,0,0,0,4.06540776039458,5.45717739999497,3.50123593824454,0,5.79060368759588,0,0,2.78165826437908,0,2.48134567849478,4.76547443359432,0,0,0,4.25445081145256,0,0,3.59396365497302,0,0,0,2.18174695688723,0,0,0,0
SW00035,swab,0,4.01153725027829,1.89538698828135,5.34192093063265,5.46293098415959,4.06979728668775,1.4291791116891,5.59540545638103,0,0,3.64325213202971,3.28798953794892,3.99024066908092,4.26276142386703,0,0,3.84892859919052,3.32139671783455,0,0,4.45450702004397,0,0,0,0,0,0,0,3.25804229758792
SW00036,swab,0,3.90705260038355,3.04093312280584,5.78858956625358,4.86509057695015,3.90004857350891,2.11446836062486,5.39215391369964,0,0,4.23499570834545,3.40132580029038,0,3.60953607347031,0,0,3.24170155899651,4.09792518406047,0,0,3.98332019093841,0,1.81676230301568,0,0,0,0,0,2.65614649069548
SW00038,swab,0,3.87561289674554,0,5.08409771033999,5.49312861323833,4.62516114544521,0,5.6694733058118,0,0,2.73804693676141,3.36582838187647,0,3.76873480181282,0,0,2.73804693676141,3.99855880708726,0,0,4.48738902755321,0,0,0,0,0,0,0,2.73804693676141
SW00039,swab,0,3.75444727270436,1.80695544035425,4.91441089924895,5.31762321007253,4.06142888530796,1.80695544035425,5.80371876328841,0,0,2.75513471426056,1.51264690757867,3.61977649532811,4.59288118890758,0,0,1.51264690757867,2.34615794147409,0,0,4.08572127441566,0,0,0,0,0,0,0,1.51264690757867
SW00040,swab,0,3.75849139900573,3.94707253551728,4.82187188695513,5.48338723215653,4.09890595531973,0,5.66029854233367,0,0,3.23747821521741,3.48698217967328,4.0719990073977,4.20894370975735,0,1.24955199445743,4.93145357811675,3.08208170037916,0,0,4.39172450928621,0,0,0,0,0,0,0,2.84825520637102
SW00041,swab,0,3.98553479914709,3.0343379899676,4.60084298780048,5.65563294763488,3.58495694382735,0,5.49625270258485,0,0,1.78583420390567,3.10122745025773,0,3.8756318672252,0,0,5.18656738690932,3.9217308298379,0,0,3.93707671591129,0,0,0,0,0,0,0,0
SW00042,swab,0,3.27257244257959,1.24290673099116,4.43458128878588,5.74303797587714,4.29925361029045,0,5.56132525857535,0,0,2.19783097333816,3.8323057840428,2.95818580735403,3.82109578864357,0,0,2.63332950191323,3.01364574887499,0,0,4.24226548842651,0,0,0,0,0,0,0,0
SW00043,swab,0,3.99353143401233,4.03800541462762,4.59768200309055,5.33846348823917,4.34029467492989,0,5.82157054810051,0,0,2.73900766260413,3.11733609970465,3.10653158680524,4.28521526715472,0,1.06933912792051,1.35145269826347,2.41253892085683,0,0,4.14428497457953,0,1.06933912792051,0,0,0,0,0,0
SW00044,swab,0,3.77362488084209,2.54434463766381,3.71927697051048,5.70982971527037,4.45693183055066,0,5.59444941681893,0,0,0,3.14547359321096,0,3.92336586793168,0,0,4.18658375180466,2.84475416463164,0,0,4.43521335856706,0,0,0,0,0,0,0,3.0206384036427
SW00045,swab,0,3.94849843965012,2.7357614408715,5.11878133975624,5.50822871937406,3.6022051159451,0.716911148394149,5.67777887413711,0,0,3.43744495856966,3.37196922980069,4.0824420742168,3.830182715277,0,0.716911148394149,3.78849893557417,3.95320853275994,0,1.48396033635689,4.23887338251236,0,1.4193821258478,1.13458005392673,1.13458005392673,0,1.25148062118481,0,2.1953532427125
SW00046,swab,0,3.30687500885876,2.98065565079401,4.65646782943213,5.60365431199658,4.50853707549667,1.18762079541532,5.6899408036594,0,0,3.08310760452837,3.42892185550562,0.763516566489536,4.37235971893781,0,1.91708577514209,1.53918002934872,2.38212362189524,0,0,2.36446991551497,0,1.39804275159069,0,2.14685427370822,0,0,0,1.30545309522778
SW00047,swab,0,3.65376890837151,2.29361999046328,5.35970461598804,5.61146973595958,3.40647268365905,1.50160333499999,5.4588551757947,0,0,3.68293487058965,2.96397548364157,2.26160518465677,4.12767154882832,0,1.79573737603308,2.2549089538591,4.64568845503324,0,1.17529745728242,3.51832116397047,0,1.7550392346401,1.17529745728242,1.57204380860847,0,0,0,2.22704118494241
SW00048,swab,0,2.4968015974573,0,4.04933767174828,5.56451756606389,3.83127203339805,0,5.75240684251162,0,0,1.92655841710028,2.64253416418722,1.33966000038659,4.18416066863483,0,0,2.46693718507467,4.46047575119125,0,0,3.64164304018311,0,0,0,0,0,0,0,0
SW00049,swab,0,3.33495336242482,1.40195011076094,4.34658703613046,5.76776922605056,3.93564394351331,1.30932194849857,5.51618720041699,0,1.02908996638454,2.16551572545102,2.5674087273713,0,4.07488607620534,0,1.69428763662317,1.94564026308376,2.93389688074635,0,0,4.56977146931578,0,1.54313234461632,0,0.7668871746284,0,0,0,3.36774896635164
SW00050,swab,0,2.81769220182953,2.76662227572602,4.09835143224402,5.32368825936684,3.86716870119898,0,5.8720910778915,0,0,0,1.86870444255189,1.86870444255189,4.07234013743163,0,0,2.56294804208532,1.86870444255189,0,0,4.03601459904493,0,0,0,0,0,0,0,0
SW00051,swab,0,3.59790967968884,2.62878541184509,3.40608504705402,5.60441995788278,3.62786559526,0,5.68996996865582,0,0,0,3.40608504705402,3.10522550807307,4.31798023712687,0,0,0,2.85022559458138,0,0,4.85393947567757,0,0,0,2.15370124588601,0,0,0,0
SW00052,swab,0,3.28897165418952,2.61445784064001,4.60476856351156,5.27446434562669,4.21866927694552,1.11647431670403,5.86404437370868,0,0,2.86784146049486,2.68488060910625,0,4.07847038401954,0,1.69288152330191,0,2.08550400022711,0,0,3.90999095837578,0,0,0,0,0,0,0,0
SW00053,swab,0,3.78697860558604,0.829731724336739,4.73159326030409,5.63196588899737,4.38642570354078,0.829731724336739,5.64462665995619,0,0,1.26173769346444,3.47380662104651,2.19431914774652,3.84049851401872,0,0,2.56070657570381,2.83635064639333,0,0,4.54111174350005,0,0,0,1.47397242912055,0,0,0,0.829731724336739
SW00054,swab,0,3.88578622832116,2.80078833472132,5.35674526538309,5.38354836617692,4.00565332467909,1.52328191962651,5.66814293354569,0,0,3.64210443392199,2.51140594233679,3.2506727189426,3.8921388364901,0,1.8177542826066,2.41483024074793,3.73025503474001,0,1.69501244383907,4.38975302559511,0,0,0,0,0,0,0,3.29915937235754
SW00055,swab,0,4.21927960232969,3.43695606119867,4.1437129090455,5.38570640321739,3.64966364471621,1.41730818122444,5.8303751023016,0,0,0,2.79023858652027,1.41730818122444,4.22451970726202,0,0,0,2.54772818442687,1.80516356061236,0,3.73590565986222,0,4.19973594378436,0,2.23222348543655,0,0,0,3.51777112001622
SW00056,swab,0,3.40587303428817,1.31980292875132,3.73314165572608,5.60956893317242,0,0,5.69057446308828,0,0,2.08026886466308,3.35176415001869,4.08100112327527,4.78365295483294,0,0,1.61030838669937,3.92385666385191,0,0,3.81177705256143,0,0,0,3.03925209255122,0,0,0,3.53666479670203
SW00057,swab,0,3.61598275827912,2.26181002122933,4.19814078799122,5.6733372252554,3.87403054479269,0,5.66774308497335,0,0,2.00843472578438,3.42592112511585,1.91258826228405,4.21073706730484,0,0.781615911967132,0,3.65261095480384,0,0,4.07570457813037,0,1.32617665934011,0,2.34852785462314,0,0,0,1.61683729336131
SW00060,swab,0,3.74128763822023,2.49954775894299,4.70111026316973,5.63514984979943,1.99741183673736,0,5.67112109602171,0,0,1.77846596634699,3.36611977640554,3.04263269813111,3.90369942838211,0,0,2.47161067837932,4.06714270850003,1.60597623153616,0,4.29014672590894,1.60597623153616,0,0,2.25073825311134,0,0,0,0
SW00061,swab,0,3.87011369927057,1.97162621885482,4.92457759266408,5.41405374851085,4.75336926367705,0,5.70117557511044,0,0,2.84265077759901,3.33514271420318,1.21605827422883,3.50492004415589,0,0.940663976091544,2.92968749729102,4.24479001151681,0,0,4.81464725673531,0,0,0,0.940663976091544,0,0,0,0.940663976091544
SW00062,swab,0,3.64159451245819,1.32616217661284,4.2874325636746,5.62861747485824,4.40990065464076,0.37034680741532,5.59615919545179,0,0,1.69425109136131,3.64505002180943,3.04906692101908,4.13002108249324,0,0,3.46327874542488,3.94397390694597,0,0,4.59482109472647,0,0,0,1.8512417159915,0,0,0,4.78192096380921
SW00063,swab,0,3.66150370246414,1.77801023873159,4.42682306592151,5.60791131109217,3.0441024164154,1.19714626235246,5.72805926409416,0,0,1.95168123576065,1.19714626235246,3.77831538855516,4.07502020120885,0,0,0,1.95168123576065,0,0,3.97078433013111,0,1.19714626235246,0,0,0,0,0,1.19714626235246
SW00064,swab,0,3.39329544175093,2.67388173671012,5.89203779719706,4.76638963942405,4.1660995051699,0,5.04101879975858,0,0,4.05094252184985,2.47031354922864,3.04901225128636,3.88051742731678,0,0,2.0745737370008,3.90664494500821,0,0,3.71934342312368,0,2.47031354922864,0,2.0745737370008,0,0,0,2.0745737370008
SW00065,swab,0,4.48462023405857,3.52705937923133,5.64443933758933,5.20493082740951,4.69256496029207,2.98331381555326,5.43426648691855,0,0,3.88600873071007,2.38260563427296,0,4.41824536072426,0,0,2.38260563427296,3.65965098523834,0,0,3.55701399984546,0,0,0,2.38260563427296,0,0,0,0
SW00066,swab,0,4.28435717176861,2.39382331597946,5.32625080705222,5.35134792662272,3.98003284578964,0,5.64545046899831,0,0,3.56555255442347,2.77973246000054,3.53928788082731,4.86687985835024,0,0.939895723336782,0,3.12024156239063,0,0.939895723336782,3.91309363488886,0,1.59701167177083,0,2.43259103687596,0,0,0,3.09409177865826
SW00067,swab,0,4.22230076871386,2.99226813674646,5.25899993653096,5.26598601921937,3.94611749443578,0,5.76488125564063,0,0,3.29307702834592,0,0,3.77005081779418,0,0,0,3.29307702834592,0,0,3.99187006834666,0,0,0,3.4690945610249,0,0,0,3.4690945610249
SW00068,swab,0,3.21301560046779,2.82314948056082,4.0493837033958,5.65896583947554,3.76130200375488,1.10236279023426,5.59984163483539,0,0,2.11138774939308,3.55246470416806,3.62782526784807,4.33778582345556,0,0,3.63726462365277,2.99134410190417,0,0,4.96232501599872,1.38588973897454,1.10236279023426,0,0,0,0,0,1.10236279023426
SW00069,swab,0,3.71721302555807,2.66802986213064,4.64410717357467,5.18641563656256,3.548032698531,0,5.88841482300573,0,0,2.69884241322417,1.89900733133765,2.40708020969425,3.88643366799644,0,2.22345537971901,2.82989461369374,2.7692931413237,0,1.31308368174644,3.96725769281081,0,1.60342300541999,1.84179753032335,1.03267652302553,0,0,0,2.52318535913016
SW00070,swab,0,2.9836118155865,2.75425194516601,3.94492753140846,5.62567471203564,3.76780107193297,1.25954606132992,5.7266606659986,0,0,2.1673557003617,3.03471422449843,1.25954606132992,4.42818295322644,0,1.89376726912282,1.64290942976235,1.49222238587229,0,0,2.45398604960827,1.35165135092246,0,0,1.25954606132992,0,0,0,0
SW00072,swab,0,2.87822137738801,0,3.93938658638883,5.66458520276907,4.07965406684033,0,5.68402339658768,0,0,1.90535680765112,3.40524336298513,2.07964418573591,3.76480480697884,0,0,0,3.81512491705501,0,0,4.26025572738939,0,0,0,1.78221449041451,0,0,0,2.20367816433835
SW00073,swab,0,3.16984818521725,2.42245767839504,4.84283397567708,5.75243961478366,2.72266598516531,0,5.42131818864065,0,0,2.88803095008904,2.81941147367267,0,4.9681964889135,0,1.01750956570887,2.29806587196131,2.9086894076013,0,0,3.21196747006866,0,1.58710052163618,0,0,0,0,0,3.23397957252287
SW00074,swab,0,3.62672411394878,3.44593939721175,4.43025307839647,5.44702445198927,4.35599328952371,0.937919203853882,5.80017002919491,0,0,2.72435158986989,3.36054301383387,0.937919203853882,3.81314508097966,0,0.684306916122788,3.80278117852162,3.0753793905986,0,0.937919203853882,4.16369435391479,0,1.21314604438711,0,0,0,0,0,2.87648606692452
SW00075,swab,0,3.44656052981575,2.24476410102917,5.28588547923386,5.50757617613961,4.32437271383948,1.55557058282508,5.5883261778578,0,0,3.48793909486149,3.68012648351793,2.44795615337562,3.8465730898585,0,2.44795615337562,2.14847160858157,4.54506128938436,0,0,4.35289418176733,0,2.24476410102917,0,0,0,0,0,1.55557058282508
SW00076,swab,0,3.4966473560396,2.65583178260801,5.75875188903552,5.32196308677764,3.68972226940184,1.80440656176859,5.21117659717042,0,0,4.07951702755299,3.028394849377,2.46179899032017,3.99015081059986,0,1.58707663297142,3.21277843498836,4.24067033931942,0,1.80440656176859,3.43518812775264,0,2.00596389195805,1.41656857272353,1.7091966212695,0,0,0,0
SW00078,swab,0,3.9929889027147,1.89471104449535,4.7385683860919,5.51962108216593,3.54247811413946,0,5.74067535091947,0,0,2.98649929473531,2.73503918483989,1.89471104449535,3.98955607716384,0,0,0,3.11991959676381,0,0,4.27477038569067,0,0,0,4.27566303027502,0,0,1.59918051622501,2.28931763220941
SW00079,swab,0,3.95651949214483,2.3440921496402,5.03686034080194,5.65360523453018,4.26257746052396,2.02878435157629,5.42867377316093,0,0,3.2054943148803,4.04704120257912,3.51077449138393,4.0115148096753,0,1.5259510120626,1.62026588850449,5.01538528018534,0,0,4.16798535351946,0,0.961064666829223,0,1.69770838810499,0,0,0,1.2376690642153
SW00082,swab,0,3.78995414000299,2.88474150104671,3.92561906709795,5.60991633254101,3.85527175027559,0,5.73746160341341,0,0,1.79772806808917,1.12558875277298,1.99924556653486,4.11794076610286,0,0,0,2.99531236344619,0,0,3.98056952658576,0,0,0,0,0,0,0,0
SW00085,swab,0,3.51724016442859,2.37036052874138,3.73705791013722,5.64794982805648,3.8249365267924,0,5.67368575683693,0,0,2.12000054110619,0,4.52105153101141,4.12319227243493,0,1.4629084904349,1.879426332587,1.4629084904349,0,0,4.2707493103058,0,1.01471801475,0,0,0,0,0,3.42251611682094
SW00086,swab,0,3.62388061284785,1.60058339831262,4.07700767223345,5.51313734877712,3.74313854248972,0,5.79670023332892,0,0,1.97439265331598,3.34409511465148,0,4.11462824950148,0,0.943140522510025,0,1.93702268320891,0,0,4.01805052346581,0,0,0,1.21868495339912,0,0,0,2.49403466422208
SW00087,swab,0,4.18032377449265,1.37029716873153,4.6870449198382,5.75236331273562,3.48185452750497,0,5.31236386201895,0,0,2.58802882384946,3.16857606247587,3.38256183769318,3.58040508534227,0,0,1.1606185875604,5.10670686303673,0,0,4.41809267459047,0,0,0,0.739704181866836,0,0,0,2.51705288586837
SW00089,swab,0,3.52100175133487,3.24811496025977,3.33201688342938,5.82173970319513,4.0618020908812,0,5.40657739377002,0,0,1.43173677037771,0.875396983401764,0,4.44900091052012,0,0,0,3.73662437405349,0,1.14648772576135,4.46614185280171,0,0,0,0,0,0,0,0.875396983401764
SW00091,swab,0,4.08067112958041,1.6003136224465,5.48397844456785,5.51479305253301,4.63655826275647,1.89585857140346,5.40908212475619,0,0,3.59798315020853,3.26160906999401,2.19411984495114,4.01906721295452,0,0,3.28846694936264,3.94534848032844,0,0,4.45852019696747,0,2.0701059783473,0,0,0,0,0,1.89585857140346
SW00093,swab,1.39258924776678,3.30427060757414,2.53726635795089,4.96859105935418,5.50042767170383,4.32184535991736,0,5.72179122962066,0,0,3.21999590505384,1.68473543054976,0,4.04815666538028,0,2.65435333166368,1.10879961354913,2.84507900287645,0,0,4.41307431819426,0,2.07725659412444,0,0,0,0,0,1.77984666394866
SW00094,swab,0,4.27490883287589,0,4.50565593185671,5.64134347698801,3.98321867839136,1.9626268802958,5.543386040877,0,0,1.9626268802958,2.86155541857195,4.62765952155643,3.74682059025695,0,0,4.018607120737,2.9583459451377,0,0,4.93901145075683,0,0,0,3.6983173580878,0,0,0,1.66630450566185
SW00095,swab,0,3.69085821576464,3.04619445863954,3.89354822440421,5.39976303839181,4.24776380591789,0,5.83654633734838,0,0,0,2.59410776859554,1.2178667373569,4.20842532682877,0,0.688298543881209,0,0.94236898135818,2.12343893956151,0,4.06670540851994,0,2.80946127292761,0,1.98239162969449,0,0,0,3.29219223080608
SW00097,swab,0,3.38795168722772,1.97566353581954,4.78340331031214,5.61055433963108,4.22545434620497,2.18648994393962,5.36133190577715,0,0,3.02514073596081,3.07647191058961,1.03532622827912,4.99391251701892,0,1.7787623495126,5.14414314681928,3.39489772559579,0,0,2.9456377306732,0,0,0,0,0,0,0,4.58478769231161
SW00098,swab,0,3.57075837726323,0,2.56111253615319,5.76172520294588,2.56111253615319,0,5.58239886683453,0,0,0,3.21339610130138,0,3.65692352054427,0,0,0,3.77084479027507,0,0,4.37033687650777,0,0,0,0,0,0,0,0
SW00099,swab,0,3.66305047667372,2.77075194191205,5.60094634569967,5.38576110453875,3.17387425779838,0.869272588191667,5.4967259342681,0,0,3.9576449590505,2.42066284504634,3.21132799272533,3.70940202041773,1.30539628408033,2.91056488126508,1.59554227636416,3.93981602383558,0,1.42492711407533,4.00299908313232,0,2.1106365978207,1.30539628408033,1.30539628408033,0,0,0,3.17200757602108
SW00101,swab,0,3.71705000955272,2.78309095413222,4.04279468620593,5.52404547937754,1.75662442567406,0,5.79724971393841,0,0,1.86880897621846,1.36994622382012,0,3.33121694698232,0,1.79732509957379,2.14997664985529,3.72123633451931,0,0,4.1517586625687,0,0,0,0,0,0,0,0.820191367600198
SW00103,swab,0,3.62218391400411,3.40785720603879,3.78873860745644,5.42487780710383,3.4721324833479,0,5.82871404453073,0,0,1.62116712553559,3.1712489003401,3.57139662273321,3.91389979534117,0,0,1.98316578889141,2.28193260179261,1.98316578889141,0,4.47160206500766,2.13671125496961,1.45024006031083,0,1.83883984603079,0,0,0,2.58182656796798
SW00105,swab,0,3.91543239027351,2.24321037657128,4.80605234570013,5.57331926700022,3.97450073511759,1.47728879664218,5.70299660963392,0,0,3.03506887294917,1.02818579604597,3.62999047345733,3.63876236154412,0,1.7710223927013,1.02818579604597,4.07006329983192,0,0,4.20506167292892,0,0,0,0,0,0,0,3.19255478619283
SW00108,swab,0,3.88150434069121,2.44962255664214,5.09826705956708,5.65816280869581,3.97800252903495,0,5.57241987009187,0,0,2.72190350343957,0,1.55719649076642,4.11672957660594,0,0,0,3.81222620379434,0,1.55719649076642,3.91239661003505,0,0,0,0,0,0,0,2.02621670532374
SW00110,swab,0,3.28610940022227,1.07375027270065,4.75999377703886,5.57508751980249,4.61388513875506,1.35605918576481,5.63790543513895,0,0,2.98530408360199,0,1.64741704930037,4.40728806326634,0,1.64741704930037,3.22884568881514,4.53749441524371,0,0,4.40839356450398,0,0,0,0,0,0,0,2.84226950060244
SW00120,swab,0,2.95209709895039,2.76008908751904,4.96266761332249,5.62402243366816,3.2633442146774,0,5.65710454711149,1.3582900966803,0,3.17375182959011,2.41966484607827,1.57245835873449,4.01890279906529,0,0.917657037388657,1.71525271616634,2.64801443197169,0,0.917657037388657,4.2316898593883,0,1.57245835873449,0,1.19161229131673,0,0,0,2.44305896394073
SW00123,swab,0,3.74509560622401,2.50251131825113,4.32567033837341,5.59796894364324,4.2563572370701,1.06772056899067,5.67339490234535,0,0,1.83687657296921,3.30324891776879,2.72865693596618,3.876505350826,0,0.65920197671395,1.93701496720798,4.74610931924075,0,0,4.30704002765589,0,0,0,0.909822358038592,0,0,0,3.00397071016968
SW00124,swab,0,3.43791050996628,0,3.04630517607893,5.73459904998796,3.76662894652857,0,5.61763127670588,0,0,0,1.14378186126165,2.91812086861401,4.16949180453563,0,1.14378186126165,0,1.42893045051304,0,0,4.21966902280238,0,0,0,1.59959617482065,0,0,0,2.83632558852156
SW00131,swab,0,3.77540727980819,2.5274273017142,5.38231272284494,5.29949799399152,4.75252882078401,0,5.25381527945229,0,0,3.69989454288569,3.80875012843963,2.8788929457219,3.29227449504187,0,2.05287703987874,0,5.24979938516201,0,0,5.096974255398,0,1.92921811461013,1.75567521917222,2.05287703987874,0,0,0,0
SW00133,swab,0,3.55334782206333,2.74702706637046,4.41234286916427,5.72084255142571,2.36278562640164,0,5.61357863809506,0,0,2.29615266392007,3.12890658147999,2.36278562640164,4.1307292041423,0,0,1.52884489225776,3.37331623347518,0,0,4.1906889838342,0,0,0,1.52884489225776,0,0,0,0
SW00137,swab,0,3.82605639112941,2.55464861813948,5.6496582007141,5.12220489773107,4.09177409721786,0,5.55472976708342,0,0,3.9287989357647,3.15579942612773,3.63549279100319,4.00479289625858,0,1.84370182392012,1.625982833344,3.43747431012378,0,0,4.16990043614393,0,1.74834507618255,0,2.51998741486075,0,0,0,2.84665142430326
SW00142,swab,0,4.04934193119994,2.47384726597981,4.98560829763731,5.70347418848601,4.16039084815464,0,5.40568534708222,0,0,2.17427342919402,3.48325283245431,4.31750515518589,3.80489273346482,0,0,4.05505590798903,4.10080957267876,0,0,4.78467650442327,0,0,2.17427342919402,0,0,0,0,3.34764256358811
SW00144,swab,0,4.32093459381893,2.5738858786942,5.58229588087633,5.45089795456169,4.53691947086663,0,5.39387704012787,0,0,3.90183899044826,1.50726481347523,0,4.01034264800713,0,2.7730312055839,1.7236773715604,3.44146214148194,0,0,3.9844840490129,0,1.92470932566663,0,0,0,0,0,2.76535745543576
SW00147,swab,0,3.53225954637042,2.68084020451496,4.5395924511875,5.59332061632145,4.53518581485187,0,5.68613719145684,0,0,2.87831926387449,2.17098971440742,0,4.54051449390807,0,1.96862388880271,0,2.38071488198163,0,0,4.1388934360959,0,0,0,0,0,0,0,0
SW00153,swab,0,3.3413238233902,2.16799445730863,4.21593772043569,5.66621222529986,3.73498987342438,0,5.67806276922193,0,0,2.57636252658072,3.0837228609472,0,3.79276301510666,0,0,0,3.4028937243678,0,0,4.32599502967132,0,0,0,3.60784545251177,0,0,0,1.80393301173198
SW00155,swab,0,3.22702117678287,1.58499303552133,4.21768760476808,5.63897618493135,3.79979008817667,1.129889182333,5.69478342715682,0,0,1.129889182333,2.45966731006185,2.00384595784714,3.83049329550157,0,0,0,3.71456174094278,0,0,4.43728625750433,0,0,0,3.68646884627195,0,0,0,2.27483373055446
SW00156,swab,0,3.90787011945753,3.61842554459236,3.82707834071544,5.4098237246353,3.3824118636688,0,5.83640478625019,0,0,1.41691635154878,3.24115195205523,3.52066545685158,4.02048505650761,0,1.70955119102456,2.04075469414653,2.74316848350638,2.37184601092504,0,4.2487897439408,2.30520657139947,0,0,2.42960730249773,0,0,0,2.93617985566138
SW00159,swab,0,3.67604396851507,2.66348039675883,3.30928819599725,5.66782764524739,1.44785632803318,0,5.69064625872457,0,0,0,2.13425772621165,0,3.43513307946564,0,1.66346624036496,0,3.63540272236447,0,0,4.47125220384361,0,0,0,0,0,0,0,1.00065177849302
SW00168,swab,0,3.86701261817772,2.54425642768162,5.08558401634095,5.67003904409177,3.95454198161852,0,5.5596310946751,0,0,3.08743763628528,0,1.47850860018393,4.14736135575242,0,2.31105825015297,1.47850860018393,3.96011825816005,0,0,3.79935994262023,0,1.19167435966179,0,0,0,0,0,0
SW00169,swab,0,3.706710241097,3.0534444887492,5.63736777001633,5.35067101838764,4.13934770429904,0.96603987618049,5.45164806072454,0,0,3.86137541640928,3.25702422895761,2.64970751460361,3.67230696821336,0,2.84637770608991,2.3952126482732,3.51086625754593,1.70317943545252,1.62571521226469,4.30303864314075,1.24293037103138,2.38054966732795,1.24293037103138,0,0,0,0,2.09592726544971
SW00173,swab,0,3.84805655949783,1.47711222873294,2.84322345426348,5.71799965042796,2.24302876481148,0,5.64152475731653,0,0,0,2.30962087596614,0,4.11851992101147,0,0,0,0,0,0,4.25690074517516,0,1.47711222873294,0,0,0,0,0,2.24302876481148
SW00174,swab,0,3.443237989489,2.65042116651448,4.38114654035279,5.44056913444883,3.76292791883573,0,5.82284483020495,0,0,2.64691248964521,2.13897578789801,3.71386989532013,3.70870609128175,0,0.913572021584931,0.662542293363121,2.56580910338414,0,0,4.13834933723366,0,1.07162992646514,0,1.35384520090585,0,0,0,3.03929755905153
SW00177,swab,0,3.2419888910331,2.30555127002844,4.6777769822607,5.55633324535173,3.45511738864057,2.5792438209908,5.7553849574756,0,2.11766562749686,2.95991530476378,3.19870422372035,2.47235413764751,3.84643061061316,0,2.48092560990833,2.2656419631692,3.40656564039781,0,1.48533095282905,3.49469100517985,0,3.22549485039546,0,0.839760780218351,0,0,0,1.27285068971879
SW00179,swab,0,3.47022810992779,2.41067187171793,4.46929223892557,5.66071134780794,4.27923395474681,0,5.63934182016615,0,0,2.8020273738974,1.52810268743358,1.64981117686922,4.44621165414314,0,0,1.69988158892446,4.09198708643993,0,1.07599327491766,4.10964542075164,0,0,1.23975864791626,0,0,0,0,2.8238955203651
SW00240,swab,0,3.35422722808443,1.3941968992949,4.33129745156005,5.89917338808605,2.253800442506,0,5.21510025867482,0,0,2.3992362298767,2.33257801114852,0,3.86562581730372,0,1.110344806806,0,1.85947674438002,0,0,3.23988437616956,0,1.110344806806,0,0,0,0,0,3.98004249090737
SW00243,swab,0,3.77808066191265,2.06887017498677,3.51821578197737,5.65361695679531,1.64903472054244,1.77153053014586,5.69861752190901,0,0,1.47778847326405,3.46323769887833,0,3.38754545399672,0,1.77153053014586,0,2.71919057801182,0,0,4.36402005681978,0,0,0,0,0,0,0,4.05696595910538
SW00244,swab,0,3.30648753957611,3.22275616402657,4.06498334359179,5.50285295619651,4.09943600086945,0,5.79844575554117,0,0,2.33058282219657,3.52825050650389,3.27490473701744,3.51431892484712,0,1.56245805447505,2.72730394781646,1.85749998031332,2.25180711148422,0,4.14149415736005,0,0,0,0,0,0,0,3.23189412608247
SW00247,swab,0,2.89514276706255,3.0065095784471,4.17169663419818,5.76802429009668,4.28312922660179,0,5.5425697545949,0,0,2.36287426464471,2.7738989203314,1.30392996439611,4.08666191786121,0,1.76642761665676,1.59403867989976,3.58511463031685,0,0,4.05489863197654,0,0,0,1.76642761665676,0,0,0,2.90559503640843
SW00248,swab,0,4.4958523824899,0.997519186097827,3.70115333953867,5.67825729038095,4.09882500289827,0,5.58889395802487,0,0,0.660601406988154,3.48208415986195,2.1132070197343,4.50404532718349,0,1.25507403496477,4.16300932379513,2.22821847085884,0,0,4.5386247623229,0,0,0,1.44449947300275,0,0,0,3.28171995310162
SW00250,swab,0,3.28453917480726,3.75733080348332,3.82486626092558,5.6567185785095,3.71870846497789,0,5.70103143416763,0,0,1.89443591054734,0,1.08135573557597,3.98182870170356,0,0,0,2.00234797925738,0,0,4.1656819581555,0,0,0,0,0,0,0,0
SW00259,swab,0,3.87695732626505,0,4.60800801235321,5.69062721099644,3.85964669584574,3.02415124372387,5.61976122524347,0,0,2.58197172042484,3.84485385831898,0,4.22654903001572,0,1.72381309680659,0,2.08707699017549,0,0,4.06192230102542,0,1.2627954987246,0,1.2627954987246,0,0,0,2.73058047149743
SW00262,swab,0,3.23221923062397,1.79018484212919,3.22877445824002,5.69695440075416,1.73991148353971,0,5.67946684796104,0,0,1.446714886749,3.40879726518904,1.68304728125848,3.28238927652546,0,1.32692100588835,2.03697115031108,1.73991148353971,0,0,4.11081978994058,0,0,0,0.888901462641222,0,0,0,3.4936255713219
SW00265,swab,0,3.53230479520782,2.95555814252147,3.75872581650881,5.44963255939506,3.98523892050514,0.763161279099004,5.83252535786609,0,0,1.18721935610979,3.43004316767001,0.763161279099004,3.75214108391268,0,2.00742864458178,2.36404244735914,1.76758081743465,1.98645275757317,0,3.98845957593917,1.68988035938305,0.763161279099004,0,0.763161279099004,0,0,1.02501398060168,1.18721935610979
SW00268,swab,0,2.93934261103626,3.61513366382884,4.36010009042093,5.67591716213812,4.04890998062984,0.765356488482804,5.65315502487633,0,0,2.42556629705904,3.29763115681716,1.91928111255215,4.12655274850191,0,1.69247785928582,1.94381404247239,2.39290161693652,0,1.30756554555592,4.30164020794003,0,0,0,1.40017626963369,0,0,0,2.81134630359271
SW00288,swab,0,4.35129302484331,3.12457054028158,5.23996834844661,5.41797683651896,3.71166551998931,0,5.67536989969091,0,0,3.46681536807737,2.64810079089229,3.86729020946083,3.79948042930595,0,3.290798223301,3.47977598518434,3.6294963377269,0,0,4.53475314397148,0,0,0,3.062472784041,0,2.42690257071668,0,0
SW00302,swab,0,3.69250225247804,1.62723577795871,3.34134093361145,5.66822641372884,3.58546288641639,0,5.65161683180783,0,0,1.1701374969969,3.1694237514945,1.92311238750999,4.77493520604781,0,0,2.28811669056424,3.77429616937788,0,0,3.76718596145564,0,2.14288253771334,0,0,0,0,0,3.19310280591712
