Sample_Names,Alias,Geography,Methanobacteriales,Actinomycetales,Bifidobacteriales,Coriobacteriales,Bacteroidales,Chlamydiales,Deferribacterales,Deinococcales,Fibrobacterales,Bacillales,Lactobacillales,Clostridiales,Erysipelotrichales,Selenomonadales,Fusobacteriales,Burkholderiales,Neisseriales,Desulfovibrionales,Campylobacterales,Aeromonadales,Enterobacteriales,Pasteurellales,Pseudomonadales,Spirochaetales,Verrucomicrobiales,Eucoccidiorida,Saccharomycetales,Caudovirales
ERR1135178,PIG-001,France,1.70507888505021,0,0,1.20702594581792,5.72248992873583,0,0,0,0,0,4.97470936268785,5.14597376568139,3.33833541171189,5.17423645039051,0,2.90242129429357,0,2.29426580035365,0,0,4.11920925442501,2.38684371394189,0,4.85363373805091,0,0,0,2.69942099044088
ERR1135179,PIG-002,France,3.21397425171329,0,0,0,5.50361765586001,3.31236505479623,3.63407221695946,0,0,0,5.56799866383585,5.04365944967683,3.50594348961088,5.2151388371133,0,0,0,0,3.19813290635455,0,3.7159293282206,2.72552220655768,0,4.25803315585573,0,0,0,0
ERR1135180,PIG-003,France,3.83013462220135,3.20128815898348,0,2.40824991104137,5.48956528651178,0,0,0,1.94865210246441,0,5.39365985391435,5.29373071090891,3.22338418092137,5.09399727841356,0,4.2018419562018,0,2.41441547919599,0,0,4.29591405705808,0,0,4.88423777764425,0,0,0,0
ERR1135181,PIG-004,France,4.27225297375663,3.29045168904085,0,0,5.36132177573673,0,0,0,2.4104910313783,0,5.37361741844914,5.40286326893518,3.33734660685473,5.25564309541345,0,3.9242813734002,0,2.46403986899823,0,0,4.33343990785729,0,0,4.67666917619019,0,0,0,0
ERR1135182,PIG-005,France,4.34781793869281,3.6281098603723,0,0,5.26132578838894,0,2.15556991241268,0,1.74816909975561,0,5.48376640797666,5.48246418876353,0,5.06171256312454,0,4.27513269842336,0,3.63715346536975,3.4369314499671,0,4.04680743952749,3.5787822485574,0,4.42020404519095,0,0,0,0
ERR1135183,PIG-006,France,4.70022559446175,0,0,0,5.51749805374862,0,0,0,3.35375791894514,0,4.99934275828378,5.43261525658332,3.7907035300507,4.63543221407589,0,4.16340269267275,0,3.68579073328541,0,0,4.542495003748,0,0,5.14728482965763,0,0,0,3.57005332310838
ERR1135184,PIG-007,France,3.41607735775885,0,0,0,5.65920100028875,0,0,0,0,0,5.36961302479351,5.03163160995382,3.32053414072459,5.24071780414059,0,3.67905734521306,0,0,0,0,3.63185459746379,0,0,4.15123575201747,0,0,0,0
ERR1135185,PIG-008,France,0,0,0,2.5504622748008,5.35232730531881,0,0,0,0,0,5.50915906352801,4.90684536176216,3.78838944233692,5.23583053549308,0,2.74776927288658,0,2.26965360015055,2.42897255515139,0,4.97480814944909,0,0,4.98801061738002,0,0,0,0
ERR1135186,PIG-009,France,0,0,0,2.34703758802599,5.84431767743041,0,0,0,0,0,4.58303026629126,5.00582582891674,3.46772923530062,5.0947127475443,0,3.11509676239534,0,2.35635208178011,0,0,4.51029013928653,0,0,0,0,0,0,2.28347868160518
ERR1135187,PIG-011,France,4.6100975152594,0,4.21660590564437,2.71406369653642,5.44093055137816,0,0,0,0,0,5.29169825175495,5.5468061043822,0,4.58873853605387,0,4.595158303358,0,4.43978584350906,0,0,4.0211771592974,0,0,3.3251822171604,0,0,0,0
ERR1135188,PIG-012,France,4.74849142376268,0,2.94521125133219,2.47599970991358,5.1337406249712,0,0,0,2.90619359676727,0,5.55804970903047,5.57269063531935,0,3.36113619908636,0,4.45990899972334,0,4.4841054513466,0,0,0,0,0,3.22446768756215,0,3.86531598000238,0,0
ERR1135189,PIG-014,France,4.58628999793996,0,4.27372689924935,2.80122800630772,4.78319523320148,0,0,0,0,0,5.33103638493859,5.74197072788739,3.57714497336974,3.99550862656959,0,0,0,4.09961000892166,0,0,4.94573084356582,0,0,2.67194078382045,0,0,0,0
ERR1135190,PIG-015,France,4.67821704875308,0,3.85209254688061,3.37439198507115,5.42062179767034,3.26555766627003,0,0,0,0,4.90300243808854,5.51898359120934,3.85776368446855,5.35284236666343,0,3.65626173767254,0,4.29080327687358,0,3.11944657795959,3.9540879391222,0,0,2.54252512537802,0,0,0,0
ERR1135191,PIG-016,France,4.52114816963231,0,4.23406436639831,2.73059934495246,4.99593337015946,0,0,0,0,0,5.34774117678005,5.63634834682312,0,4.00820768856583,0,3.20113689247065,0,4.24597510544496,0,0,5.19982952168106,0,0,3.82380072614345,0,0,0,0
ERR1135192,PIG-017,France,4.4077792065067,0,3.7587040287677,3.09519031310914,4.78148693112944,0,0,0,0,0,5.32219023184108,5.76070785967816,4.4001181900562,4.65145396608009,0,3.91476586084559,0,4.01185244172038,0,0,4.50346105351467,0,0,2.49877282200633,0,0,0,0
ERR1135193,PIG-018,France,4.10303377256111,0,3.97592658390717,2.37735789273101,5.1205234171036,2.37954765729697,0,0,0,0,5.47641166701173,5.46226237424048,3.05365317884562,5.28337434253817,0,3.95286277781669,0,3.27967662831781,0,0,4.71299517709898,0,0,2.49408049686671,0,0,0,0
ERR1135194,PIG-019,France,4.97560794069277,0,4.42349802146541,3.34479597522204,5.1845194658961,2.92298780319291,0,0,0,0,5.05651516968928,5.55365770398446,1.73069507315576,5.33916393316095,0,3.87688622059157,0,4.27157156968789,0,0,3.81818274430306,0,0,1.69660528033474,0,0,0,0
ERR1135195,PIG-020,France,5.02716984478853,0,0,0,4.97627898576977,0,3.49655836048758,0,0,0,5.34195093409267,5.68825915882827,4.04572438884596,4.17864789364154,0,4.04305335525599,0,4.32807162831324,0,3.79733046577555,4.35071101639593,0,0,2.96983647207054,0,0,0,0
ERR1135196,PIG-022,France,0,0,1.61921635411362,3.59616657917116,5.43192500132237,1.8620628307113,0,0,0,0,4.78226045496803,5.20994638468187,4.47180928435037,5.59919114475597,0,3.31960135515353,0,0,0,0,4.86522756038495,0,0,1.99761707604115,0,0,0,2.55820852183965
ERR1135197,PIG-023,France,3.18070608911664,0,0,3.07775314978814,5.49601313284476,2.52830568666539,0,0,0,0,4.85343563265852,5.38391062363453,3.80933357364003,5.46694934511887,0,4.04398708965033,0,3.57972536759961,0,0,4.74438447223519,0,0,2.52574099621854,0,0,0,0
ERR1135198,PIG-024,France,3.83962597352838,0,3.89868902463854,3.54928813273204,5.00991834717579,2.16919208768036,0,0,0,0,4.74102709504442,5.58668218778467,4.30073262914457,5.40814545748735,4.13372091162781,3.01667010662042,0,0,0,0,5.16776266476587,0,0,2.45710324756948,0,0,0,0
ERR1135199,PIG-025,France,3.84215431768425,0,3.5322139835558,2.79730160111536,5.09587788022171,0,0,0,0,0,5.34813735440683,5.49036176006204,3.30733370018543,5.49797348822434,0,0,0,0,0,0,3.88622457401487,0,0,3.88309249975598,0,0,0,0
ERR1135200,PIG-026,France,3.67091234817208,0,3.24176390306775,2.43278520917981,5.47009229019905,0,0,0,0,0,5.09811914381475,5.53597049515239,2.53717687187004,5.3069868507217,0,3.86940922082631,0,3.73168173051598,0,0,3.00866264934046,0,0,4.09065835755446,0,0,0,0
ERR1135201,PIG-027,France,3.93850903203863,0,3.00237739003124,2.46718622288312,4.96727138891107,0,0,0,0,0,4.85572692499316,5.63004340429367,3.20977418761114,5.34916363141487,0,4.45475024086731,0,4.01818425559469,0,0,5.10727919025681,0,3.37936659988196,3.65682987344249,0,0,0,0
ERR1135202,PIG-028,France,4.39202953910789,0,3.51654879589306,0,4.76133083519803,0,0,0,0,0,5.34544627791117,5.81817515950952,2.44022654166582,4.0718905169502,0,3.39243900662451,0,3.98629140723851,3.49874696398368,0,3.58569345778729,0,0,3.56172699640129,0,0,0,0
ERR1135203,PIG-029,France,2.9357876750569,0,3.53219804705483,0,5.06111653534148,0,0,0,0,0,5.52603095673039,5.44625547782534,0,5.3355141347867,0,3.06985291125928,0,0,3.62588827394091,0,4.53653205938107,0,0,3.96021330347207,0,0,0,0
ERR1135204,PIG-030,France,4.73620251756468,0,3.70298892743741,2.92288716370279,4.33995371975398,0,0,0,0,0,5.36176979699989,5.79534928558615,0,4.35760336714191,0,4.09931264033033,0,4.32106577713986,0,0,3.32862989990363,0,0,3.70670735942249,0,0,0,0
ERR1135205,PIG-031,France,2.09645750684381,0,4.57508466803165,3.39426768171371,5.38758506881852,2.35317362334819,2.33468134377274,0,0,0,4.61850088659217,5.35342855907913,3.31695815513175,5.5977595929288,0,3.82988851170964,0,3.51539181627272,1.99266966137819,0,4.59810828613348,1.44001966461135,0,2.16891692658518,0,0,0,0
ERR1135206,PIG-032,France,3.48349752454218,0,1.68034693566212,3.39608986946181,5.3536022940836,0,0,0,0,0,4.64301122210954,5.52873605321106,2.89647050228739,5.49280131707912,0,0,0,3.88681969075828,0,0,4.80150726374118,3.35512353924331,0,3.24930379777968,0,0,0,0
ERR1135207,PIG-033,France,3.70916029346916,0,0,0,5.6336829331502,0,0,0,0,0,4.82899254834742,5.62211997252229,0,3.67336275413137,0,0,0,0,0,0,4.8518490226955,0,0,3.39874298459306,0,0,0,0
ERR1135208,PIG-034,France,0,0,0,0,5.66991202678966,0,0,0,0,0,3.85697020969962,5.59779856816671,0,4.33457998121262,0,4.99777219011778,0,3.23694932781223,0,0,3.53586338939825,0,0,3.4509518081789,0,0,0,0
ERR1135209,PIG-035,France,4.22441642816726,0,0,0,5.08572105843999,0,0,0,0,0,5.11796496809914,5.84777836144213,3.27524388401095,3.9586356595217,0,3.54159703224306,0,3.9533806881908,0,0,0,0,0,3.38763360037043,0,0,0,0
ERR1135210,PIG-036,France,4.50556481333438,0,0,0,5.48264224677433,0,0,0,0,0,4.66767149368667,5.62538799358268,0,5.11831260575313,0,0,0,0,0,0,4.78624321065118,0,0,3.4911642825873,0,0,0,0
ERR1135211,PIG-037,France,4.02402484283371,0,3.53663804549516,2.09844969639402,5.33791783752581,0,0,0,0,0,3.89308116002985,5.54203376254301,3.32117920696636,5.40648351090927,0,3.96791456870843,0,4.01045117563904,0,0,5.11982380447814,2.94549966232437,0,3.4343861608917,0,0,0,0
ERR1135212,PIG-038,France,4.27035021067614,0,0,0,5.05554556883432,0,0,0,0,0,5.4943293345014,5.64735905030008,2.60734907516184,3.6967519348386,0,4.56742871853752,0,4.70790271584908,0,0,4.23318411691901,0,0,3.06786862105568,0,0,0,0
ERR1135213,PIG-039,France,4.66328380070583,0,3.66141702262092,2.46750532432136,5.35424736822156,0,0,0,3.51385263216525,0,3.83605406245106,5.57635455165396,3.15979210762669,3.56317297486401,0,4.41457552792679,0,4.35747398856708,0,0,5.44343130215357,3.25491711472148,0,3.41738369770793,0,0,0,0
ERR1135214,PIG-041,France,2.47978171961741,0,0,2.94157065814963,5.74295836286963,0,1.4979537042038,0,0,0,5.25567751662269,4.97664429289268,3.77084243019624,5.16368637645314,0,2.47050621753753,0,2.50068390555401,0,0,0,0,0,4.26212311850261,0,0,0,0
ERR1135215,PIG-042,France,2.9479892487988,0,0,2.91617167669492,5.81129140242235,0,0,0,0,0,4.65822030143812,5.16797003298107,3.84759464879748,5.16277293140705,0,2.19144959687789,0,2.55698387905246,2.07036068458431,0,3.23109870936806,0,0,3.49612037827027,0,0,0,0
ERR1135216,PIG-043,France,3.00952604021631,0,0,3.36293163482261,5.73370302870293,0,0,0,0,0,4.2101651721091,5.02502378995631,3.97173993739897,5.47458666332312,0,2.75631415430093,0,3.3215031508355,2.52768231831199,0,2.89447615697938,0,0,4.33205470078366,0,0,0,0.687358966520893
ERR1135217,PIG-044,France,2.63915643751439,0,0,3.53630266431603,5.66584207810828,0,0,0,0,0,4.51823812679243,5.1994218575956,4.25701208253595,5.48915711635752,0,3.50319492126039,0,2.41015753946257,2.05901946966993,0,3.67364250603887,0,0,3.83414983201057,0,0,0,0
ERR1135218,PIG-045,France,2.86149849214901,0,0,3.49553154345335,5.69180244189561,0,0,0,0,0,4.51244103591169,5.2073299557909,4.27018726616919,5.44808020287594,0,3.36929076198834,0,0,1.98783391168775,0,3.57630784256308,0,0,3.71418071556353,0,0,0,0
ERR1135219,PIG-046,France,3.17094370027204,0,0,2.81777081439548,5.38030060770346,0,0,0,0,0,5.43789622138498,5.25424892580183,3.78665760194212,5.20977694547368,0,2.23841525586207,0,2.72737475875806,2.62075634527233,0,2.16188647248443,0,0,5.12926658488148,0,0,0,0
ERR1135220,PIG-047,France,3.05680431079924,0,0,2.86281259740193,5.81836387197667,3.0200680326316,0,0,0,0,4.7330162782988,5.20060516824487,3.87095943134481,5.02882618554364,0,2.91560410076099,0,3.52026855405865,2.44079803447217,0,3.62479592458317,3.1007127462674,0,3.2833246424112,0,0,0,0
ERR1135221,PIG-048,France,0,0,2.58959106461092,2.97362892431755,5.83376346076577,0,0,0,0,0,4.39497961074273,4.75648441779546,3.90555089761871,5.33909800430592,0,3.24893891632122,0,2.46448259919419,0,0,3.74469535376825,0,0,2.91150895365513,0,0,0,0
ERR1135222,PIG-049,France,0,0,1.79821108081451,2.85860167195317,5.88799096182185,2.54463196530725,1.6660185406768,0,0,0,3.79609763551175,4.20592730257361,4.04250340021142,5.27994012597128,0,2.4214128039621,0,0,2.32282342378243,0,2.71156895644949,1.21849269399752,0,3.11209869779885,0,0,0,0
ERR1135223,PIG-052,France,3.48818953600912,0,0,3.51500530698335,5.42421868768649,0,0,0,0,0,4.5647481522337,5.25895781183203,4.32258288180569,5.64576515045698,0,3.352635326394,0,2.79598946259093,0,0,3.85105556161544,0,0,4.56210366484651,0,0,0,0
ERR1135224,PIG-053,France,3.80557660842661,0,0,3.63827744037869,5.211229073766,2.58947080011524,0,0,0,0,5.24508101912298,5.23130472256294,4.13698552692631,5.65768114650441,0,2.77839901363643,0,3.46699165315982,0,0,2.22052944597965,0,0,3.90436245359015,0,0,0,0
ERR1135225,PIG-054,France,2.76614906167963,0,0,3.2474765808484,5.65176327963632,0,2.12555694616003,0,0,0,4.99128198916043,5.24527836057353,3.92519605624828,5.37697118333434,0,3.59635031462231,0,3.16011069818803,2.06447978818789,2.78608669832211,2.95958769534092,0,0,4.33131866561604,0,0,0,0
ERR1135226,PIG-055,France,3.24570388255832,0,0,2.28340918420206,5.70624505634547,0,2.16011560217438,0,0,0,4.64779693340667,5.1503973352841,4.44945222864714,5.37919379104045,0,0,0,0,0,0,0,0,0,4.55694441734148,0,0,0,0
ERR1135227,PIG-056,France,3.09750150032254,0,0,2.90972011531755,5.80197141829408,0,0,0,0,0,4.80016926467926,4.79689990414892,3.60431859795862,5.32403215771142,0,2.86399297755951,0,1.98280042297074,0,0,2.42337397826862,0,0,4.34947390034481,0,0,0,0
ERR1135228,PIG-057,France,3.09414613676003,0,0,2.90044706259903,5.71612081633646,0,2.22048048906789,0,0,0,4.68135690306903,5.06469092701396,4.02650857549228,5.35204061274644,0,3.09198720714451,0,0,0,0,2.9693239357609,0,0,4.88006060510611,0,0,0,0
ERR1135229,PIG-058,France,3.85150683559336,0,0,1.91173451638283,5.44306183597274,0,3.16408433235854,0,0,0,5.28599310642439,5.03577854451388,3.80569679525423,5.5603569844468,0,2.28776479340905,0,3.34094243165738,3.40094017509811,0,0,0,0,4.54642309834976,0,3.3714636499961,0,0
ERR1135230,PIG-059,France,3.73143877707444,0,0,1.79423631112217,5.63762475728228,0,0,0,0,0,4.94465021371899,5.23135611129618,4.07429611096861,5.12809596248339,2.9885013051128,0,0,0,3.42029912440814,0,3.4897757978767,0,0,5.17368034860575,0,0,0,0
ERR1135231,PIG-060,France,2.64562560582808,0,0,2.6805093774883,5.7785940599693,0,1.91803920587605,0,0,0,4.94208840726844,4.87716309719657,3.5289862250052,5.31477318661273,0,3.278717828892,0,0,2.19284910800342,0,2.8487351292162,0,0,4.3606564233919,0,0,0,0
ERR1135232,PIG-061,France,3.08193560801379,0,0,2.6320742099064,5.72037901407758,0,2.63313099696411,0,0,0,5.02574001835388,5.05272179383715,3.69576982727543,5.33951069626538,0,3.53075039346746,0,2.77806388129513,2.95680375431457,0,0,2.27397613085824,0,4.39945947697625,0,0,0,0
ERR1135233,PIG-062,France,2.80097185426105,0,0,0,5.68340563351317,0,3.77989133572523,0,0,0,5.24674549591913,4.9717613812896,3.80424941315227,5.26777430904178,2.46783383696598,0,0,3.86213470581915,3.69087561368838,3.63742004520748,3.7209248498398,0,0,4.42976278440899,0,2.16224763773918,0,0
ERR1135234,PIG-063,France,3.34333973181693,0,1.80875424116631,2.61343589367818,5.70746416324921,0,0,0,0,0,5.05532141833179,5.20667042886208,3.77763072019029,5.22442588629967,0,3.10636579994879,0,2.85331830828119,3.12398835985498,2.62383656777793,3.75267070342496,0,0,4.47537946412508,0,0,0,0
ERR1135235,PIG-064,France,3.7754457122442,0,0,3.13762835110151,5.47708877454751,0,0,0,0,0,4.97836567318047,5.43031700631957,4.03989132032822,5.17636052211185,2.30735867814301,3.16872160018133,0,3.63187604293467,3.77954185974036,0,3.39829421098963,0,0,5.18375641541101,0,0,0,0
ERR1135236,PIG-065,France,2.4104107922668,0,0,2.53835287495508,5.8280290285164,0,2.19717012424508,0,0,0,4.73636295349221,4.9425839038296,3.36745921186148,5.21984236561681,0,3.15004361748568,0,2.13084529789345,2.5625869807471,0,2.78015095157482,0,0,4.12627535970809,0,0,0,0
ERR1135237,PIG-066,France,3.06174261939539,0,0,2.45589212429446,5.75770740464896,0,2.66965874461788,0,0,0,5.10721472982168,5.04601523629597,3.55706117820072,5.17117845076092,0,3.39494585489896,0,0,3.51919681052323,0,2.2749413528109,0,0,4.45652905051503,0,0,0,1.09059680701756
ERR1135238,PIG-067,France,3.59030124734805,0,0,2.71822729289833,5.67842781477646,2.93961066627816,3.11420395354314,0,0,0,5.15189174076225,5.13006898239993,3.5721944992329,5.25245744772577,0,3.57543430776684,0,3.7811335310111,3.04588812355384,0,3.95007855556967,0,0,4.57215486345108,0,0,0,0
ERR1135239,PIG-068,France,3.19030731909134,0,3.67374418274943,2.39162417588659,5.55937339026605,2.26401265427638,2.87777421823002,0,0,0,5.26676585562654,5.12713457664956,3.57861564057056,5.414558209948,0,0,0,2.26401265427638,0,0,2.69824100748359,0,0,4.67159242613447,0,0,0,0
ERR1135240,PIG-069,France,2.58966519639325,0,0,2.72809357359407,5.86734293118628,0,0,0,0,0,4.50471916985534,4.84351372599698,3.47492078215379,5.18268980212677,0,0,0,2.54613021842914,0,0,2.93405632327839,3.38904279709221,0,3.21594152543737,0,0,0,0
ERR1135241,PIG-071,France,2.38385175008338,0,0,2.97995333064361,5.75863341361252,0,0,0,0,0,4.34338397402654,4.38645641993488,3.65021493241202,5.56949228889514,0,0,0,1.70266305316229,0,0,0,0,0,3.50010654085164,0,0,0,0
ERR1135242,PIG-073,France,2.90975584286343,0,0,3.20167113260219,5.56814566752813,0,1.04579518365115,0,0,0,4.99798475810448,5.09643705299323,3.77054705129991,5.57628740251618,0,3.29983914815491,0,3.19770986143863,0,0,2.89269240164501,0,0,4.20528789790498,0,0,0,0
ERR1135243,PIG-074,France,2.88918525542553,0,0,2.88494186947566,5.78072381544442,0,0,0,0,0,4.7600998306039,4.89162961514005,3.6056868498749,5.38840114040376,0,2.63170127063275,0,2.44451703489893,0,0,2.58931747961834,2.11202578466859,0,3.98248403129466,0,0,0,0
ERR1135244,PIG-075,France,2.58747513052529,0,0,2.43828507561883,5.79984745621773,0,2.2875665034221,0,0,0,4.87190588311615,4.84829069663215,3.67947407341585,5.29572765748984,0,2.9794501050972,0,2.61707164653519,1.46408870815918,2.46228552664512,4.00952096373294,0,0,3.96320147948004,0,0,0,0
ERR1135245,PIG-076,France,4.23198205690531,0,0,3.5686441752293,4.85837741449651,3.07509551209773,2.20732364635042,0,0,0,5.30924015212768,5.21316865625257,4.13511308108167,5.43394203586297,0,3.42343094388855,0,3.38908393270458,2.30895393502976,0,3.74196165676667,0,0,5.38463923777529,0,0,0,0
ERR1135246,PIG-077,France,2.82669349131393,0,3.15117771793305,2.92989512452478,5.67367607015739,0,2.86085855286733,0,0,0,4.97494029733683,5.04925401253357,3.724396751888,5.45909087619722,0,3.04653585786815,0,1.96067514664191,1.95559210505394,0,3.38261752933175,0,0,4.33095752925028,0,0,0,0
ERR1135247,PIG-078,France,2.26235260726026,0,0,2.90114140275099,5.64106404684091,0,2.77492211493805,0,0,0,4.80234218678323,5.17507482746326,4.14896270227258,5.42043708792011,0,3.52949233550903,0,2.76832396270468,1.6527646057733,0,0,0,0,4.82193786905367,0,0,0,0
ERR1135248,PIG-079,France,3.17789769046442,0,3.34021708665558,3.1595223507756,5.57984185466635,0,2.95555415908889,0,0,0,5.21954273324852,5.10719162745734,3.6287784731418,5.45323773559872,0,3.54751171587884,0,2.99954118282087,0,0,3.41048474852573,1.54183549745093,0,4.39456897034331,0,0,0,0
ERR1135249,PIG-080,France,0,0,0,2.43084211461193,5.67175254346947,1.8013647027765,2.11863798223457,0,0,0,4.75451283510989,4.94642950113706,3.52941561695321,5.21845638090157,0,3.29838014115069,0,0,2.00660243648144,0,3.73679829946113,0,0,5.31891047597228,0,0,0,0
ERR1135250,PIG-081,France,4.3426056128883,3.76690714039394,2.2879991315862,0,5.26277299446805,0,0,0,3.33349937488227,0,5.65884906618803,5.41947158010872,3.29690652014963,3.31079168971797,0,3.97859645630705,0,4.00555222337263,0,0,3.78777137413979,0,0,4.5829480587074,0,0,0,0
ERR1135251,PIG-082,France,4.62703526979235,3.78794233578077,3.19663523734407,0,5.10509634748006,0,3.41486484187041,0,3.53976180695055,0,5.49304595445845,5.61133340771931,3.64294305535781,3.41971548823777,0,4.42181275655687,0,4.09695532020769,0,0,4.32266088159634,0,0,4.47271446894385,0,0,0,0
ERR1135252,PIG-083,France,4.37026311340911,0,0,0,4.79439757035798,0,3.28229658552093,0,0,0,4.71826160301056,5.79883673642804,4.09545545501203,0,0,4.58044798995075,0,4.37747818839406,0,0,5.19321856449028,0,0,2.61348923059595,0,0,0,0
ERR1135253,PIG-084,France,4.64315894236438,0,0,0,5.41783930403884,0,3.96090604518121,0,2.40728746232559,0,5.31678898969931,5.5635560102926,3.8454823480397,4.18972829431043,0,3.57370808809012,0,0,0,0,4.84448581047251,0,0,4.1857609709761,0,0,0,0
ERR1135254,PIG-085,France,2.49563309259993,3.57804014369729,0,0,5.78809328124096,0,3.12881125764049,0,2.5503171417609,0,5.15528535074332,5.19140029651355,4.59730140546432,4.21131639965156,0,3.50956036405167,0,0,0,0,3.92735670978036,0,0,4.15929516697131,0,0,0,0
ERR1135255,PIG-086,France,4.29149157029713,0,2.58076301462823,0,5.37208274448119,0,0,0,0,0,5.22862761985824,5.61287420846844,4.21115079173621,4.39661959703583,0,4.19088769976923,0,4.1620895990224,0,0,4.94261709854663,0,0,3.79857743025928,0,0,0,0
ERR1135256,PIG-087,France,0,1.46749555955824,0,2.5730746139522,5.61717697968012,0,0,0,0,0,4.39692488117383,5.17684210373698,4.3097041509755,5.57389749529282,0,4.01547898800632,0,2.79320249961286,0,3.43249209110735,3.03909935593911,0,0,2.21920669525472,0,0,0,0
ERR1135257,PIG-088,France,4.15684031301349,0,0,0,5.35798248941103,0,0,0,0,0,5.0618099188307,5.17334791272571,4.23346208865324,5.66376885181504,0,3.41362712201685,0,2.28823913726496,0,0,4.06151333760442,0,0,2.89587521849789,0,0,0,0
ERR1135258,PIG-090,France,4.76132379225966,0,3.23180250151805,0,5.11917094798763,0,3.30013938476295,0,3.60020503198742,0,5.49885606562708,5.47284545531686,3.7774003823504,3.91008179352218,0,4.54214097024074,0,3.89121747002702,0,0,4.97965097727879,0,0,4.58440818763046,0,0,0,0
ERR1135259,PIG-091,France,4.43242090411851,0,0,0,4.85640496250712,0,3.83452305870624,0,0,3.27307344586491,5.03386123550159,5.74132441725762,3.65600003790377,4.25207957280449,0,3.89767133428337,0,4.28782616303674,0,0,4.92839128877053,0,4.99372979425195,0,0,0,0,0
ERR1135260,PIG-092,France,4.57198029667364,0,0,0,5.05679628549808,0,3.72338877605476,0,0,3.90425963743343,5.51354656761663,5.59074699463411,3.89795604365067,3.93560772271444,0,4.19434810080242,0,4.06763228292745,2.89985728121152,0,4.62236702907564,0,4.50931081471477,2.757792288418,0,0,0,0
ERR1135261,PIG-093,France,0,0,0,0,5.63691401390522,0,0,0,0,0,5.34433701639743,5.47971650898631,3.57902842911628,4.4728376000044,0,3.87838913439652,0,3.35521021767513,0,0,2.69070600107772,0,0,0,0,0,0,0
ERR1135262,PIG-094,France,3.49399128280416,0,0,2.58281877259042,5.47441839062671,0,2.35559264388721,0,0,0,5.59553106939334,5.42753578286032,3.26128856160557,3.96658812948929,0,4.2995074451631,0,3.68859883333887,0,0,2.76726319816295,0,0,0,0,0,0,0
ERR1135263,PIG-095,France,0,0,0,0,5.8071842344207,1.37574159137247,2.30124668929886,0,0,0,4.89285811541079,5.25013468021175,3.47814659830979,4.96836288664176,0,3.76363052464967,0,0,0,0,0,2.69815761066707,0,0,0,0,0,0
ERR1135264,PIG-096,France,0,0,0,0,5.78691325209548,0,2.78195484819999,0,0,0,5.07561231938777,5.23893310670712,3.27677614582471,4.91903940478394,0,3.9083027617916,0,3.06365834766403,0,0,2.82320200340468,0,0,0,0,0,0,0
ERR1135265,PIG-097,France,0,0,0,0,5.7574900531261,0,0,0,0,0,5.12129160412497,5.3661467522986,3.3293902464356,4.68201726117581,0,4.09671541941369,0,0,0,0,2.77630093992381,0,0,0,0,0,0,0
ERR1135266,PIG-098,France,0,0,0,1.14769228809165,5.67200494756808,0,3.64536162631429,0,0,0,5.30554105751617,5.32242974529592,3.82594533948557,5.00261879395959,0,3.6916885969696,0,3.04400626762034,0,0,2.20611942887989,0,0,0,0,0,0,0
ERR1135267,PIG-099,France,0,0,0,0,5.81800639633125,0,1.86320176200058,0,0,0,4.87559306941086,5.25692182909698,3.15470525559719,4.8733191528788,0,3.98303532969176,0,0,0,0,2.49408788248487,2.63867015971949,0,0,0,0,0,0
ERR1135268,PIG-101,France,0,0,0,3.5329966965188,5.79685630151954,0,0,0,0,0,1.75254140481067,4.00286106932896,3.95744229918826,5.5443837142132,0,2.39143002535654,0,0,0,0,0,0,0,2.69857252276233,0,0,0,0
ERR1135269,PIG-102,France,3.4427695196726,0,0,3.33920295668426,5.69704337172841,1.90014996179456,0,0,0,0,3.89548678027859,5.19608919943623,4.69154528433019,5.41749960962169,0,3.08217418563318,0,0,2.90524559180651,0,2.58285681036525,0,0,4.28321516851791,0,0,0,0
ERR1135270,PIG-103,France,3.18951765793153,0,0,2.25448068256374,5.63149815351781,2.77347990864962,0,0,0,0,5.38251357593757,5.12646608067066,3.68310631118294,5.26992473804272,0,2.97855618087485,0,2.51563191912109,2.35823190718078,0,2.68649229177647,1.3531156514952,0,3.18976962533928,0,0,0,0
ERR1135271,PIG-104,France,0,0,0,2.33006486081937,5.90910932928811,0,0,0,0,0,2.60576285264916,4.38491156055316,3.51009402442466,5.2013899145323,0,2.9394186270387,0,0,0,0,0,0,0,2.93477909082786,0,0,0,0
ERR1135272,PIG-105,France,0,0,0,1.59226406796408,5.7479683312293,0,0,0,0,0,4.82699720162176,4.74443912305557,3.49329058193046,5.49603380884557,0,2.67563547470544,0,0,0,0,0,0,0,2.81315830955886,0,0,0,0
ERR1135273,PIG-106,France,0,0,0,1.7408341593876,5.72797729066961,0,0,0,0,0,2.71786861307484,4.84803842605936,3.92488237379318,5.58332551435558,0,3.11719075922222,0,0,0,0,0,2.97114690210434,0,2.81345601272772,0,0,0,0
ERR1135274,PIG-107,France,0,0,0,2.47577084702158,5.86524330678273,0,0,0,0,0,3.91085587187058,5.05366124667284,3.80481340503726,5.12492597505987,0,3.44055651196008,0,0,0,2.77851833676337,0,2.45231000698339,0,3.26214954625816,0,0,0,0
ERR1135275,PIG-108,France,0,0,0,2.68649353102414,5.82938585949603,0,2.2492862494689,0,0,0,3.1201408761106,5.20944751589272,4.23266517601468,5.13980378266049,0,3.45266194467128,0,0,0,0,2.96058638156293,3.12456914735156,0,2.89338403858188,0,0,0,0
ERR1135276,PIG-109,France,1.93334975387063,0,0,2.35669916708768,5.81417758882037,0,0,0,0,0,4.16411415537933,5.11367366889985,3.61983434605884,5.28784115291375,0,3.06863650419204,0,0,0,0,2.85058304751614,0,0,3.5081750886528,0,0,0,0.652805719576879
ERR1135277,PIG-110,France,0,0,0,0,5.72386626784781,0,0,0,0,0,3.39998294591356,5.36515847369975,3.94885280171958,5.31647616897088,0,3.52898601047771,0,0,0,0,0,0,0,4.22167576058748,0,0,0,0
ERR1135278,PIG_111,Denmark,2.70935113810325,0,2.58214677234532,2.94184317909113,5.59915584205222,1.71498578672843,0,0,0,0,4.7141983043207,5.28510523083964,3.9955637841194,5.53583573096416,0,2.01934621884069,0,1.7106620819572,2.09551214861044,0,2.62042449872816,0,0,3.35246533080454,0,0,0,0
ERR1135279,PIG_112,Denmark,3.82617330516851,0,2.61167586645537,2.466593220731,5.4048487960697,2.31170653522119,0,0,0,0,5.03407024117889,5.28242083245859,3.76190653220127,5.34031114355158,0,2.99953461802935,0,2.68799322331785,3.06826442491644,0,0,0,0,5.32480600151685,0,0,0,0
ERR1135280,PIG_113,Denmark,3.86095902275037,0,2.9146490778431,3.0977633478634,5.24266516644697,0,0,0,0,0,4.9831755446365,5.37631811320044,4.0959401340985,5.03077883711858,0,3.78050144800022,0,3.64673145231624,3.28307223743947,0,3.56067247263271,0,0,5.53899175032417,0,0,0,0
ERR1135281,PIG_114,Denmark,3.89261488879099,0,0,3.41130089816601,5.35656475652456,0,0,0,0,0,4.26283551149788,5.42769180519383,4.52022882933465,5.43139064786938,0,3.53518410915206,0,0,0,0,3.86891597489707,0,0,5.21038991088226,0,0,0,0
ERR1135282,PIG_115,Denmark,3.97992032521524,0,2.90132860031131,2.78507326178161,5.39849101203109,2.29225846088923,2.26057965257311,0,0,0,4.73467327381765,5.43574655740609,4.11856070769427,5.0738901389022,0,3.70323644304019,0,3.63544197302975,0,2.90400443287734,0,0,0,5.43053397058074,0,0,0,0
ERR1135283,PIG_116,Denmark,4.53859810336931,0,2.18366693101728,2.84703984686758,4.49711427955212,0,2.92668554216118,0,0,0,5.45029852116107,5.45928475420688,4.18695639896784,4.84748962401846,0,3.54151911211214,0,2.93231917513325,3.7298221529807,0,3.71661171925639,0,0,5.41780446417175,0,0,0,0
ERR1135284,PIG_117,Denmark,3.74193006263575,0,0,2.59619688172674,4.92676383814042,0,0,0,0,0,4.6343966651431,5.21611141719171,3.99101194769906,4.86664200669707,0,3.45949792960294,0,2.90270497843681,2.68682028486632,0,3.6924284238787,0,0,5.78494329113535,0,0,0,2.14984818928367
ERR1135285,PIG_118,Denmark,4.2365259674206,0,0,2.04865140452361,5.70034309139199,0,0,0,0,0,4.65336019431884,5.49999809203493,4.42990824932027,4.5691679791187,0,4.20749804742553,0,3.50357706189014,4.09723217765654,0,4.08994871775331,0,0,4.06891395132992,0,0,0,0
ERR1135286,PIG_119,Denmark,4.36878575193953,0,0,2.45607196219437,5.60173897657409,0,0,0,0,0,4.84607649552129,5.56940117095174,4.40028726642846,4.58998595643872,0,4.010840517704,0,3.58144856287318,3.92180823105864,0,4.45233922934442,0,0,4.31532494009622,0,0,0,0
ERR1135287,PIG_120,Denmark,3.25597260649319,0,0,2.41753229932769,5.74166597680541,0,1.01050532315017,0,0,0,4.38192986735488,5.0496535533843,3.96659741540065,5.23806763825524,0,3.02235043196781,0,0,3.71427718425918,0,3.9938304252001,2.10689256868836,0,5.0476270745313,0,0,0,0
ERR1135288,PIG_121,Denmark,3.70827417818131,0,0,2.90988925417299,5.46456729121285,0,0,0,0,0,5.10948373684427,5.43677508173534,4.15380342291043,5.43757086287766,0,3.74313828592816,0,2.38478501445608,3.57403538521935,0,2.79180400503793,0,0,3.36144461515273,0,0,0,0
ERR1135289,PIG_122,Denmark,3.79430439599502,0,3.6213690988961,2.60102204329834,5.49823601017062,0,3.10702116096798,0,0,0,4.99934598887036,5.52331080473366,3.77589525888976,5.23622769087979,0,3.81131651646294,0,3.618055203483,4.2954116949474,3.0494126365473,3.62891054717314,0,0,4.4061293647574,0,0,0,0
ERR1135290,PIG_123,Denmark,4.22504138675487,0,1.52958867607189,2.99939852676909,5.43008329657364,0,1.38015038221568,0,0,0,4.78349469219848,5.56937550709115,3.77551574872665,5.29089809557404,0,3.9945992416222,0,3.77279585615026,3.32045866057442,0,3.51423121783577,0,0,4.76867393707737,0,0,0,0
ERR1135291,PIG_124,Denmark,3.30625446168412,0,2.74860012003088,2.45957231251994,5.75681073649002,0,2.35657285203044,0,0,0,4.73918568291813,5.32989682394828,3.82112882821649,5.15956599151023,0,3.0923873055559,0,0,3.12515001826631,2.42932079697262,3.23427050368093,0,0,2.63566495071506,0,0,3.03259779720168,0
ERR1135292,PIG_125,Denmark,3.08026160962544,0,2.52456448535876,2.60052617985008,5.52691995828939,0,0,0,0,0,5.26254831240765,5.40370481236229,3.78739450068934,5.30159060872065,0,3.37450567153463,0,2.4838245776891,4.14827374038425,0,2.79470720771463,0,0,3.170981274446,0,0,0,1.03325043349899
ERR1135293,PIG_126,Denmark,2.93619253288094,0,0,3.02093843154155,5.59112209334205,2.56055114998692,0,0,0,0,4.93897217636089,5.46447046103227,4.05654064483175,5.31700874466136,0,3.72584422199266,0,2.03576993322886,2.94677348506323,0,3.40048260126902,0,0,3.22741868175223,0,0,0,0.855138927423831
ERR1135294,PIG_127,Denmark,2.97301206299082,0,0,2.98015029548118,5.7114374659701,1.76420342191996,0,0,0,0,4.23889098682909,5.45435608321757,3.7809435751257,5.22334016143898,0,3.61211778649843,0,1.8937163352918,2.50628597039999,0,3.54337470282535,0,0,2.34050781000248,0,0,0,0
ERR1135295,PIG_128,Denmark,3.60852383606228,0,2.64923373819452,3.01300757797921,5.5442542613727,0,0,0,0,0,4.81180846607858,5.52057597762753,3.99671320635568,5.36235170055157,0,3.34887448453566,0,3.07197550438855,1.64161563369474,0,3.20864918854167,0,0,3.41366756916808,0,0,0,0
ERR1135296,PIG_129,Denmark,2.14616449258603,0,0,2.84264590603197,5.82534496710035,1.28936802664732,2.76152290271754,0,0,0,3.32197389540961,5.27558666813974,3.81878684663681,5.06178379745372,0,3.78126342427489,0,2.89082104356418,2.24785532559202,0,3.1183800536201,0,0,3.94448539185779,0,0,0,0
ERR1135297,PIG_130,Denmark,2.58275778905533,0,0,2.51765271016046,5.79180560629806,2.49392407962807,3.21052186165814,0,0,0,4.65908897569479,5.30975745097165,3.69170664509373,5.01096697842612,0,3.51838963096265,0,2.14385835554562,3.29244708034511,0,3.9286010455503,3.52025865110001,0,3.58656457481244,0,0,0,0
ERR1135298,PIG_131,Denmark,4.58052929738901,0,0,2.30067363572399,5.07757944322029,0,2.61432152784525,0,0,0,4.55092669919756,5.4293745596862,4.01519592569304,4.9361326160421,0,3.87274982556314,0,3.64578368356591,3.43582735228487,3.53988201964023,3.6701833053838,0,0,5.62119508092827,0,0,0,0
ERR1135299,PIG_132,Denmark,4.57014954672292,0,0,2.89461069445915,5.20289170483154,0,3.22898560014474,0,0,0,4.74977875404977,5.51261819860294,4.44736102670252,5.17278459587709,0,3.96115487888689,0,3.9581864594493,0,3.72699437532708,4.18732268036424,3.12929462055391,0,5.30511480957984,0,0,0,0
ERR1135300,PIG_133,Denmark,2.89075799027861,0,0,2.816495573777,5.54555401247895,0,0,0,0,0,3.81730449819423,5.5128368081916,4.22194556883515,4.9866957347801,0,3.97500692799074,0,3.15671053065236,2.93617508003182,0,3.70265061214993,0,0,5.26638338850093,0,0,0,0
ERR1135301,PIG_134,Denmark,3.40405524896687,0,0,3.06935083392672,5.49876348898712,0,0,0,0,0,3.55573485073923,5.42327327699853,4.26368340466946,5.3196038456107,0,3.76753846628677,0,2.27389692655299,0,2.8184789483789,3.48304410185372,0,0,5.24434876980025,0,0,0,0
ERR1135302,PIG_135,Denmark,3.38151092343124,0,0,2.54898509400132,5.73461777728694,0,2.35995499624395,0,0,0,2.95197565116892,5.28616373052617,4.22145395843375,4.91546259213502,0,3.78613327518261,0,2.442652219507,3.66763487532664,0,0,0,0,5.1763244583435,0,0,0,0
ERR1135303,PIG_136,Denmark,3.41464961542241,0,0,2.44077956364027,5.73103454606149,0,2.46551569411233,0,0,0,4.93072398129585,5.126013026417,3.80009595653886,5.31189120892756,0,3.74369080757754,0,3.25712016768846,3.18974779187959,0,4.04880062024352,0,0,3.91126452438993,0,0,0,0
ERR1135304,PIG_137,Denmark,3.59888663681243,0,0,3.07583747905876,5.63154389969605,0,2.09818457597036,0,0,0,4.53341290981934,5.31248988543293,4.17818102405597,5.44376106467723,0,4.05791840756907,0,3.30187574471747,2.1940895232146,0,4.0280956108869,0,0,3.99920971603122,0,0,0,0
ERR1135305,PIG_138,Denmark,3.47959817489766,0,0,2.64372747812092,5.6770351143071,2.17692613436627,2.86894777159243,0,0,0,5.10248720431254,5.12140518261035,3.6917546443422,5.34702017440765,0,3.64757919449646,0,2.83716616604076,2.55831340880972,0,4.25989034133269,0,0,4.02045455747602,0,0,0,0
ERR1135306,PIG_139,Denmark,3.28988031112433,0,0,2.54409629838012,5.45040926074125,0,1.20964775944965,0,0,0,5.50740037761525,5.22106814818624,3.79781306541678,5.23065713876922,0,3.79976893181787,0,3.27420263674091,3.4220174465726,3.04189997863542,4.53573913582995,0,0,3.6937133212126,0,0,0,0
ERR1135307,PIG_140,Denmark,3.36514659896694,1.75216188362758,0,2.60204275496221,5.83207454000704,0,3.13769334396038,0,0,0,4.30858566326973,5.11964848863634,3.83224802087267,5.15784618816543,0,3.330301448792,0,2.91438752904257,3.01740326171568,0,3.66595603406456,0,0,3.71731898784059,0,0,0,0
ERR1135308,PIG_141,Denmark,3.41663829094825,0,0,2.96256087425654,5.58084834010051,0,0,0,0,0,4.55113583533872,5.45547470270518,4.33366651328078,5.39589369809309,0,3.53688451203494,0,3.61554919386046,3.10460788655282,2.94347755414948,3.5125111818687,0,0,4.04942952332662,0,0,0,0
ERR1135309,PIG_142,Denmark,3.97926064831692,0,0,2.69064965137272,5.53391573321383,0,3.19057549438082,0,0,0,5.0645943761313,5.44144071129559,4.00250455464625,5.30436909929334,0,3.73329658985153,0,3.48647939267256,2.0764073234587,2.77848693642668,4.29944522183854,0,0,4.12796061280928,0,0,0,0
ERR1135310,PIG_143,Denmark,3.81263563227082,0,0,2.66510256259453,5.49495365745856,0,2.31151820848824,0,1.7292981628655,0,4.99109118436394,5.39035116995003,3.919429987819,5.42347842206652,0,4.40547906107602,0,3.83907702122903,3.01389086583145,0,4.02092449368583,0,0,3.75470558003812,0,0,0,4.13301874500864
ERR1135311,PIG_144,Denmark,3.98867347035263,0,0,2.84742169869825,5.32239719911741,0,3.28271487043201,0,0,0,5.55391032885174,5.32003190574319,3.92707168424905,5.26433593888585,0,3.9321725021224,0,3.61153112719809,3.43777670800099,0,3.28805285055109,0,0,3.00948449374713,0,0,0,0
ERR1135312,PIG_145,Denmark,1.78429325026692,0,0,2.72876059067326,5.70432790842093,0,3.14083542865059,0,0,0,4.96253375743953,5.26418434782622,3.74294183461312,5.22844264153733,0,4.38691229096287,0,3.47176140930847,0,2.67892101682105,3.62353782744558,0,0,3.98202196934932,0,0,0,0
ERR1135313,PIG_146,Denmark,0,0,0,2.52577818562038,5.77435390256723,0,3.10674132921964,0,0,0,4.9107106909777,5.25571528686917,3.74475741022194,5.0706304565501,0,3.74383378272717,0,3.26728330135311,0,0,3.77341114062446,0,0,3.73834725934504,0,0,0,0
ERR1135314,PIG_147,Denmark,2.99798056827094,0,0,1.45220508549802,5.53362669287328,0,0,0,0,0,5.31106372993168,5.41459610629579,3.64845186151055,5.21500028633297,0,4.0967621158932,0,3.78465857137947,2.65206736954607,3.12367497598142,3.27991670638809,0,0,3.31706618367348,0,0,0,0
ERR1135315,PIG_148,Denmark,2.81110874933982,0,0,2.43410569253534,5.77273749510181,0,2.79002251993921,0,0,0,4.96406624098903,5.15071018573375,3.77330402265637,5.13881352204008,0,3.58130405405131,0,3.17981410450764,3.45044562163153,3.37311634721092,3.49625153199023,2.1851023926337,0,4.17498302991921,0,0,0,1.19060414506113
ERR1135316,PIG_149,Denmark,2.86612050501361,0,1.50312332627096,2.90454210031978,5.70634289553781,1.89651641226932,3.13489629620411,0,0,0,4.97959496231178,5.19576123257149,3.81469106347783,5.27033691237838,0,4.14927159395626,0,2.89077907222547,3.48966186733969,3.12988581648973,3.76620516290475,1.7340540046208,0,4.2551888545614,0,0,0,0
ERR1135317,PIG_150,Denmark,3.17127273387065,0,0,2.38054120458766,5.6397638621802,0,3.27820562640915,0,0,0,5.0979471696284,5.2920171421087,3.79163753278037,5.25606820552509,0,4.18240275422363,0,3.63052630928004,2.56084687457651,3.38785002697702,4.08407183427289,0,0,4.25457184325997,0,0,0,0
ERR1135318,PIG_151,Denmark,4.53104679812213,0,3.01951933583516,3.15577316612859,5.49968508250254,0,0,0,0,0,4.55845089298341,5.45742922767332,3.80991882061266,5.15051364982238,0,4.26943636941652,0,4.52131485605935,3.31422769953709,3.44399338283621,4.95787678959085,0,0,4.4671706904423,0,0,0,1.9478737338406
ERR1135319,PIG_152,Denmark,4.85724948262199,3.03343853085825,3.00427809506064,3.02577825212624,4.67295507651801,0,3.02356455257576,3.14056052985089,2.58743665111466,0,4.87366559345687,5.69399029381529,4.19532954733407,4.84345981778374,0,4.38759462156008,0,4.45010793866029,0,0,5.21257632509303,1.81784426385107,0,3.66961707246376,0,0,0,0
ERR1135320,PIG_153,Denmark,3.64012100256446,0,0,3.29973474273418,5.73509445241333,0,0,0,0,0,3.93730285667331,5.1758475208108,4.14344709201123,5.36373303552595,0,3.71713003362796,0,3.55767313721011,2.50197425490489,0,4.5103236874921,1.93440592524511,0,3.70946199070117,0,0,0,0
ERR1135321,PIG_154,Denmark,3.83545327724395,3.18547586484708,1.70411969645863,3.15322982069208,5.59291242397511,1.86053733211346,2.25140103497133,0,0,0,4.32332888277116,5.44138796327521,4.10018689049523,5.34132962639713,0,3.67545784453384,0,3.9107037631823,2.67758961343293,0,4.43611725589851,0,0,4.44749939890568,0,0,0,2.24907297761352
ERR1135322,PIG_155,Denmark,4.44613417943859,0,0,3.5041260042266,5.1670401572617,3.1145887453005,0,0,0,0,3.79556582088568,5.57530015235216,4.29987874247628,5.49262099523329,0,3.69265637100389,0,4.31197398149261,3.65875976210955,0,4.01338439853841,0,0,4.82723539369755,0,0,0,0
ERR1135323,PIG_156,Denmark,2.72599807064147,0,0,3.03065222861326,5.67720392591646,1.18698509853853,1.34876383069212,0,0,0,4.88004906550611,5.33289940927396,4.2739737524021,5.26389494872262,0,4.05424015598501,0,3.42447674937777,2.62685793680836,2.60065663816811,3.01345844125079,0,0,4.12956146856633,0,0,0,0
ERR1135324,PIG_157,Denmark,3.64103027742411,0,0,3.31696643246773,5.48662846892941,2.33862160386864,2.10941268467839,0,0,0,4.97206796291795,5.38978159549616,4.04635850877515,5.44840304219495,0,4.14961678535468,0,3.70680159468532,3.01790132954121,0,4.1839094490297,0,0,4.30124884212165,0,0,0,0
ERR1135325,PIG_158,Denmark,3.84045076072282,3.08721326180802,0,2.69288819450319,5.65003584538248,0,1.79254267874297,0,0,0,4.88176434266356,5.30250741571385,3.45286692859205,5.35923327792697,0,4.21827531596697,0,3.94599624883897,2.5099313721352,3.56627277751713,3.62173027456312,0,0,3.42658462292658,0,0,0,0
ERR1135326,PIG_159,Denmark,2.88224432181586,0,0,2.56675991699912,5.77851623768081,0,1.79846082073627,0,0,0,4.91836975538325,5.19686001402901,3.83112846888046,5.10303128339045,0,3.46849887338418,0,2.76820074807008,0,0,3.95964712488532,0,0,4.07584662078659,0,0,0,0
ERR1135327,PIG_160,Denmark,4.08937297577113,3.74713075880487,0,3.03327052188196,5.53987905890001,0,2.60107905564506,0,0,0,5.27963219461266,5.41940346335646,3.97239188705763,5.13317459754791,0,3.8151995012929,0,4.25522457365398,0,0,3.95057873625422,0,0,3.35128768324278,0,0,0,0
ERR1135328,PIG_161,Denmark,3.86358318517516,0,0,3.2125022171715,5.18990109961279,0,0,0,0,0,5.32379977499079,5.55189416667047,4.24623387205212,5.36901408989736,0,3.29074825160068,0,3.50218149633828,2.47885989697409,0,3.28147007185115,0,0,4.01008982461169,0,0,0,0
ERR1135329,PIG_162,Denmark,3.58723805164846,0,0,2.30071637249341,5.69275663978778,0,3.24363997118857,0,0,0,4.86328910444298,5.42785312974486,3.58253907148821,5.1220808618554,0,3.84746936514914,0,0,3.7449945701744,0,3.38510646005001,0,0,3.96229011534167,0,0,0,0
ERR1135330,PIG_163,Denmark,3.0484149078196,0,0,2.899855591074,5.7104996898081,0,1.04554958296205,0,0,0,4.04556956808886,5.45063992015457,4.09001522270424,5.2214549227829,0,3.40540251540473,0,2.51234792708018,2.990932175683,0,2.41641290765374,2.13272035319877,0,3.91463749957391,0,0,0,0
ERR1135331,PIG_164,Denmark,3.20987871516758,0,0,2.71701776208124,5.7642616348709,0,3.73676968373598,0,0,0,4.16523670856721,5.39888720671767,3.86174793839784,5.09867194417812,0,3.53959431808005,0,0,3.54294987481239,0,2.60642093109337,0,0,3.77698124274117,0,0,0,0
ERR1135332,PIG_165,Denmark,2.21063495152896,0,0,2.80960484819122,5.72976536301925,0,0,0,0,0,4.66759459262133,5.38172049020583,3.92715394265137,5.12748941463952,0,3.59832935403697,0,3.06799121316334,0,0,4.40800581673143,0,0,3.25891226063797,0,0,0,0
ERR1135333,PIG_166,Denmark,3.14928414469557,0,0,3.17062923135762,5.73777216835645,0,0,0,0,0,4.53453277483983,5.34211030027286,4.06427162148893,5.19515271353454,0,3.80119441279961,0,3.3252727368996,3.70695322586674,3.01493247561816,3.54263959565601,0,0,3.99683894145897,0,0,0,0
ERR1135334,PIG_167,Denmark,2.62177487531624,0,0,3.10538580022158,5.76924935673258,0,0,0,0,0,4.74757950748949,5.37720624722788,4.03680657726302,4.97960515842993,0,3.27576605778486,0,2.11791716573228,1.58632389598529,0,3.55308440422194,0,0,3.63328941805471,0,0,0,0
ERR1135335,PIG_168,Denmark,3.15429376524804,0,0,2.86044707050051,5.77210497687916,0,1.81341747248722,0,0,0,4.87928064880919,5.33127654235687,3.87426268915159,4.98697822420589,0,3.41892987999982,0,3.02731340272243,2.84737536061965,0,3.36608643177608,0,0,3.67078575708689,0,0,0,0
ERR1135336,PIG_169,Denmark,3.59691523244332,0,0,3.13693850512893,5.74575575101495,0,2.36477924672195,0,0,0,4.02616296759137,5.31585569269209,4.0483555959129,5.27682173596781,0,3.37650215281709,0,2.86500462059015,3.73540909790007,0,2.94248338741939,0,0,4.01108533466864,0,0,0,0
ERR1135337,PIG_170,Denmark,0,0,0,2.78614913310043,5.76023967673139,0,1.56349674804217,0,0,0,4.24583942188615,5.33729601808188,4.11946599378926,5.17939860601798,0,4.01766793361817,0,3.30649918922462,0,0,4.01503352279755,0,0,3.16682133433572,0,0,0,0
ERR1135338,PIG_171,Denmark,3.31554949000939,0,0,3.2902210760693,5.61738406890113,0,0,0,0,0,3.87825027989004,5.54593288672997,4.20693900278283,5.29286161197219,0,3.73858402413991,0,3.14194120280081,0,0,3.41216634158875,0,0,2.86912034558915,0,0,0,0
ERR1135339,PIG_172,Denmark,2.34483712297253,0,0,3.24892729118189,5.72708679264348,0,0,0,0,0,4.55572227231001,5.41234035988309,3.80885270950383,5.18625404687453,0,3.72870304390346,0,2.6503009775833,0,0,0,0,0,3.64351998567222,0,0,0,0
ERR1135340,PIG_173,Denmark,3.28914162973063,0,0,3.32472024192555,5.63485187886629,0,0,0,0,0,4.87183403586791,5.51277542619099,4.10948653084196,5.12847914080539,0,3.93048859819944,0,3.57094025425051,2.17317637216749,0,3.63450879859394,2.34260625573257,0,2.40515892234521,0,0,0,0
ERR1135341,PIG_174,Denmark,0,0,0,3.23368405169112,5.67603610299172,0,2.95393588873304,0,0,0,4.66314489397255,5.37761710703875,4.19675318324417,5.33138044161191,0,3.27359215271369,0,2.83324276788311,2.40187876461047,0,3.0860499387396,0,0,3.62849038115301,0,0,0,1.27757261432942
ERR1135342,PIG_175,Denmark,2.91745920611744,0,0,2.74383662615131,5.69343759462027,0,2.74339629015675,0,0,0,5.00735198197745,5.28212967613074,3.73539209168175,5.28668678429132,0,3.75611576202302,0,2.87502599527163,2.40068090056804,0,3.43641164249544,0,0,3.45176932208302,0,0,0,1.06725878224058
ERR1135343,PIG_176,Denmark,4.09631759936057,0,0,1.99737235186611,5.59837757790112,0,3.05531829011321,0,0,0,5.05686827529033,5.43106687752609,4.26666917949113,5.19692267191022,0,3.99533490645975,0,3.7703364178903,3.33322991742082,3.1289663593591,3.98283175723616,0,0,3.04925659274164,0,0,0,0
ERR1135344,PIG_177,Denmark,1.9311746677201,0,0,3.05280732646865,5.7090757356069,0,2.87942487826027,0,0,0,4.57783851215656,5.40453250262539,3.90103283946122,5.24280191503429,0,3.75883165738995,0,0,0,0,3.63111923845469,0,0,3.23825098313153,0,0,0,0
ERR1135345,PIG_178,Denmark,2.8127278879837,0,0,2.53734243431237,5.8287487419558,0,2.38100807479748,0,0,0,3.75113619415911,5.29118515990957,3.67420338331137,5.02242744591335,0,3.80000382799633,0,1.96194778278056,2.04310129034966,0,3.37850553911479,0,0,3.6589652633147,0,0,0,0
ERR1135346,PIG_179,Denmark,2.96900760153901,0,0,3.14992432837056,5.79335978432886,0,2.91914025573346,0,0,0,3.4020460011251,5.28357967271008,4.52875851366436,5.12822501066192,0,3.37157665878825,0,2.57609667428352,3.74587179704096,0,0,0,0,3.64092371600554,0,0,0,0
ERR1135347,PIG_180,Denmark,2.9237473863234,0,0,2.93201014518254,5.65150398713559,0,2.98615481421495,0,0,0,4.81386812842214,5.36682111633067,4.04496843678789,5.34446272051574,0,3.78676883930734,0,3.28810912294882,3.44974099407173,0,2.67055239732528,0,0,3.89139243925348,0,0,0,0
ERR1135348,PIG_181,Denmark,3.75700881130336,0,0,3.2562147044473,5.64213362751467,0,0,0,0,0,4.45931532183503,5.4743378668463,4.25180715444154,5.28205026656625,0,3.40909439905881,0,2.41497565329715,3.48928453826166,0,3.5449677439955,0,3.15121334021737,3.83324338762471,0,0,0,0
ERR1135349,PIG_182,Denmark,1.50866624788038,0,0,2.75582498372161,5.89123494866112,0,2.78194090176715,0,0,0,3.22603135035864,5.05099196160352,3.71625381744196,4.96613030512062,0,3.56889976580595,0,2.36139580401995,2.04301033738521,0,3.21887320175252,0,0,3.44730857212172,0,0,0,0.676804847996127
ERR1135350,PIG_183,Denmark,3.65918911730172,0,0,3.29082008691494,5.52917752036332,0,2.37687966919038,0,0,0,4.21255128954781,5.45592282042611,4.54947198584148,5.47500120469194,0,3.68249103163349,0,3.5687898732962,3.33610055849907,0,3.77006058325424,0,0,3.3945109159096,0,0,0,0
ERR1135351,PIG_184,Denmark,2.77601395170768,0,0,2.83209841555551,5.69307945680581,0,2.90391773676389,0,0,0,3.75517672904786,5.26718766824748,3.88780545508687,5.43785588701502,0,3.70822113193904,0,2.67482149865958,3.7925334446369,0,4.07209202286755,0,0,3.93425819967797,0,0,0,0
ERR1135352,PIG_185,Denmark,3.62000020553681,0,0,3.29865304346812,5.42490484682434,0,1.28329093696446,0,0,0,5.33198311566935,5.47751458580417,4.33437452787804,5.22387792570712,0,3.53511441120572,0,3.5894248814078,2.33430888200924,0,3.67032778622056,0,0,4.06137124531041,0,0,0,0.649975117164707
ERR1135353,PIG_186,Denmark,4.54382045656625,0,4.29476438861317,3.10452190354844,5.49652112312951,0,3.21903475719361,0,0,0,5.06935974927261,5.52158261358127,4.08163235414838,5.00664123215316,0,4.53742807548827,0,4.14424473202281,3.33775932263632,0,3.71020266597063,0,2.94482864704574,3.92969539420637,0,0,0,2.50799137423942
ERR1135354,PIG_187,Denmark,3.78793377485099,0,4.32667181736081,3.11440452974943,5.67338593055071,0,0,0,0,0,4.99425136317541,5.33282920151961,3.8745920158738,5.21029475777815,0,3.81336898170498,0,3.4604032163901,3.46069775105998,0,2.72408692296346,0,0,3.54269101948749,0,0,0,0
ERR1135355,PIG_188,Denmark,2.65690327297483,0,3.92150541390142,2.90284324240768,5.69822770431191,0,2.91700809512021,0,0,0,4.73595465578945,5.44535556391469,4.08675574237304,5.10251997694955,0,3.98282569112697,0,3.48797187518827,2.992016971074,0,0,0,0,3.66743376511286,0,0,0,0
ERR1135356,PIG_189,Denmark,3.8448889125887,0,3.43464567484159,0,5.63898823077091,0,0,0,0,0,5.20313320640594,5.44432294250428,3.47772173601647,4.76993399061108,0,4.3794970389637,0,4.21353652245856,3.921163959638,3.72441050442858,0,0,0,3.05971554407185,0,0,0,0
ERR1135357,PIG_190,Denmark,3.72035569813218,0,4.58940701329562,0,5.70015797995467,0,3.0110608133037,0,0,0,4.88464425948138,5.42052875321172,3.58768220586483,4.72577757093249,0,4.43505101228553,0,4.25349530086842,3.69351849166843,0,0,0,0,3.80021971979429,0,0,0,1.51652508867479
ERR1135358,PIG_191,Denmark,0,0,3.89484246476654,2.85454685292198,5.77561042188679,0,3.40173072518819,0,0,0,4.7198408809272,5.22020817001812,3.58976006797302,5.18326058391105,0,4.15297345665631,0,2.80103366475628,3.13143471036547,0,2.94833329871369,0,0,2.64859388682293,0,0,0,0
ERR1135359,PIG_192,Denmark,4.90182414724643,0,3.81226931277325,2.80712769934276,5.49639844606201,0,2.69729120427139,0,0,0,5.21285501261692,5.50619212875671,3.87952708870424,4.9838673827839,0,3.42216366203716,0,3.73142502405364,0,0,0,0,0,3.47957103629352,0,0,0,0
ERR1135360,PIG_193,Denmark,4.20187934699589,0,3.1359623710998,2.8897744137508,5.66135831294163,0,3.17362657627449,0,0,0,5.1227588515469,5.42142587821363,3.95377419013378,4.86408679564358,0,4.30064676502363,0,3.94420016720676,4.12139987723381,0,2.99982870246629,0,0,2.4209393111276,0,0,0,0
ERR1135361,PIG_194,Denmark,2.89409560306615,0,4.57337412882393,2.63563083757377,5.71480732253246,0,0,0,0,0,5.06863698305198,5.38890957984039,3.95532109267172,4.79018362867255,0,3.89822032057496,0,3.33951872851759,0,0,0,0,0,0,0,0,0,0
ERR1135362,PIG_195,Denmark,4.25825793748795,3.21801318413159,4.99491168989709,3.63525467270275,5.41656588313855,0,0,0,0,0,5.07999967907869,5.47560526521809,3.82662422856133,5.22295987215738,0,3.61393210408421,0,4.0904291969694,0,0,2.85004272007164,0,0,3.77901466716792,0,0,0,0
ERR1135363,PIG_196,Denmark,4.20114319732923,0,3.87482457958376,2.24208877011488,5.69575390798912,0,0,0,0,0,4.995022809421,5.38529156991943,3.6653511513332,4.04753036932185,0,4.25150484399794,0,4.2143726480854,3.58517777394222,0,0,0,0,4.92735462802738,0,0,0,0
ERR1135364,PIG_197,Denmark,3.57438272343849,0,4.0991975664243,2.21969857575532,5.58618088554673,0,4.00170057112626,0,0,0,5.23362764100572,5.46388792339975,3.75128876713484,4.75651145834311,0,4.41885237976729,0,4.28238998846033,3.78464366367525,0,0,0,0,4.05680380342131,0,0,0,0
ERR1135365,PIG_198,Denmark,3.12559902741667,0,4.33549069139421,2.93349297152428,5.66437473601056,0,3.28489411644983,0,0,0,4.90875097028146,5.4186121477598,3.6587776648786,5.11252156328217,0,4.25092273398004,0,3.1355922676071,3.50999299206243,2.95003110524075,2.77848683967988,0,0,4.05084576789479,0,0,0,0
ERR1135366,PIG_199,Denmark,3.64934404911439,0,4.50946178372678,0,5.5599149127137,0,0,0,0,0,5.29191966589766,5.40884894815897,3.79399352607661,4.93026983457725,0,3.40907639007426,0,3.4418674539687,4.55487634569883,0,3.7572623887173,0,0,3.98665390673761,0,0,0,0
ERR1135379,BHZ-11B,China,4.55744705880692,0,2.17326310277809,0,4.3686676774071,0,0,0,0,0,5.40041255348631,5.28646847816837,3.67531716933489,1.55012533038282,0,0,0,4.38977850819006,3.38863891453885,0,5.66220195338366,0,3.43801097272663,3.21996943858337,0,0,0,0
ERR1135380,BHZ-12B,China,5.12677605284649,3.66365036586699,0,0,4.63934582029192,0,0,0,0,0,5.57627354099281,5.60388724276173,3.66261614508835,0,0,0,0,4.11590732506833,0,0,4.22496336870724,0,0,3.68514660663505,0,0,0,0
ERR1135381,BHZ-1B,China,4.77172590066384,3.5415841917897,4.28486359575227,2.7212338162777,4.87973911006584,0,0,0,0,0,5.19061863918519,5.68826348454999,3.58257455377944,4.9763370776275,0,4.13963644524595,0,4.87317805712907,0,0,3.84362528906209,0,0,3.69142205233217,0,0,0,0
ERR1135382,BHZ-2B,China,5.06703294769458,0,2.32638571931306,0,4.221068545626,0,0,0,0,0,5.42211946541599,5.2401438470733,3.82180847614977,0,0,0,0,4.23171485214565,2.58352802171414,0,5.60167705469189,0,3.47729719691179,3.20549960923002,0,0,0,0
ERR1135383,BHZ-3B,China,5.32514531774867,0,4.19671178920806,2.80952136495144,4.56934720730766,0,0,0,0,0,5.3683280323674,5.5970920950952,4.07565856584852,4.51125807342187,0,0,0,4.16463492880782,0,0,4.64022323081701,0,0,3.54492488594034,0,0,0,0
ERR1135384,BHZ-4B,China,5.06578432101197,2.65229415906637,4.06939742327259,0,4.92341291084625,0,0,0,0,0,5.32598856350847,5.62615616022151,3.76109999618448,3.74530851717065,0,0,0,4.36349109636425,4.25328535371888,0,4.046299476834,0,4.90513151980327,3.96129712763932,0,0,0,0
ERR1135385,BHZ-5B,China,5.24994454095809,3.01363514091897,1.47493922999605,2.4348669025678,4.93481824620973,0,0,0,0,0,5.47692191030253,5.52247809234005,3.93885320765211,1.67356862599825,0,3.72942302990097,0,3.84306006034445,0,0,4.89134899709289,0,0,3.47592485780477,0,0,0,0
ERR1135386,BHZ-6B,China,5.00955090758448,2.16519984626733,3.87530231589889,2.47893527521086,4.78271106515581,0,0,0,0,0,5.38465582551226,5.5825995087874,3.45117007364169,4.45365429688406,0,3.64929938742111,0,4.52164773149249,0,0,5.12548708152401,0,0,3.2589839176045,0,0,0,0
ERR1135387,BHZ-7B,China,5.20185856939353,2.13029417134882,0,0,4.50105919498172,0,0,0,0,0,5.58982259188274,5.56979371258464,3.48937240570269,0,0,0,0,4.00498790124833,0,0,4.50475739508894,0,0,3.55479284806313,0,0,0,0
ERR1135388,BHZ-8B,China,5.17015967577132,0,0,0,4.29336560378189,2.59064730972277,0,0,0,0,5.12285455446833,5.34389311860903,3.57628249757558,0,0,0,0,4.46827664647077,0,0,5.64642166980828,0,0,3.37655118618235,0,0,0,0
ERR1135389,BHZ-9B,China,5.46637763064608,0,3.40320692942403,0,4.47422900518118,0,0,0,0,0,5.30275742201875,5.57735414746979,3.7204625666941,3.53381806553597,0,2.42515232968765,0,4.07196922270222,0,0,4.70586051409183,0,4.34711874104064,3.40727845901166,0,0,0,0
ERR1135390,BMZ-10B,China,4.42123862398305,0,4.0009087818802,0,4.23659970565955,0,0,0,0,0,5.78838017381909,5.40422632527009,3.54250873879065,4.06095769853645,0,0,0,3.89661783955625,0,0,0,0,0,4.74466248758165,0,0,0,0
ERR1135391,BMZ-11B,China,5.1049295020634,4.12828543009765,0,0,4.75815973506519,0,0,0,0,0,4.16431006114344,5.71779703453682,4.43589457387905,3.68377784649587,0,0,0,4.34030274909129,0,0,5.29645432100585,0,0,4.12334562870286,0,0,0,0
ERR1135392,BMZ-12B,China,4.91828992256209,0,0,0,4.85050326088319,0,0,0,0,0,5.66053820840049,5.51965703036575,3.18393551638849,0,0,0,0,4.42265802767467,0,0,0,0,0,4.47370027874078,0,0,0,0
ERR1135393,BMZ-13B,China,5.21814027927163,0,0,0,4.76974288612041,0,0,0,0,0,5.46950506887737,5.51230926563669,3.87242949964837,0,0,0,0,2.57725610695614,0,0,5.17017892193132,0,0,0,0,0,0,0
ERR1135394,BMZ-14B,China,4.81945689341132,0,4.54401135643519,3.06997815227364,4.88247027083873,0,0,0,0,0,5.32233899051338,5.65264328199285,3.68635725924725,5.0202103043305,0,4.24274469138032,0,4.54388683110958,0,0,0,0,0,0,0,0,0,0
ERR1135395,BMZ-15B,China,4.88130325831983,0,4.4219960491681,0,5.24707445110948,0,0,0,0,0,5.21891651906346,5.65707453607994,3.38432967502405,4.68786488004351,0,3.97949393717351,0,4.60853990308213,0,0,0,0,0,0,0,0,0,0
ERR1135396,BMZ-16B,China,4.80941277387987,0,0,0,4.81701624905589,0,0,0,0,0,5.68915399233834,5.50478298027978,3.46793144605105,2.34346358814301,0,3.50486153624723,0,4.36321459649625,0,0,4.09164746477585,0,0,4.29171448718013,0,0,0,0
ERR1135397,BMZ-17B,China,4.5688020436978,0,3.38121052040847,0,4.45829924624372,0,0,0,0,0,5.51400806053891,5.76201037199233,3.61730666502516,3.18582349819042,0,3.73584844028901,0,4.12184475405154,0,0,3.18582349819042,0,0,3.08998759019685,0,0,0,0
ERR1135398,BMZ-1B,China,5.25815061386566,4.15109400487653,3.6270538957492,0,4.54497421451717,0,0,0,0,0,4.91223308144201,5.73036677281458,3.98515980676058,4.65033384984335,0,0,0,3.77792810740243,0,0,4.70407805200104,0,0,4.54654575424047,0,0,0,0
ERR1135399,BMZ-2B,China,5.12312913975398,0,0,0,4.5608972482464,0,0,0,0,0,5.55569666556695,5.55600208839271,3.81107400440003,0,0,3.41323463123693,0,4.06520605438074,0,0,4.88264069970832,0,4.16421640809246,0,0,0,0,0
ERR1135400,BMZ-3B,China,0,0,0,2.14777611634058,5.20304271579424,0,0,0,0,0,5.55815003383205,5.53522958918772,4.18324388228233,3.47927253953322,0,4.18197037415536,0,0,0,0,5.00992510856355,0,0,0,0,0,0,0
ERR1135401,BMZ-4B,China,5.14866071888267,3.66807644228111,0,2.95061469111379,4.57060329679556,0,0,0,0,0,5.75400701169688,5.34963790328757,3.64596699989401,2.42349504742688,0,3.21871982305403,0,4.18233648272655,0,0,3.53661907301613,0,0,2.29305850835784,0,0,0,0
ERR1135402,BMZ-5B,China,4.60520703690857,3.7149906252664,3.97369398139956,0,4.37808703367902,0,0,0,0,0,5.73762935268058,5.44184692709578,3.6033047095551,3.9712196259365,0,0,0,4.18312572116993,0,0,3.34678105669372,0,3.90694463096291,4.77219958480084,0,0,0,0
ERR1135403,BMZ-6B,China,4.88633551197278,3.49572735183257,0,3.00080971587462,4.6799858095787,0,0,0,0,0,5.83758265480427,5.18851416856427,4.03497661536954,0,0,3.20939975879658,0,4.16616415644209,0,0,3.09863869686608,0,0,2.51336057861634,0,0,0,0
ERR1135404,BMZ-7B,China,4.87665546157721,3.31719234566092,4.31134227488326,2.9678316050355,4.96085272338421,0,0,0,0,0,5.6266528177859,5.54804478384112,3.28194358840858,4.11718169796852,0,3.36899288898461,0,4.12525106086161,0,0,3.19353061909419,0,0,3.0387478429319,0,0,0,0
ERR1135405,BMZ-8B,China,5.20260882840848,2.83079787259865,4.58967228832842,2.68932286025985,4.4860617637263,0,0,0,0,0,5.61973519904785,5.41238618265118,3.69554519074844,4.78094810339647,0,2.36995546578219,0,3.98440434956152,0,0,0,0,0,4.29228262430685,0,0,0,0
ERR1135406,BMZ-9B,China,5.23166620014938,4.08417044507731,0,0,4.63474514359537,0,0,0,0,0,4.89476280648854,5.76975416295169,4.16637522363893,0,0,0,0,4.49684918250102,0,0,4.62690802163415,0,0,4.27549161008125,0,0,0,0
ERR1135407,DB-11B,China,4.83070932932944,3.4720194390909,4.29031724284559,0,4.68493755071028,0,0,0,2.55404054916788,0,5.34214704312109,5.50546339501003,3.51008284163221,4.08280854344285,0,3.2002018969654,0,4.5866943952957,0,0,5.36352328068252,0,0,4.53746040276607,0,0,0,0
ERR1135408,DB-510B,China,5.36071503365353,3.5306937421192,4.24118243576208,0,4.58635050536084,0,0,0,2.12332842780868,0,4.89285284210523,5.6209924045779,3.77155650379836,3.8573970948666,0,0,0,4.56655132008733,3.39381391073829,0,4.84347514104234,0,0,4.96641380660811,2.45257450611743,0,0,1.52227875333068
ERR1135409,DB-511B,China,4.76454003047529,4.30464311440238,3.94931862902302,3.55925715280195,5.28384704772365,0,0,0,0,0,4.5883591160581,5.67661122220814,4.4384800242889,4.78679567733976,0,4.30189298859847,0,4.5190473001476,3.28883850132898,0,4.69109148925252,0,0,4.02067386688492,0,0,0,0
ERR1135410,DB-512B,China,5.17929262044696,3.93828461567667,4.09748101402304,2.84041558792639,4.62433133645408,0,0,0,2.5900090061699,0,4.39381138280863,5.52605211058219,3.88331486490868,4.31830229145384,0,0,0,4.57132720759615,0,0,5.53909995306186,0,3.69030826841865,3.86580943610932,0,0,0,0
ERR1135411,DB-515B,China,4.46869145744639,3.97480394373067,3.05942590841465,2.58306150387491,4.97655708152822,0,0,0,2.84699843354147,0,5.00884145250571,5.63917138219862,3.50194481893039,4.0057184389436,0,4.16200290018853,0,4.64610544375658,0,3.37825473783658,5.30416301933198,0,0,4.70329212138957,0,0,0,0
ERR1135412,DB-517B,China,5.28593102413039,4.15198818568109,4.10099533314618,0,4.66350648371643,0,0,0,0,0,4.69348827894582,5.62209228944931,4.12751468449078,4.92179020528939,0,3.60213906606903,0,4.68647307922318,0,0,4.74038130960571,0,0,4.78664709291638,0,0,0,0
ERR1135413,DB-529B,China,5.00752894200329,4.26459880201524,3.31701440810033,2.25657048192849,4.85312079115144,0,0,0,0,0,4.12463511337122,5.28042885222133,3.61819888145701,3.72795294106101,0,3.45805496575555,0,4.46826744128899,2.58388234838294,0,5.71747736470504,0,3.92272458263457,4.47194718282946,0,0,0,2.51735768097808
ERR1135414,DB-530B,China,4.71230961351103,4.45000484139515,3.72607533147704,3.02407001213728,5.2863034063083,0,0,0,0,0,4.46567424102483,5.62383393017336,4.26878353661026,5.05898126720889,0,4.05589042533094,0,4.61615463238503,3.62127518885999,0,4.85295093165229,0,0,3.97808114857146,0,0,0,0
ERR1135415,DB-531B,China,4.70444314160443,3.33220072292959,3.85901660242604,2.81853084600546,4.41856688576167,0,0,0,0,0,4.17337030102605,5.62088291194115,2.92199961082307,0,0,0,0,4.76393070119975,0,0,5.57855998647064,0,0,4.63010139007764,0,0,0,0
ERR1135416,DB-537B,China,5.10237185109278,0,5.03306882545594,0,4.36288803787322,0,0,0,2.71413057835575,0,5.26865483191542,5.47888647345011,3.35857584067198,4.95822197910624,0,3.1772240287728,0,4.73429866841221,0,0,4.87164673821305,0,0,4.34097528541848,3.99531462824038,0,0,0
ERR1135417,EYZ-120B,China,4.78838091444636,3.90039541297992,3.66129252132327,2.23238480338784,4.69768197621479,0,0,0,2.83925666744978,0,5.1736404839192,5.59599239613559,3.56616145366159,2.41211045038908,0,0,0,4.74740878689024,0,0,5.39637225048773,0,0,4.28016403887706,0,0,0,3.57144688487521
ERR1135418,EYZ-183B,China,4.97765543555515,4.0220245397035,4.80775968441584,2.32352208801317,4.31228687965515,0,0,0,2.54992503313461,0,5.14058063097686,5.47152208587159,4.15777005128333,2.98481061426168,0,0,0,4.61294227614074,0,0,5.46776169914409,0,0,4.39513387020904,0,0,0,0
ERR1135419,EYZ-353B,China,4.87321031253877,3.42924161221575,4.41182972469333,0,4.73152191107258,0,0,0,1.9099523622788,0,4.99253145956787,5.58216092002794,4.09036548910053,5.31051078671389,0,3.42815898661092,0,4.76350863030358,2.3291781039034,0,4.61847896562601,0,0,4.58388233965107,0,0,0,3.69442035561319
ERR1135420,EYZ-362B,China,5.16285632280847,0,4.40680536952029,0,4.69114517617888,0,0,0,2.22923190148804,0,5.23168739842774,5.52333820032971,3.79579772545207,4.84082189097381,0,3.07016651754277,0,4.78359391164177,0,0,4.64408283158155,0,0,4.9650471287996,0,0,0,3.23685693147829
ERR1135421,EYZ-378B,China,5.19367297386003,0,4.15960578415267,0,4.5166685763244,0,0,0,0,0,4.91361506135941,5.64833619033721,3.86622922712611,4.75627412034395,0,0,0,4.56416834218183,0,0,5.10791128385969,0,0,4.5903484041774,0,0,0,3.13749946219284
ERR1135422,EYZ-381B,China,5.19886662247938,3.47805927568454,3.04223591435799,2.1929073712367,4.76281348469301,0,0,0,2.35683714950288,0,4.31803580261049,5.57100700717494,3.68755726008091,2.70234488956782,0,3.22131611008006,0,4.6258942302901,0,0,5.45982863537716,0,0,4.68794440596202,0,0,0,0
ERR1135423,EYZ-542B,China,5.25350097824153,0,3.73322807516438,2.52241104557254,4.86246091596819,0,0,0,2.82946002133802,0,5.09185030655713,5.56296668347645,3.25894351227541,3.85695727273735,0,3.30226912573089,0,4.50163271187276,0,0,5.14721738743668,0,0,4.84038663616243,0,0,0,0
ERR1135424,EYZ-568B,China,5.15281399062672,3.99268863301151,4.55146498132073,0,4.66341707883399,0,0,3.03785871787257,0,0,5.21411388025258,5.4549142504644,3.13604317769412,3.86392375303773,0,2.87284099736046,0,4.55089321522676,0,0,5.31521502573914,0,0,4.81195564545416,0,0,0,0
ERR1135425,EYZ-611B,China,4.6724023163274,3.87274966720706,4.37132139703335,2.01537872949415,4.55075264205848,0,0,2.92161644013938,0,0,5.1145880172545,5.42763165224697,3.55869001749216,3.27010543667871,0,0,0,4.55683905752131,0,0,5.64054474720466,0,0,3.83410363071242,0,0,0,3.34778951081205
ERR1135426,EYZ-615B,China,5.18264054523024,0,3.53004095646187,2.20952174057477,4.10660735012519,0,0,0,2.80158909946642,0,5.55268116778932,5.31937339935994,3.37519391756117,1.91116429350843,0,3.02910717444449,0,3.99176154029635,0,0,5.3702412599705,0,0,4.23653746867394,0,0,0,0
ERR1135427,EYZ-160Ba,China,4.85669362371522,4.17698771526367,4.03906748633749,0,5.11687906903721,0,0,0,0,0,4.62404990408028,5.71783274431645,0,0,0,4.21477386837445,0,4.59385277086032,0,0,5.15073941648188,0,0,3.99327312952608,0,0,0,0
ERR1135428,EYZ-160Bb,China,4.78588766150543,0,4.04206035773246,0,5.11308392055167,0,0,0,0,0,4.57963437025896,5.70813358893348,0,0,0,4.49386864460533,0,4.59258220420867,3.08655513631107,0,5.22357144558564,0,0,4.02763729918472,0,0,0,0
ERR1135429,EYZ-192Ba,China,4.66176441185144,3.29373090324558,4.33640445064829,0,4.58229826199959,0,0,0,1.95267972305176,0,4.70758039060637,5.29116299389416,2.88622645125835,3.94640869852017,0,3.71690085356426,0,4.27748462969604,2.7237556062663,0,5.76979854292678,0,0,4.35740962636357,0,0,0,0
ERR1135430,EYZ-192Bb,China,4.75656482898078,3.38844024716677,4.36308614346433,0,4.70470947444881,0,0,0,0,0,4.72741822949592,5.30345962434368,2.97245823653785,4.07680711472809,0,3.47647049074135,0,4.28441042055075,3.12005440648653,0,5.73682575594594,0,0,4.48082946341273,0,0,0,0
ERR1135431,EYZ-254B,China,4.92833654018455,3.61231300083863,4.3380917518837,2.21529485869568,4.61641564670894,0,0,0,2.73767044411992,0,4.17594154987515,5.48289208677652,3.08351348390055,3.71446893203062,0,3.72627347486423,0,4.84161098633331,3.09076107008285,0,5.61451127068158,0,0,4.47949725865676,3.48068969954632,0,0,3.03114792794113
ERR1135432,EYZ-368B,China,4.84723429856911,3.55416438362809,4.01495112324414,0,4.52714361208477,0,0,0,2.57217869370898,0,5.23999362250478,5.68951332931483,3.78325725617479,4.19841969029865,0,3.52161454924888,0,4.5596170318691,2.69160461897427,0,4.85153584589044,0,0,4.92801773729734,0,0,0,2.98623583313463
ERR1135433,EYZ-468Ba,China,5.12384078572239,4.27763817751636,3.94162021045499,0,4.67798217566404,0,0,0,0,0,4.92520675177878,5.60037649870713,3.88410435021144,4.15502423446658,0,0,0,4.73283487019662,0,0,5.22481616823477,0,0,4.81448684293117,0,0,0,0
ERR1135434,EYZ-468Bb,China,5.16397977062545,0,3.97336656770641,0,4.61561559388703,0,0,0,0,0,4.95535274629404,5.6575636116897,3.30225043372448,0,0,0,0,4.79167867030324,0,0,5.14104063623462,0,0,4.75147933625814,0,0,0,0
ERR1135435,EYZ-566Ba,China,4.88074194335441,0,5.02844007719294,0,4.63632147849535,0,0,0,0,0,5.11743309927688,5.28838115391569,0,0,0,3.68664071439662,0,4.65520740476212,0,0,5.2702661640232,0,0,4.60013904562525,5.23666319589415,0,0,0
ERR1135436,EYZ-566Bb,China,4.82971161443593,3.75748484021978,5.00646115974845,0,4.66291251539045,0,0,0,0,0,5.07519764869745,5.34188201632443,0,3.69020623091507,0,3.28836123842335,0,4.70889590706739,0,0,5.26988235700514,0,0,4.64271365603311,5.18031312327893,0,0,3.01504839048832
ERR1135437,EYZ-572Ba,China,5.05418562957284,0,4.98574052268245,0,4.94657344213408,0,0,0,0,0,5.08399465720046,5.58948846546021,0,4.68681208631946,0,0,0,4.65179448400755,0,0,4.8889174255796,0,0,4.24809231062971,0,0,0,3.47611625990908
ERR1135438,EYZ-572Bb,China,5.12006299303118,0,5.01017027036844,0,4.92950530260018,0,0,0,0,0,5.07911562498964,5.5387644047468,0,4.79470235155797,0,0,0,4.68688249752308,0,0,4.92539637228739,0,0,4.29818874134486,0,0,0,0
ERR1135440,EYZ-592Bb,China,4.67770761015229,0,3.29795259721785,0,4.31945082323024,0,0,0,0,0,4.95257856799878,5.69631800653323,3.86442492875101,3.87863239342094,0,0,0,4.36685779360371,0,0,5.44771757288935,2.67350905027504,0,4.37929353294796,0,0,0,0
ERR1135441,EYZ-652Ba,China,5.11406366634473,4.44701928566356,3.96447673016537,2.30323858697826,4.49261756247768,0,0,0,0,4.08575963620549,4.54612748536651,5.55669481640726,3.63886940511208,0,0,3.28870706498092,0,4.20932918510635,0,0,5.55008197614191,0,4.16536857425293,2.8348064120428,0,0,0,3.04866328408742
ERR1135442,EYZ-652Bb,China,5.09720991150237,4.78680375585594,3.95396214002768,0,4.52985884985632,0,0,0,0,4.0910797327215,4.5312738561083,5.49816267970473,3.671721361769,0,0,3.82324476687359,0,4.29319262190758,0,0,5.55619481007066,0,4.23257716650896,2.49572208245454,0,0,0,3.12728297980796
ERR1135443,SYZ-304B,China,5.02117986154438,3.67466132724488,3.70216015862192,2.59378359618633,4.85815552962415,0,0,0,1.87262646597549,0,5.21490781522755,5.66231678531211,3.31845198988596,4.80005558061542,0,3.76775113674254,0,4.65233119857749,0,0,4.54365277842428,0,3.7615981213914,4.45052203579962,0,0,0,3.62121616278902
ERR1135444,SYZ-388B,China,4.8108558277803,0,4.55743605120014,0,4.24049952593451,0,0,0,1.59441271490477,0,5.17333476344274,5.38888914467316,2.91618498825221,3.90246667326153,0,2.76485657348514,0,4.39681787061472,0,0,5.61643310415164,0,0,4.59937544072683,0,0,0,2.54469316560784
ERR1135445,SYZ-423B,China,5.15185642700553,0,4.33417797392302,2.84320536031356,4.62759481228454,0,0,0,0,0,5.06397315150015,5.5721237604259,3.748234955534,5.33432415066667,0,3.15808262699688,0,4.48118724457653,0,0,3.98173477252056,0,0,4.61673668373285,0,0,0,0
ERR1135446,SYZ-426B,China,5.04606629071885,0,4.5803169392577,2.93393704283731,4.72331714016589,0,0,0,3.28012705013858,0,4.58151535903377,5.74483930462886,3.70415239841471,4.79900062141796,0,0,0,4.92728292218799,2.7249903272296,0,4.35621381789667,0,0,4.40557337811567,0,0,0,0
ERR1135447,SYZ-441B,China,4.94175459658635,0,3.12491175509322,0,4.56436288424349,0,0,0,3.31901074318615,0,5.41731384543817,5.40102318883212,3.5048503292353,0,0,0,0,4.10546350941261,1.696065173274,0,5.46139425532609,0,0,4.73204896394072,0,0,0,0
ERR1135448,SYZ-448B,China,5.04258309550184,0,3.7832124103936,0,4.72327157794693,0,0,0,2.86626705557517,0,4.66249961060457,5.4662606213303,3.39977718070768,3.25508328010084,0,0,0,4.38998968022159,0,0,5.6469735459036,0,0,4.20077506694407,0,0,0,3.49811522338191
ERR1135449,SYZ-477B,China,5.02997869905282,0,4.35529144493608,0,4.35014303250104,0,0,0,2.6444799501088,0,5.19816563032717,5.53996458351499,3.97227142915937,4.66976892893211,0,0,0,4.50793685530028,0,0,5.2675864427694,0,0,4.77161094336732,0,0,0,4.00954069957657
ERR1135450,SYZ-481B,China,5.19752245673717,0,4.73972673667066,0,4.53569371529864,0,0,0,0,0,4.87842161630638,5.63650591568297,2.47912206864093,3.94356838126683,0,0,0,4.81495255174131,0,0,4.83649810383301,0,4.05441265483771,4.94346672177948,0,0,0,3.38510359111547
ERR1135451,SYZ-495B,China,5.03445238354563,0,4.6060291878632,0,3.74275244613875,0,0,0,0,0,5.25298377972995,5.33424026859701,3.22840398775651,2.8381015181839,0,0,0,4.33617088562226,3.63404423534467,0,5.56264207031489,0,4.63943610295391,4.13512946444707,0,0,0,0
ERR1135452,SYZ-639B,China,5.04378457745874,4.1913369682284,4.13466040460519,0,4.79028907083352,0,0,0,2.06847014086198,0,4.31253461389459,5.63825068723217,3.0390390558154,0,0,0,0,4.21012330637831,0,0,5.41905493859208,0,0,4.80171216009392,0,0,0,0
ERR1135454,SYZ-428B,China,5.17469338508097,3.95319342757661,4.7252258836915,2.96041112793061,4.99455170730881,0,0,0,2.02309996643463,4.51946351712509,4.71297234100022,5.53277196940576,3.58556172543582,4.59401683928806,0,0,0,4.54520626594175,3.33443389051875,0,5.1962851216495,0,0,4.39567079086591,0,0,0,2.72414781362014
ERR1135455,SYZ-430B,China,4.92356523202709,4.50134132495845,3.88120921031508,2.94608908057556,4.64125025560908,0,0,0,0,4.68571268831133,5.27935563260444,5.55174372055405,3.75110890003317,4.63169497228121,0,3.33210475247579,0,4.45123601854661,0,0,5.09186788250107,0,0,4.52493742005957,0,0,0,3.09331159754103
ERR1135456,SYZ-442B,China,4.79017884083039,3.64816635818226,3.77105056328593,1.91851889671328,4.60642992984153,0,0,0,0,0,4.86230337353779,5.22428730277456,3.01917375432819,3.20850466395786,0,3.5692360266235,2.44393279510729,4.32144154557926,2.25496352943709,0,5.76753863171436,0,0,4.48382038884489,3.03066219961272,0,0,3.3452308583545
ERR1135457,SYZ-533B,China,5.38497869675563,0,4.40548896291682,2.55644187450802,4.3738031204344,0,0,0,2.31430737510806,0,4.89072953638735,5.48804749078002,3.61000251328083,4.66449530346879,0,3.29706766273458,0,4.75437860963114,0,0,5.1695148422006,0,0,4.8163903738682,0,0,0,0
ERR1135458,SYZ-631B,China,4.15388374058777,4.00948642916303,4.01012913084262,3.25154452953766,5.22985414107773,0,0,0,0,0,4.98386997297172,5.56918247201345,4.10158038630278,2.97637178009389,0,4.1468312072039,0,4.50583572839386,3.67636199825718,0,5.37481266652975,0,0,4.36630144893379,0,0,0,3.27485122072917
ERR1135459,SYZ-635B,China,4.61171100210257,3.62032463267331,4.05070051817784,0,4.8520096872209,0,0,3.12407143276741,2.5709788704148,0,5.65492034434505,5.39094594120642,3.5989918196654,4.0538005739997,0,2.95902055348166,0,4.66044107454386,0,3.32902177481902,3.99201101493687,0,0,4.99648586972114,0,0,0,0
ERR1135460,SYZ-636B,China,5.03178473267738,4.16340387372265,3.8855596307555,0,5.23305280249824,0,0,0,2.538826314539,0,5.37228531725003,5.53005035418949,3.88700682427325,4.84155588706021,0,4.09629212120482,0,4.26678365761802,0,3.65926973181079,3.29510949430616,0,0,3.98297346280243,0,0,0,0
ERR1135461,SYZ-A002B,China,4.46548783781204,3.76362375785068,3.79786750449967,2.68659243437716,5.56867238003781,0,0,0,2.42804642942596,0,4.98453536780573,5.46268024130353,3.60765846173556,4.99739773193468,0,4.06793381860159,0,4.31546499321469,2.34918922876638,3.86383611981489,4.7130932393103,0,0,3.76891919045224,0,0,0,0
ERR1135462,ZXZ-10Ba,China,4.73524792202437,0,3.06273106585071,0,4.2702347385232,0,0,0,0,0,5.1714090090154,5.85573879044097,3.56265472929608,0,0,0,0,3.84438751098307,0,0,3.75939462482871,0,0,4.64072419885464,0,0,0,0
ERR1135463,ZXZ-10Bb,China,4.73147648997303,3.59002711039849,2.72301907277835,0,4.47768461374252,0,0,0,0,0,5.15022062869981,5.85410640835063,3.52913938234196,0,0,0,0,3.72177067614882,0,0,3.69880230125558,0,0,4.6234515971744,0,0,0,0
ERR1135464,ZXZ-1B,China,4.81168311383586,2.98922355700247,3.88265147219811,0,4.71327393377923,0,0,0,0,0,5.17221798201963,5.8311330607494,3.76734327663579,0,0,0,0,4.21333654394167,0,0,3.79080259793059,0,0,4.30149752470015,0,0,0,0
ERR1135465,ZXZ-2B,China,4.95858451211112,0,4.0946647251344,0,4.7861905399697,0,0,0,0,0,5.2102001696766,5.79454296598413,3.77511140031001,0,0,0,0,4.27122745058683,0,0,3.72236276611103,0,0,4.30760587248164,0,0,0,0
ERR1135466,ZXZ-3B,China,4.32062719496642,0,3.49398424793782,0,5.40047267375045,0,0,0,0,0,5.52866483874974,5.51070612097391,3.56259623074339,4.47416251562032,0,3.99979604743688,0,3.93368053772891,0,0,0,0,0,4.02340252169037,0,0,0,0
ERR1135467,ZXZ-4B,China,4.35394153170266,0,3.92543921199454,0,4.81977039875778,0,0,0,0,0,5.2432155904549,5.78978301979851,4.21243037201044,3.15141025918229,0,2.96377799888999,0,4.33816406582486,0,0,3.43340846613433,0,0,4.83543643268703,0,0,0,0
ERR1135468,ZXZ-5B,China,4.91440266035091,3.52640907618115,3.69117851231849,2.2274851007904,4.69398766761342,0,0,0,0,0,5.10976693258042,5.82580971667298,3.79224452412117,3.1582602658676,0,0,0,4.2037431550383,0,0,3.63518036441611,0,0,4.52818280183564,0,0,0,0
ERR1135469,ZXZ-6B,China,4.69955659012439,0,0,0,4.7246913029708,0,2.70776879419083,0,0,0,5.42741295027641,5.72995026938445,4.07425893758554,0,0,0,0,4.28463293290077,0,0,0,0,0,4.78340693611488,0,0,0,0
ERR1135470,ZXZ-7B,China,4.17055534340876,0,3.7933543288441,0,4.81771563817586,0,0,0,0,0,5.26933623365421,5.80033051969036,3.96288831278859,3.48496609966036,0,0,0,4.06251596096172,0,0,3.46531799371377,0,0,4.84009347685976,0,0,0,0
ERR1135471,ZXZ-8B,China,4.83035372145444,0,0,0,4.80231075610168,0,0,0,0,0,4.97581667102288,5.84214028733063,4.08154932786105,0,0,3.48215988585438,0,4.44722245721069,0,0,0,0,0,4.55599903789159,0,0,0,0
ERR1135472,ZXZ-9B,China,4.21416322909853,2.80675182757814,3.95174465507814,0,4.7817744841481,0,0,0,0,0,5.23736128635961,5.81233539012866,3.97861186641159,2.40343931672025,0,2.90267772846514,0,4.27450175616298,0,0,3.82954454983536,0,3.4670687313154,4.7210844526488,0,0,0,0
