Sample_Names,Alias,Geography,Euryarchaeota,Actinobacteria,Bacteroidetes,Chlamydiae,Deferribacteres,Deinococcus_Thermus,Fibrobacteres,Firmicutes,Fusobacteria,Proteobacteria,Spirochaetes,Verrucomicrobia,Apicomplexa,Ascomycota,Microsporidia
ERR1135178,PIG-001,France,1.74663712481618,1.29498314277512,5.74194962561103,0,0,0,0,5.56877476895761,0,4.02248400123471,4.82540786862797,0,0,0,0
ERR1135179,PIG-002,France,3.22916920821803,0,5.49508205467423,3.25617259606014,3.57786446008253,0,0,5.81826388916528,0,3.78427123296247,4.20181477321879,0,0,0,0
ERR1135180,PIG-003,France,3.86900540876433,3.11006466720561,5.50481459776839,0,0,0,1.91659411864331,5.75930110205487,0,4.41302200955739,4.85180134025254,0,0,0,0
ERR1135181,PIG-004,France,4.31832841876382,3.08806222351961,5.38377444536924,0,0,0,2.38535918341738,5.82532981193337,0,4.34402636710364,4.65143692636418,0,0,0,0
ERR1135182,PIG-005,France,4.3899926666867,3.42140254610976,5.27985949442673,0,2.1266283116849,0,1.719554939821,5.85963498278113,0,4.52785950790686,4.39105289484472,0,0,0,0
ERR1135183,PIG-006,France,4.7621179419764,0,5.55576203718379,0,0,0,3.3443400827532,5.60366294921524,0,4.61887164421378,5.13786284333465,0,0,0,0
ERR1135184,PIG-007,France,3.4419131920882,0,5.66142988056171,0,0,0,0,5.71562707997825,0,3.80177021303799,4.10578233887646,0,0,0,0
ERR1135185,PIG-008,France,0,2.62466771752109,5.3603794266019,0,0,0,0,5.78844880832961,0,4.82676985074526,4.94837730708275,0,0,0,0
ERR1135186,PIG-009,France,0,2.4308385549113,5.86232194478924,0,0,0,0,5.3927447349371,0,4.38716973967043,0,0,0,0,0
ERR1135187,PIG-011,France,4.6620763673955,4.45103416804696,5.46927038288867,0,0,0,0,5.7549493923114,0,4.78098393792809,3.30584353498206,0,0,0,0
ERR1135188,PIG-012,France,4.78961468588445,3.25699712154826,5.1512437773739,0,0,0,2.87606046309505,5.86980526530457,0,4.6637849432808,3.19431441158057,0,3.74306297981309,0,0
ERR1135189,PIG-014,France,4.6623291965612,4.53296697269584,4.83560659361214,0,0,0,0,5.88716342402455,0,4.90189053089865,2.67665355978851,0,0,0,0
ERR1135190,PIG-015,France,4.74268769656869,4.1848531165384,5.46147420052158,3.25872722184079,0,0,0,5.78503030674013,0,4.45155832750227,2.53571069400209,0,0,0,0
ERR1135191,PIG-016,France,4.59454354556859,4.48991008770977,5.04570405087232,0,0,0,0,5.82787958074136,0,5.14367407066071,3.82588606238592,0,0,0,0
ERR1135192,PIG-017,France,4.48601376216424,4.07415693847328,4.83610388933096,0,0,0,0,5.92840000138242,0,4.60884368566915,2.50568107594126,0,0,0,0
ERR1135193,PIG-018,France,4.14809599043931,4.20146997667281,5.14196043546607,2.35341278304435,0,0,0,5.89503253012091,0,4.65862181322219,2.4679194545239,0,0,0,0
ERR1135194,PIG-019,France,5.03300749276416,4.67946458610487,5.21828602059211,2.90908564917158,0,0,0,5.81398094846787,0,4.42393846426371,1.68297057915165,0,0,0,0
ERR1135195,PIG-020,France,5.09274291745168,0,5.01823669561235,0,3.49082914088786,0,0,5.85661796485715,0,4.69088524569282,2.96411159755087,0,0,0,0
ERR1135196,PIG-022,France,0,3.71068334705816,5.47414162603397,1.85666958427311,0,0,0,5.80582412281669,0,4.75796203447033,1.99220356126929,0,0,0,0
ERR1135197,PIG-023,France,3.24802443402636,3.18783016776047,5.53976577095961,2.52438429158394,0,0,0,5.77472483802596,0,4.7339506123138,2.52181967046678,0,0,0,0
ERR1135198,PIG-024,France,3.93498152536607,4.29086363375034,5.08162080282802,2.193050770584,0,0,0,5.85487252311001,4.15773616675752,5.08067707316544,2.48103865521909,0,0,0,0
ERR1135199,PIG-025,France,3.89550772296467,3.81360718321632,5.1256335778105,0,0,0,0,5.92380322317142,0,3.75408706859126,3.86515943961029,0,0,0,0
ERR1135200,PIG-026,France,3.7325758421709,3.52306911850065,5.50815725093277,0,0,0,0,5.81017566605645,0,4.04448395157355,4.08103730585425,0,0,0,0
ERR1135201,PIG-027,France,4.03928188685204,3.35980078425616,5.04443430769545,0,0,0,0,5.86341514588731,0,5.14917319698858,3.68629521628058,0,0,0,0
ERR1135202,PIG-028,France,4.47163432136278,3.76843960778307,4.81733067162067,0,0,0,0,5.94296407125229,0,4.26023693741896,3.57002984720299,0,0,0,0
ERR1135203,PIG-029,France,2.97616665235505,3.7449557062541,5.07760095786963,0,0,0,0,5.92139982674497,0,4.49130113413919,3.92901247062862,0,0,0,0
ERR1135204,PIG-030,France,4.81306790359942,4.00266580441333,4.39320495807761,0,0,0,0,5.93688086121379,0,4.48153682821395,3.71224087614769,0,0,0,0
ERR1135205,PIG-031,France,2.15532024785241,4.8275884635567,5.42322186578505,2.34117880424396,2.32268888104826,0,0,5.79886694653652,0,4.57702331714563,2.15695073388224,0,0,0,0
ERR1135206,PIG-032,France,3.56499198422754,3.53089610796473,5.41131853334625,0,0,0,0,5.82830499403712,0,4.77706664641086,3.25932599124212,0,0,0,0
ERR1135207,PIG-033,France,3.784271500313,0,5.68519801898369,0,0,0,0,5.65500644189319,0,4.74144504985466,3.40256705102458,0,0,0,0
ERR1135208,PIG-034,France,0,0,5.7294159075439,0,0,0,0,5.57568593285566,0,4.92613671009124,3.46276914251673,0,0,0,0
ERR1135209,PIG-035,France,4.31875229631081,0,5.15641818843492,0,0,0,0,5.91488767420348,0,4.04964384096396,3.41064455085936,0,0,0,0
ERR1135210,PIG-036,France,4.58672275217435,0,5.54015631063011,0,0,0,0,5.75073517595449,0,4.68185337443753,3.50099354805711,0,0,0,0
ERR1135211,PIG-037,France,4.11879706646381,3.81542140259414,5.40910440175453,0,0,0,0,5.77493129730853,0,5.09820849069549,3.4578785797127,0,0,0,0
ERR1135212,PIG-038,France,4.32935437613534,0,5.090914628047,0,0,0,0,5.88629568715822,0,4.92726842163712,3.05555849384088,0,0,0,0
ERR1135213,PIG-039,France,4.77546134060923,3.96628641874148,5.44279947141459,0,0,0,3.55470712403527,5.56344341641198,0,5.44946762454471,3.45823521801652,0,0,0,0
ERR1135214,PIG-041,France,2.50621973165978,3.01084451532612,5.74607523408016,0,1.45487336657096,0,0,5.62776224042676,0,2.66296292504597,4.21755663740639,0,0,0,0
ERR1135215,PIG-042,France,2.99067264640442,3.00144599131263,5.83034553176828,0,0,0,0,5.50062047408273,0,3.25253344621438,3.46749798518706,0,0,0,0
ERR1135216,PIG-043,France,3.05767362434078,3.45374270929896,5.75825026405974,0,0,0,0,5.60133837323032,0,3.50413834861749,4.30891703576381,0,0,0,0
ERR1135217,PIG-044,France,2.69253072197823,3.63247202834321,5.69568128098481,0,0,0,0,5.68681462103673,0,3.79550469042516,3.81630551018044,0,0,0,0
ERR1135218,PIG-045,France,2.91367442755346,3.59045709399885,5.72044051178358,0,0,0,0,5.66307685981117,0,3.66815897129577,3.69513684377912,0,0,0,0
ERR1135219,PIG-046,France,3.20527260028451,2.89478027721215,5.3910505569153,0,0,0,0,5.79703655341448,0,3.07770529813465,5.09233097245202,0,0,0,0
ERR1135220,PIG-047,France,3.09902162197927,2.94752597495241,5.83689798149785,2.9909449928685,0,0,0,5.47695560400055,0,3.91893071427302,3.25418851599733,0,0,0,0
ERR1135221,PIG-048,France,0,3.24638362013348,5.84843065698262,0,0,0,0,5.45729259637593,0,3.73897173250075,2.87853214394164,0,0,0,0
ERR1135222,PIG-049,France,0,2.98205745003375,5.89782168355965,2.50688939787026,1.62901572826654,0,0,5.31450489878673,0,2.9244682388465,3.07427383429631,0,0,0,0
ERR1135223,PIG-052,France,3.55186392074371,3.62133363255199,5.4642685823089,0,0,0,0,5.81791391236264,0,3.88273092641902,4.55446736765073,0,0,0,0
ERR1135224,PIG-053,France,3.85400204522397,3.7293950565879,5.23603064890117,2.56664657643068,0,0,0,5.90542117780714,0,3.47914794588661,3.88148068906006,0,0,0,0
ERR1135225,PIG-054,France,2.81291419261364,3.33729584997589,5.67522714507379,0,2.10152132948122,0,0,5.69719759543238,0,3.73341437545575,4.30709768873409,0,0,0,0
ERR1135226,PIG-055,France,3.29415627781631,2.37346508211397,5.73109192667803,0,2.13743875999749,0,0,5.6284643898611,0,0,4.53410606324624,0,0,0,0
ERR1135227,PIG-056,France,3.13300937823985,2.98784328658819,5.81386494304883,0,0,0,0,5.51170479963932,0,2.89861963185528,4.31368310107086,0,0,0,0
ERR1135228,PIG-057,France,3.14033746628393,2.98914367125732,5.73864468387611,0,2.19547445487444,0,0,5.57573944380581,0,3.20119289061714,4.85489901916107,0,0,0,0
ERR1135229,PIG-058,France,3.88892166793528,1.99103461159298,5.45683824595842,0,3.13019896030033,0,0,5.82282128381814,0,3.7159984501085,4.51251455773594,0,3.24537541713163,0,0
ERR1135230,PIG-059,France,3.77967061171734,1.88157954375935,5.6622333607122,0,0,0,0,5.58695668309605,2.96544795861012,3.76065560730255,5.1506028239033,0,0,0,0
ERR1135231,PIG-060,France,2.68055607736709,2.7580719830467,5.78995667359879,0,1.88217309673984,0,0,5.55530555329724,0,3.31556139499001,4.32433465933262,0,0,0,0
ERR1135232,PIG-061,France,3.12014694527823,2.71296131989426,5.73505873600659,0,2.60020475684174,0,0,5.63025865008548,0,3.63993143230369,4.36645479876268,0,0,0,0
ERR1135233,PIG-062,France,2.83184033410081,0,5.69042574338425,0,3.73923230372809,0,0,5.66246756688983,2.42731287858014,4.27922704845152,4.3890982604836,0,2.02980490620154,0,0
ERR1135234,PIG-063,France,3.38473127287792,2.77960711904371,5.72531341522098,0,0,0,0,5.63363970776885,0,3.88340458878049,4.44554354744277,0,0,0,0
ERR1135235,PIG-064,France,3.8350216658888,3.23974070404183,5.51307695761343,0,0,0,0,5.7005430411915,2.29572009890917,4.1734931654536,5.17205949563924,0,0,0,0
ERR1135236,PIG-065,France,2.4473288336281,2.61745745568933,5.84105188213276,0,2.16273604121331,0,0,5.46430854765405,0,3.30776305332159,4.09161487171701,0,0,0,0
ERR1135237,PIG-066,France,3.09492023148399,2.53139801795064,5.76713277695138,0,2.63148382400851,0,0,5.58053375316012,0,3.79034059666958,4.41826995821977,0,0,0,0
ERR1135238,PIG-067,France,3.62873471648685,2.79865625574508,5.69320099441311,2.90673696845671,3.08131724948946,0,0,5.65279197851465,0,4.18926559070129,4.53924278997636,0,0,0,1.85790670937869
ERR1135239,PIG-068,France,3.22591427364261,3.89826147778551,5.57129291890783,2.2284495191715,2.8420575397968,0,0,5.75828374269362,0,2.70092780967116,4.63582714737385,0,0,0,0
ERR1135240,PIG-069,France,2.624599722636,2.80575963903142,5.8788020068205,0,0,0,0,5.37482003931796,0,3.59168782406988,3.17973756681132,0,0,0,0
ERR1135241,PIG-071,France,2.42436801621737,3.06309252629912,5.77561254275779,0,0,0,0,5.60107333308951,0,1.6190206446871,3.46940960575327,0,0,0,0
ERR1135242,PIG-073,France,2.95651168841785,3.29103529195976,5.59126256832463,0,1.02349512474234,0,0,5.76970548051409,0,3.52559019734722,4.18072060860704,0,0,0,0
ERR1135243,PIG-074,France,2.92763317041028,2.96614627902373,5.795579740319,0,0,0,0,5.56084845197394,0,2.98807111089728,3.94965764489418,0,0,0,0
ERR1135244,PIG-075,France,2.62315110769935,2.51664405619698,5.81207531370287,0,2.25229880011641,0,0,5.52289664748569,0,3.93035773271929,3.92774729316044,0,0,0,0
ERR1135245,PIG-076,France,4.28121269567513,3.66063602183777,4.88397889159278,3.0530281796978,2.18537780129115,0,0,5.81935995342748,0,3.92041730419857,5.36255293940252,0,0,0,0
ERR1135246,PIG-077,France,2.86848079898763,3.52522127582338,5.69179043420011,0,2.83132894013784,0,0,5.68185701694121,0,3.43760404055779,4.30138718793722,0,0,0,0
ERR1135247,PIG-078,France,2.31264558902987,2.9939583287111,5.66770911997039,0,2.75391708813544,0,0,5.66901131524736,0,3.48796873870952,4.80089696833325,0,0,0,0
ERR1135248,PIG-079,France,3.21573190112539,3.72335918197173,5.59406364249775,0,2.92212838482328,0,0,5.75688297879946,0,3.71972254411758,4.36110606406428,0,0,0,0
ERR1135249,PIG-080,France,0,2.51961987015474,5.69466619242094,1.77699489096816,2.09405954004112,0,0,5.48001570951623,0,3.74548468378139,5.29413821137855,0,0,0,0
ERR1135250,PIG-081,France,4.36376084137964,3.57544179435681,5.26032696584143,0,0,0,3.28338994943181,5.86700432767781,0,4.27392978399014,4.53281536519466,0,0,0,0
ERR1135251,PIG-082,France,4.67923945687773,3.81551653452237,5.13370695437741,0,3.39579887489185,0,3.52069396521677,5.86309439265294,0,4.66082269380924,4.45364165730956,0,0,0,0
ERR1135252,PIG-083,France,4.49511234495528,0,4.89563726679335,0,3.33583156046431,0,0,5.84154258194931,0,5.28594928830284,2.66692779132951,0,0,0,0
ERR1135253,PIG-084,France,4.70135147587006,0,5.45241875041764,0,3.94780694154515,0,2.3942389680633,5.76888632872844,0,4.74025713338638,4.17266127920106,0,0,0,0
ERR1135254,PIG-085,France,2.52772321305144,3.36350514845843,5.79864240981177,0,3.09170281941646,0,2.51328906310715,5.53815705487347,0,3.918836149043,4.12216059600569,0,0,0,0
ERR1135255,PIG-086,France,4.36433953595457,2.82422575687684,5.42128941232569,0,0,0,0,5.78778224305935,0,4.96673263206699,3.80009500180734,0,0,0,0
ERR1135256,PIG-087,France,0,2.68891228444888,5.65037752494776,0,0,0,0,5.73261704087271,0,4.05396456747041,2.20481017976866,0,0,0,2.83528357923601
ERR1135257,PIG-088,France,4.20975243522492,0,5.38725107729414,0,0,0,0,5.86244330283913,0,4.02517594163937,2.87748272967909,0,0,0,0
ERR1135258,PIG-090,France,4.81128510647894,3.45424271721852,5.14549885432109,0,3.27879776342521,0,3.57885794015719,5.81157984539839,0,5.01006380951265,4.56305617071479,0,0,0,0
ERR1135259,PIG-091,France,4.54232329081551,0,4.94271347116492,0,3.87314288791433,0,0,5.83978123917016,0,5.25176854122722,0,0,0,0,0
ERR1135260,PIG-092,France,4.62650813245593,0,5.08768317559745,0,3.70658795976615,0,0,5.87639414842891,0,4.88858767128447,2.7410181579423,0,0,0,0
ERR1135261,PIG-093,France,0,0,5.65442979290598,0,0,0,0,5.73320207098141,0,3.88840102592036,0,0,0,0,0
ERR1135262,PIG-094,France,3.51843040227277,2.65155954871719,5.47534655527752,0,2.30905241416862,0,0,5.83186827334975,0,4.26198520946075,0,0,0,0,0
ERR1135263,PIG-095,France,0,0,5.82489000750559,1.34706584220366,2.27142130178092,0,0,5.51422427996558,0,3.68705976793479,0,0,0,0,0
ERR1135264,PIG-096,France,0,0,5.80091820926487,0,2.74833177698132,0,0,5.55614199655741,0,3.86237449820856,0,0,0,0,0
ERR1135265,PIG-097,France,0,0,5.77579836675279,0,0,0,0,5.59513045254618,0,3.9812082743343,0,0,0,0,0
ERR1135266,PIG-098,France,0,1.21445742533563,5.68396279910603,0,3.60964157799993,0,0,5.70615748055163,0,3.65867958063342,0,0,0,0,0
ERR1135267,PIG-099,France,0,0,5.83595892992418,0,1.83388953307919,0,0,5.48673016513866,0,3.8921393928788,0,0,0,0,0
ERR1135268,PIG-101,France,0,3.61552240896047,5.81306571755849,0,0,0,0,5.53782735895439,0,2.25463682500412,2.66716109023641,0,0,0,0
ERR1135269,PIG-102,France,3.49636079679846,3.43542523895686,5.72698267096939,1.88263142871567,0,0,0,5.64186490663735,0,3.35707521687808,4.26546967573246,0,0,0,3.21994331045835
ERR1135270,PIG-103,France,3.21680581941109,2.32440840633865,5.63502647122465,2.7294005839694,0,0,0,5.75057274990722,0,3.2000224182847,3.14564202759891,0,0,0,0
ERR1135271,PIG-104,France,0,2.40531645677375,5.91866351659323,0,0,0,0,5.22822031092439,0,2.79552005882094,2.896693492695,0,0,0,0
ERR1135272,PIG-105,France,0,1.67044932913449,5.7621540576679,0,0,0,0,5.62398388059995,0,2.53637342621033,2.77971148221031,0,0,0,0
ERR1135273,PIG-106,France,0,1.83149377028184,5.75253822338169,0,0,0,0,5.63500448789004,0,3.33424613815876,2.79036744828973,0,0,0,0
ERR1135274,PIG-107,France,0,2.55979030762726,5.88317772342944,0,0,0,0,5.36353680456585,0,3.45116289873515,3.23241477768482,0,0,0,0
ERR1135275,PIG-108,France,0,2.77750036944524,5.85383967614827,0,2.22618809191227,0,0,5.44685576242716,0,3.64925088400639,2.87018198181412,0,0,0,0
ERR1135276,PIG-109,France,1.97891844091889,2.44407986473289,5.83590851163788,0,0,0,0,5.49118841188998,0,3.1389517702448,3.48222832281277,0,0,0,0
ERR1135277,PIG-110,France,0,0,5.75971262724132,0,0,0,0,5.60869542954708,0,3.41066271136541,4.20983642758421,0,0,0,0
ERR1135278,PIG_111,Denmark,2.76507188933268,3.24095423160882,5.63134205315669,1.69979008040944,0,0,0,5.75355390285087,0,2.77729076231267,3.33697257236338,0,0,0,0
ERR1135279,PIG_112,Denmark,3.88136384580668,3.02351544646764,5.43640295844101,2.29565495354451,0,0,0,5.70900609351774,0,3.43973669810935,5.30867432506528,0,0,0,0
ERR1135280,PIG_113,Denmark,3.92555481269233,3.47999642616244,5.28367023348647,0,0,0,0,5.64526623298767,0,4.1431814893865,5.53231043472828,0,0,0,0
ERR1135281,PIG_114,Denmark,3.96683215330667,3.52815536036565,5.407169682646,0,0,0,0,5.74830387367798,0,3.92565058435333,5.21330880411237,0,0,0,0
ERR1135282,PIG_115,Denmark,4.048599525261,3.33729526897614,5.4435467531946,2.28964259087242,2.25796480069615,0,0,5.63586106878338,0,3.92215060687369,5.42790465501691,0,0,0,0
ERR1135283,PIG_116,Denmark,4.58630921094639,3.04834297420283,4.52120106771513,0,2.90311345840954,0,0,5.82230742982784,0,4.15343520531926,5.39420375996353,0,0,0,0
ERR1135284,PIG_117,Denmark,3.81404430837443,2.71044184234063,4.97526363845214,0,0,0,0,5.44788467302741,0,3.87166627055053,5.78575806534788,0,0,0,0
ERR1135285,PIG_118,Denmark,4.29672380328555,2.15114410750544,5.73694286352248,0,0,0,0,5.58152442203656,0,4.6172634206712,4.05782966144146,0,0,0,0
ERR1135286,PIG_119,Denmark,4.43556350469271,2.5652988129676,5.64489848284063,0,0,0,0,5.6683810320538,0,4.64796143837436,4.31079783020186,0,0,0,0
ERR1135287,PIG_120,Denmark,3.30359088026829,2.50751260867082,5.76570078520233,0,0.989220262735033,0,0,5.46823702667681,0,4.1766449629721,5.02397607325231,0,0,0,0
ERR1135288,PIG_121,Denmark,3.76417766050293,3.00843938970407,5.49682754587967,0,0,0,0,5.82418579281521,0,3.99737546473951,3.34602551541388,0,0,0,0
ERR1135289,PIG_122,Denmark,3.85381125876427,3.8829899697124,5.53411950394101,0,3.09522837581056,0,0,5.76156713410787,0,4.5976422358053,4.39432769840926,0,0,0,0
ERR1135290,PIG_123,Denmark,4.29828429697235,3.13406516368488,5.47970179854294,0,1.38200143260605,0,0,5.77779275059317,0,4.2668900907331,4.77060526814212,0,0,0,0
ERR1135291,PIG_124,Denmark,3.3544561490732,3.1088313926953,5.78135868644772,0,2.33353920781741,0,0,5.58465469782956,0,3.61837316836322,2.61258174299677,0,0,3.44748913822976,2.17039246161066
ERR1135292,PIG_125,Denmark,3.12404688380098,3.01527295162309,5.54715812244596,0,0,0,0,5.79429449746552,0,4.32276251492034,3.14355273621909,0,0,0,0
ERR1135293,PIG_126,Denmark,2.99519803754563,3.12259112838009,5.62647861315849,2.54825636456826,0,0,0,5.7523044688045,0,3.85911785797049,3.21509690521681,0,0,0,0
ERR1135294,PIG_127,Denmark,3.03495871945585,3.08470711970537,5.74980382875838,1.75504606339336,0,0,0,5.63253268756301,0,3.79759021940102,2.33123136082054,0,0,0,0
ERR1135295,PIG_128,Denmark,3.67441310073795,3.32082234201751,5.58655232568089,0,0,0,0,5.77859915073137,0,3.60631129409436,3.40828145568887,0,0,0,0
ERR1135296,PIG_129,Denmark,2.19636362336087,2.93574486926555,5.85230709445278,1.26973301344391,2.74083581375888,0,0,5.4344873867177,0,3.80370043065839,3.92376395861846,0,0,0,0
ERR1135297,PIG_130,Denmark,2.63075661402156,2.60803412029784,5.81617799509836,2.47068737278129,3.18722310592594,0,0,5.50949608027731,0,4.19199715692067,3.56325727434275,0,0,0,0
ERR1135298,PIG_131,Denmark,4.65680132553598,2.41667024274885,5.13022000252519,0,2.61926728047431,0,0,5.57513447920677,0,4.30579450473035,5.62615280271145,0,0,0,0
ERR1135299,PIG_132,Denmark,4.64696921186833,3.01433375001357,5.2560711571391,0,3.23447647167551,0,0,5.72799178985877,0,4.52574520010693,5.31060887638328,0,0,0,0
ERR1135300,PIG_133,Denmark,2.96580335744934,2.93408795577553,5.5971760783466,0,0,0,0,5.60474132533571,0,4.14215354418428,5.27031980326798,0,0,0,0
ERR1135301,PIG_134,Denmark,3.47642745774274,3.18450108309607,5.54750968656624,0,0,0,0,5.66190467370315,0,3.88319715162801,5.2454083916295,0,0,0,0
ERR1135302,PIG_135,Denmark,3.43773614321424,2.64736040254765,5.76716710562403,0,2.34488543587185,0,0,5.40733570407498,0,4.04841701690866,5.1611877593409,0,0,0,0
ERR1135303,PIG_136,Denmark,3.45742780521003,2.52580590914693,5.75020730659088,0,2.43710320412681,0,0,5.61339801795989,0,4.19446044375923,3.88275476667335,0,0,0,1.77585045750533
ERR1135304,PIG_137,Denmark,3.65849395567834,3.17800845919473,5.66753425795717,0,2.08658326623571,0,0,5.69931182388293,0,4.27011669304219,3.9875150439708,0,0,0,0
ERR1135305,PIG_138,Denmark,3.52051423886842,2.72692988214477,5.69440389263119,2.14681766101332,2.83867287200195,0,0,5.67528302922323,0,4.23864133022583,3.99014019452725,0,0,0,0
ERR1135306,PIG_139,Denmark,3.31895356270424,2.61596368880247,5.45587832118275,0,1.17015831991722,0,0,5.8281534698371,0,4.53299706033522,3.65150542937824,0,0,0,0
ERR1135307,PIG_140,Denmark,3.40891805564279,2.71765940051377,5.85217864121466,0,3.11013221972214,0,0,5.43499219492602,0,3.84299130440716,3.68974258445635,0,0,0,0
ERR1135308,PIG_141,Denmark,3.48234857735177,3.07083882810863,5.62295325843919,0,0,0,0,5.74337525630106,0,4.04874681331519,4.04384922297678,0,0,0,0
ERR1135309,PIG_142,Denmark,4.0372129145176,2.7910514777309,5.56824278067502,0,3.17722580058609,0,0,5.76471407178259,0,4.34665604230915,4.11460318214477,0,0,0,0
ERR1135310,PIG_143,Denmark,3.87912922013979,2.77381104227564,5.53785212432318,0,2.306753298577,0,1.72459954694436,5.78233435324684,0,4.5457029912682,3.74991801767242,0,0,0,0
ERR1135311,PIG_144,Denmark,4.01574180949803,2.91687646372512,5.32582248263553,0,3.23847856437692,0,0,5.88097276099019,0,4.15011380535781,2.96526947322964,0,0,0,0
ERR1135312,PIG_145,Denmark,1.83240931623604,2.81995573664794,5.72900792629377,0,3.11784685485684,0,0,5.63250535816674,0,4.38045016563963,3.95901877577412,0,0,0,0
ERR1135313,PIG_146,Denmark,0,2.61215194827058,5.79454177570134,0,3.07926545663528,0,0,5.55665636231403,0,3.99507000151532,3.71085437111912,0,0,0,0
ERR1135314,PIG_147,Denmark,3.04335116506645,1.54446754886185,5.55518499864496,0,0,0,0,5.79279895715169,0,4.23692329490106,3.29095053937392,0,0,0,0
ERR1135315,PIG_148,Denmark,2.85052116219768,2.51579651875627,5.78839468363274,0,2.75804773468856,0,0,5.5541811321826,0,4.07589463323182,4.14295656458319,0,0,0,1.39577346505599
ERR1135316,PIG_149,Denmark,2.91023996082578,3.01323854578592,5.72708231984386,1.8699224281781,3.10797003021467,0,0,5.62901263785872,0,4.31011343690452,4.22824375627802,0,0,0,2.62838801627118
ERR1135317,PIG_150,Denmark,3.21935536932482,2.47153537907023,5.66417177946675,0,3.25494003242668,0,0,5.69165503982157,0,4.41619089049818,4.23129497825921,0,0,0,0
ERR1135318,PIG_151,Denmark,4.60948911902795,3.57430319236563,5.554500336479,0,0,0,0,5.64987085286196,0,5.08169956805772,4.47429861629592,0,0,0,0
ERR1135319,PIG_152,Denmark,4.9644221974356,3.62288478361564,4.75650170184486,0,3.05939396859556,3.11553125508387,2.62320966251767,5.81598818696481,0,5.26489015910614,3.70547172738847,0,0,0,0
ERR1135320,PIG_153,Denmark,3.6955343288013,3.39767581944222,5.76688195250263,0,0,0,0,5.56988650297214,0,4.49885400960362,3.69356684981666,0,0,0,0
ERR1135321,PIG_154,Denmark,3.90485832361404,3.46876558873803,5.6386874283885,1.85865340858858,2.24950144847762,0,0,5.69311046553749,0,4.51035530307314,4.44558914937468,0,0,0,0
ERR1135322,PIG_155,Denmark,4.53254039632395,3.63311425277666,5.2298341716017,3.1296821922453,0,0,0,5.83469057145486,0,4.57447554574261,4.84234002223557,0,0,0,0
ERR1135323,PIG_156,Denmark,2.77828291179467,3.12534173935045,5.7056536183108,1.16902568422463,1.33040771166033,0,0,5.66747674494231,0,4.09219821743766,4.11032662974586,0,0,0,0
ERR1135324,PIG_157,Denmark,3.70184452156064,3.42034674648143,5.52378406834928,2.32813948857751,2.0989645427379,0,0,5.78560779600941,0,4.44799114931524,4.29071838312987,0,0,0,0
ERR1135325,PIG_158,Denmark,3.8939987815652,3.14419695125229,5.67995213426302,0,1.7750657082063,0,0,5.68420392301395,0,4.4198386413038,3.40882209862291,0,0,0,0
ERR1135326,PIG_159,Denmark,2.92401377682688,2.65102072762762,5.79672799890222,0,1.76947128273643,0,0,5.54670627270427,0,3.96283707305304,4.04637484528305,0,0,0,0
ERR1135327,PIG_160,Denmark,4.13692188095877,3.6850726468316,5.5638139843731,0,2.57738999647584,0,0,5.76814427299014,0,4.42062742241915,3.32754833314536,0,0,0,0
ERR1135328,PIG_161,Denmark,3.92098693356727,3.31257982551681,5.2236797365891,0,0,0,0,5.9065018257977,0,3.77978538124867,3.99618360679769,0,0,0,0
ERR1135329,PIG_162,Denmark,3.64097265458499,2.39715214415158,5.72295072137878,0,3.22615810724987,0,0,5.64533084463642,0,4.16436867561806,3.94480001298544,0,0,0,0
ERR1135330,PIG_163,Denmark,3.11045328288986,3.00461114491519,5.74899391224968,0,1.03719322171899,0,0,5.62804342069274,0,3.59661666685006,3.90544657092453,0,0,0,0
ERR1135331,PIG_164,Denmark,3.26605174701038,2.81553886165393,5.79674301779568,0,3.72156760749262,0,0,5.54722927873644,0,3.88437683630441,3.76177891562584,0,0,0,0
ERR1135332,PIG_165,Denmark,2.26715981630982,2.90887782053864,5.76275224863276,0,0,0,0,5.59675761009379,0,4.36193992047543,3.24422129468782,0,0,0,0
ERR1135333,PIG_166,Denmark,3.20262601860288,3.2665571402128,5.76758843601886,0,0,0,0,5.58507068556383,0,4.22529470472159,3.97897094111967,0,0,0,0
ERR1135334,PIG_167,Denmark,2.67215313926796,3.19835659998414,5.79602159956962,0,0,0,0,5.56166367426345,0,3.62174398575469,3.61238061632749,0,0,0,0
ERR1135335,PIG_168,Denmark,3.20031413972527,2.9491294726523,5.79448212429541,0,1.78850888452497,0,0,5.56183836313095,0,3.73557587915868,3.64548244409293,0,0,0,0
ERR1135336,PIG_169,Denmark,3.65100004617069,3.23366761621437,5.77626427014218,0,2.34767760517833,0,0,5.57510011468241,0,4.01749442673678,3.99390976062557,0,0,0,0
ERR1135337,PIG_170,Denmark,0,2.88469222378811,5.79272968718597,0,1.54872325158339,0,0,5.55632601191222,0,4.23763752946655,3.15163605550837,0,0,0,0
ERR1135338,PIG_171,Denmark,3.38815804242706,3.40548757835423,5.66630172640416,0,0,0,0,5.71849350655632,0,3.87603220172443,2.87035039603006,0,0,0,0
ERR1135339,PIG_172,Denmark,2.40160323474225,3.34822410349179,5.7601764601071,0,0,0,0,5.6161173885111,0,3.64699862182942,3.62892688283805,0,0,0,0
ERR1135340,PIG_173,Denmark,3.35082368141084,3.42905579570325,5.67285873853607,0,0,0,0,5.70803131515505,0,4.12913408736668,2.39551877062285,0,0,0,0
ERR1135341,PIG_174,Denmark,0,3.33276024238242,5.70892538858365,0,2.9391556507613,0,0,5.67946002580777,0,3.51150968673619,3.61369694810775,0,0,0,0
ERR1135342,PIG_175,Denmark,2.9632780885986,2.83244569125194,5.71576466952477,0,2.71808441402342,0,0,5.67052723499662,0,3.8542334423605,3.4264195268058,0,0,0,1.70601648589611
ERR1135343,PIG_176,Denmark,4.15066081699763,2.09125301181096,5.62909055198304,0,3.03836089641564,0,0,5.72784022209358,0,4.37129489631666,3.03229941322155,0,0,0,0
ERR1135344,PIG_177,Denmark,1.98644926552961,3.15314081812163,5.74311163316374,0,2.86579309890387,0,0,5.63853053398025,0,3.87749318881532,3.22460891152505,0,0,0,0
ERR1135345,PIG_178,Denmark,2.86325345562992,2.63040918551408,5.8555890528679,0,2.3602512625836,0,0,5.43212600315733,0,3.82509260707396,3.63812433115044,0,0,0,0
ERR1135346,PIG_179,Denmark,3.02016110337153,3.24363503335776,5.82084447945838,0,2.89896400062388,0,0,5.50551902496811,0,3.98027271818007,3.62072727853517,0,0,0,2.63607511525287
ERR1135347,PIG_180,Denmark,2.97848954342517,3.02916197760401,5.68272906032862,0,2.96971179603527,0,0,5.69678124007215,0,4.01794162102537,3.87493425600652,0,0,0,0
ERR1135348,PIG_181,Denmark,3.82097740898633,3.36296224240391,5.68250275036035,0,0,0,0,5.69267748006907,0,4.00757323204843,3.82592739406203,0,0,0,0
ERR1135349,PIG_182,Denmark,1.5485715945723,2.83906003359478,5.90816223897189,0,2.75123485467973,0,0,5.26123537964645,0,3.62543346627091,3.41656124575497,0,0,0,0
ERR1135350,PIG_183,Denmark,3.72932423696159,3.40345756304862,5.575667293522,0,2.37568794209614,0,0,5.77700493845693,0,4.1634093704166,3.39331464018313,0,0,0,0
ERR1135351,PIG_184,Denmark,2.83383913484098,2.93244358717021,5.7271410890155,0,2.89031058186218,0,0,5.63781183002717,0,4.33308772074841,3.92063538781783,0,0,0,0
ERR1135352,PIG_185,Denmark,3.66873032892654,3.39011414983881,5.45003485242731,0,1.26193794534332,0,0,5.83921114991155,0,3.97764840512898,4.03881600343341,0,0,0,0
ERR1135353,PIG_186,Denmark,4.60028821663748,4.54403294846294,5.52935120517783,0,3.20418727440376,0,0,5.7256235286137,0,4.65674480814936,3.91484056131874,0,0,0,0
ERR1135354,PIG_187,Denmark,3.82951342447894,4.56001045960174,5.6912977447581,0,0,0,0,5.65430752100915,0,4.05329602317816,3.51292585547771,0,0,0,0
ERR1135355,PIG_188,Denmark,2.71177803892795,4.17887546574925,5.72973851941473,0,2.90085335734768,0,0,5.63469684005438,0,4.04895870900214,3.65126262207651,0,0,0,0
ERR1135356,PIG_189,Denmark,3.89158635612707,3.65371552967622,5.66212807741187,0,0,0,0,5.68117317904537,0,4.66754489765496,3.03519127731844,0,0,0,2.93369892622188
ERR1135357,PIG_190,Denmark,3.76367961291808,4.8052790925359,5.7198900815752,0,2.98313524993229,0,0,5.55323621601588,0,4.61608862933341,3.77227058415922,0,0,0,0
ERR1135358,PIG_191,Denmark,0,4.13971792352932,5.79600105669324,0,3.37444644213481,0,0,5.53761508315975,0,4.12750656190343,2.62136170123858,0,0,0,0
ERR1135359,PIG_192,Denmark,4.9488244995665,4.06244821147364,5.51976892574675,0,2.67302716847504,0,0,5.74730020929187,0,3.80896991422384,3.45526508313893,0,0,0,0
ERR1135360,PIG_193,Denmark,4.24825314720525,3.50725107195306,5.68410678712246,0,3.14870572635243,0,0,5.65692123491754,0,4.60622981029464,2.39609861729198,0,0,0,0
ERR1135361,PIG_194,Denmark,2.9299162684512,4.78481932185283,5.72641951810728,0,0,0,0,5.60002605723006,0,3.87344387456186,0,0,0,0,0
ERR1135362,PIG_195,Denmark,4.28832836308881,5.21400621727892,5.42301526909214,0,0,0,0,5.72696418345487,0,4.1232231949971,3.73778552319207,0,0,0,0
ERR1135363,PIG_196,Denmark,4.24886425132427,4.10242833609459,5.71982986605816,0,0,0,0,5.52226708955605,0,4.5054659273861,4.90374315799329,0,0,0,0
ERR1135364,PIG_197,Denmark,3.62063155070619,4.32221658308893,5.60884976289344,0,3.97668542266375,0,0,5.70319188563197,0,4.63757550148607,4.03178834929363,0,0,0,0
ERR1135365,PIG_198,Denmark,3.17398832071954,4.56912671727263,5.68932602520335,0,3.26217105140031,0,0,5.64353588593353,0,4.2974139860433,4.02811266705739,0,0,0,0
ERR1135366,PIG_199,Denmark,3.67813164460084,4.71075104711333,5.56507563853742,0,0,0,0,5.7109057158873,0,4.73073451345313,3.94413290442524,0,0,0,0
ERR1135379,BHZ-11B,China,4.65095345040612,2.43656084131519,4.43854064871818,0,0,0,0,5.72060044827305,0,5.60231652426683,3.24215061242424,0,0,0,0
ERR1135380,BHZ-12B,China,5.16494222189833,3.45309389147621,4.65388453789304,0,0,0,0,5.89142901636235,0,4.35423238576383,3.65200951289161,0,0,0,0
ERR1135381,BHZ-1B,China,4.84563790370393,4.56812280055378,4.93002084689588,0,0,0,0,5.85761393591049,0,4.91591463797132,3.69402669639548,0,0,0,0
ERR1135382,BHZ-2B,China,5.14501465753549,2.57788196026289,4.27540376579072,0,0,0,0,5.7070698138345,0,5.51863160276585,3.21216829162035,0,0,0,0
ERR1135383,BHZ-3B,China,5.37297835473397,4.43002781360156,4.59355471840972,0,0,0,0,5.81325631693219,0,4.64338062601424,3.52145287364839,0,0,0,0
ERR1135384,BHZ-4B,China,5.12688740206078,4.309178097799,4.96088251146906,0,0,0,0,5.80132074738485,0,5.05112846739816,3.95108611406896,0,0,0,0
ERR1135385,BHZ-5B,China,5.2938785177227,3.00991014231151,4.95512236074422,0,0,0,0,5.80845015480081,0,4.8189089648579,3.44855403526316,0,0,0,0
ERR1135386,BHZ-6B,China,5.07518401852423,4.12908801027793,4.82470889731672,0,0,0,0,5.82310666100433,0,5.12589102138224,3.25331058753656,0,0,0,0
ERR1135387,BHZ-7B,China,5.23606557865518,1.92408968510288,4.51161221797708,0,0,0,0,5.88149774667838,0,4.48766833770296,3.51769540497692,0,0,0,0
ERR1135388,BHZ-8B,China,5.27265725182647,0,4.37223950238376,2.62175530185311,0,0,0,5.59371473237779,0,5.59519669338145,3.40772377349135,0,0,0,0
ERR1135389,BHZ-9B,China,5.51882476362525,3.62825810625304,4.50305574100695,0,0,0,0,5.75397314226645,0,4.80427339544972,3.38841960498122,0,0,0,0
ERR1135390,BMZ-10B,China,4.42488133879197,4.17702241301068,4.21674591316976,0,0,0,0,5.94862309304914,0,3.77366013859005,4.67700267890296,0,0,0,0
ERR1135391,BMZ-11B,China,5.22150222014566,3.99616169892963,4.85110744831932,0,0,0,0,5.73846866071893,0,5.27929004907963,4.16860066060751,0,0,0,0
ERR1135392,BMZ-12B,China,4.94289286828949,0,4.85147102060816,0,0,0,0,5.89962203935266,0,4.32068097962107,4.426979176626,0,0,0,0
ERR1135393,BMZ-13B,China,5.27023650469961,0,4.7982233390497,0,0,0,0,5.80733481294007,0,5.03803016119233,0,0,0,0,0
ERR1135394,BMZ-14B,China,4.87474915892754,4.78257781432225,4.91414998126605,0,0,0,0,5.86893333910371,0,4.63234541193515,0,0,0,0,0
ERR1135395,BMZ-15B,China,4.93982894710288,4.6530653147643,5.2819792254233,0,0,0,0,5.80248798226147,0,4.62282938837377,0,0,0,0,0
ERR1135396,BMZ-16B,China,4.83223548358926,0,4.81620709916315,0,0,0,0,5.91388928727701,0,4.46094354597533,4.24322346266354,0,0,0,0
ERR1135397,BMZ-17B,China,4.63030999295762,3.61514706417628,4.49613843170337,0,0,0,0,5.95613748633777,0,4.22308198282032,3.08016438734896,0,0,0,0
ERR1135398,BMZ-1B,China,5.34451040503814,4.24115816102484,4.60776182839729,0,0,0,0,5.80538336786979,0,4.66014868015666,4.56159290842369,0,0,0,0
ERR1135399,BMZ-2B,China,5.1678524595788,0,4.58195189583622,0,0,0,0,5.86775231265503,0,4.88733060994035,0,0,0,0,0
ERR1135400,BMZ-3B,China,0,2.24517486346376,5.22818179021001,0,0,0,0,5.87200035639472,0,4.93440089613377,0,0,0,0,0
ERR1135401,BMZ-4B,China,5.15171538928016,3.56065193956566,4.55002447768876,0,0,0,0,5.90530646688893,0,4.17062392744679,2.22517496208075,0,0,0,0
ERR1135402,BMZ-5B,China,4.61910840546952,4.24245630519524,4.3683728721984,0,0,0,0,5.92793080004866,0,4.27012509216709,4.71478807472392,0,0,0,0
ERR1135403,BMZ-6B,China,4.8748614156174,3.44642903338188,4.64488770185405,0,0,0,0,5.93717566460643,0,4.09732795742699,2.43085368202963,0,0,0,0
ERR1135404,BMZ-7B,China,4.90026167078436,4.53766294263388,4.96082714830834,0,0,0,0,5.89234179945905,0,4.12185472302009,2.99108145631694,0,0,0,0
ERR1135405,BMZ-8B,China,5.21229796619905,4.77872315442475,4.47212499934541,0,0,0,0,5.85895428732832,0,3.87659768603226,4.23066220143887,0,0,0,0
ERR1135406,BMZ-9B,China,5.32428745246572,3.9279903416349,4.70374628790248,0,0,0,0,5.81087369077628,0,4.80084325987423,4.2967916628217,0,0,0,0
ERR1135407,DB-11B,China,4.9049179954559,4.56136681166876,4.73553315421484,0,0,0,2.55692864745965,5.76312361507207,0,5.33081788077715,4.54035647738575,0,0,0,0
ERR1135408,DB-510B,China,5.43276845181824,4.51664469283851,4.6347764798531,0,0,0,2.12406432312331,5.67241089739049,0,4.95278030357861,4.96715527089245,2.41453864034506,0,0,0
ERR1135409,DB-511B,China,4.85594523368668,4.54786246719413,5.3516202070753,0,0,0,0,5.75429663969102,0,4.95086707187404,4.04076129653105,0,0,0,0
ERR1135410,DB-512B,China,5.29190189435552,4.49775206674315,4.71331757494919,0,0,0,2.63120305791422,5.57957041215431,0,5.52206895045734,3.90709938712204,0,0,0,0
ERR1135411,DB-515B,China,4.57442012202215,3.9776602971029,5.05863738781242,0,0,0,2.88134836341305,5.74730758402356,0,5.35069359067682,4.73768843564749,0,0,0,0
ERR1135412,DB-517B,China,5.36730570068069,4.50906657032429,4.72125012321991,0,0,0,0,5.72365604919916,0,4.95543740362803,4.79670564134123,0,0,0,0
ERR1135413,DB-529B,China,5.13941206369872,4.26715837772396,4.9613716640177,0,0,0,0,5.33582092663204,0,5.70018705906772,4.53251364695771,0,0,0,0
ERR1135414,DB-530B,China,4.80592417835957,4.49114153006773,5.35628524110767,0,0,0,0,5.74536801065801,0,5.04742909848801,4.00037584162689,0,0,0,0
ERR1135415,DB-531B,China,4.83984889218809,4.23884778748672,4.53033780312385,0,0,0,0,5.63676571913871,0,5.59865260914034,4.69419419253395,0,0,0,0
ERR1135416,DB-537B,China,5.13436167087131,5.23757035700719,4.37125226595074,0,0,0,2.67488720188526,5.73375472581132,0,4.98650254912969,4.30165430112273,3.91870984766677,0,0,0
ERR1135417,EYZ-120B,China,4.88840417370452,4.16040487414531,4.7741090891777,0,0,0,2.86794148666907,5.75624737629174,0,5.41020828846953,4.3088876476116,0,0,0,0
ERR1135418,EYZ-183B,China,5.05346495286026,5.08322665710229,4.36445394492359,0,0,0,2.55440874637223,5.65575710767419,0,5.42248854014617,4.39963001270623,0,0,0,0
ERR1135419,EYZ-353B,China,4.94879954932901,4.67672792165291,4.78348594573655,0,0,0,1.9141764036408,5.83111307262577,0,4.9357221689998,4.58815863205676,0,0,0,0
ERR1135420,EYZ-362B,China,5.21940275358574,4.63585755509754,4.72406771250008,0,0,0,2.21455294889961,5.75081056737183,0,4.93108295878793,4.95027973833803,0,0,0,0
ERR1135421,EYZ-378B,China,5.28042324720475,4.41884752206584,4.57979226167516,0,0,0,0,5.75521487989842,0,5.13213659702782,4.60578301878412,0,0,0,0
ERR1135422,EYZ-381B,China,5.31019302246952,3.65585572469697,4.85050771477539,0,0,0,2.39668123168928,5.58139333434664,0,5.45518941565649,4.72795581135849,0,0,0,0
ERR1135423,EYZ-542B,China,5.3288470058028,4.00039182441282,4.91417307457617,0,0,0,2.83348841176091,5.68613638161611,0,5.14203687773267,4.84442091561535,0,0,0,0
ERR1135424,EYZ-568B,China,5.21988742638952,4.83429896850898,4.70687437106264,0,0,2.97277135878334,0,5.66355410996286,0,5.27619115179939,4.80771388242623,0,0,0,0
ERR1135425,EYZ-611B,China,4.77992541301719,4.70190786463902,4.63462893861073,0,0,2.89694170009844,0,5.64187882282561,0,5.60172498099502,3.87030330239251,0,0,0,0
ERR1135426,EYZ-615B,China,5.23014145937801,3.76489561876124,4.13045348785883,0,0,0,2.77781335015184,5.78832736152205,0,5.25445003942884,4.21272448541543,0,0,0,0
ERR1135427,EYZ-160Ba,China,4.96275299439809,4.49970628753084,5.19930574314006,0,0,0,0,5.73121461494435,0,5.22836260021349,4.02801220053128,0,0,0,0
ERR1135428,EYZ-160Bb,China,4.89435345114315,4.32304317974721,5.19793666849416,0,0,0,0,5.72020742127958,0,5.314191077828,4.06481003082815,0,0,0,0
ERR1135429,EYZ-192Ba,China,4.79099671300981,4.65285609889055,4.68790284108964,0,0,0,2.01001368036692,5.44211187804327,0,5.73368720927179,4.41534647017611,0,0,0,0
ERR1135430,EYZ-192Bb,China,4.87845386752168,4.67458768880453,4.80300372459378,0,0,0,0,5.45435512113854,0,5.69455327185739,4.53140666355385,0,0,0,0
ERR1135431,EYZ-254B,China,5.05148243647506,4.66590904883008,4.71590717402866,0,0,0,2.78941187820784,5.5041718017698,0,5.63556995026095,4.53132646628889,3.4954589153483,0,0,0
ERR1135432,EYZ-368B,China,4.92706327419249,4.32081620052738,4.58335275369685,0,0,0,2.58067734447725,5.83110860932042,0,4.96201007044646,4.93653888710774,0,0,0,0
ERR1135433,EYZ-468Ba,China,5.2175759063582,4.46840580991192,4.748087777538,0,0,0,0,5.69454880353615,0,5.26939740026604,4.83691739165672,0,0,0,0
ERR1135434,EYZ-468Bb,China,5.25436357705956,4.23624277394065,4.6823776526713,0,0,0,0,5.72262105854824,0,5.22552870607517,4.77054998143276,0,0,0,0
ERR1135435,EYZ-566Ba,China,4.93221223492837,5.25242113016426,4.66417285507156,0,0,0,0,5.50754143253022,0,5.25160883562522,4.58029387377294,5.17951384216256,0,0,0
ERR1135436,EYZ-566Bb,China,4.88708748141634,5.24552285331434,4.69668712100973,0,0,0,0,5.52678114452434,0,5.2640481579564,4.62877538028392,5.12906139998394,0,0,0
ERR1135437,EYZ-572Ba,China,5.10183505024015,5.20591170056172,4.97061222023392,0,0,0,0,5.70666672149352,0,4.97199818580231,4.22442646392604,0,0,0,0
ERR1135438,EYZ-572Bb,China,5.16183506294102,5.22445891456427,4.94765057589062,0,0,0,0,5.68078525921133,0,5.0020580464366,4.26864929545953,0,0,0,0
ERR1135440,EYZ-592Bb,China,4.79627699096728,3.58932149205533,4.41441455584047,0,0,0,0,5.79031899464536,0,5.42135313907681,4.42654768174936,0,0,0,0
ERR1135441,EYZ-652Ba,China,5.23681629445454,4.59568024400472,4.5917242737323,0,0,0,0,5.61368627916091,0,5.52814114928822,2.88617572345881,0,0,0,0
ERR1135442,EYZ-652Bb,China,5.22425433306433,4.80734587210053,4.63326716068601,0,0,0,0,5.56819860238951,0,5.55011612368858,2.55128273276672,0,0,0,0
ERR1135443,SYZ-304B,China,5.09652755929607,4.10026170892527,4.90987168458754,0,0,0,1.87661003526925,5.83033947051517,0,4.88134448715409,4.45455935057213,0,0,0,0
ERR1135444,SYZ-388B,China,4.90391731466404,4.82300637466709,4.30996143628411,0,0,0,1.61562106874174,5.63683834587347,0,5.55354914343786,4.62112333885163,0,0,0,0
ERR1135445,SYZ-423B,China,5.21392054705385,4.57898802181354,4.66604203554124,0,0,0,0,5.83069079020768,0,4.53672002951677,4.60748341330026,0,0,0,0
ERR1135446,SYZ-426B,China,5.13204891876625,4.84600898817377,4.78569567207491,0,0,0,3.29479468674279,5.78471655147048,0,4.98157401774845,4.4202480184143,0,0,0,0
ERR1135447,SYZ-441B,China,5.01466160142372,3.37024759760178,4.61362773311711,0,0,0,3.32059938338822,5.74999158072205,0,5.37027343405944,4.73363833581713,0,0,0,0
ERR1135448,SYZ-448B,China,5.16390792422348,4.07697555183888,4.82096976797089,0,0,0,2.9162134141988,5.5446813942104,0,5.60945159442685,4.25078272827665,0,0,0,0
ERR1135449,SYZ-477B,China,5.11055824608432,4.60841561086261,4.40707952832358,0,0,0,2.65373193332993,5.75562938807506,0,5.24151621079164,4.78088357371606,0,0,0,0
ERR1135450,SYZ-481B,China,5.26800954182863,4.98271519387436,4.58257459219033,0,0,0,0,5.67582106340751,0,5.07419674395031,4.94264463545117,0,0,0,0
ERR1135451,SYZ-495B,China,5.11544839775758,4.85952245325648,3.80028530331884,0,0,0,0,5.63365221019527,0,5.54000072187896,4.1448107496618,0,0,0,0
ERR1135452,SYZ-639B,China,5.15660034941567,4.57589927892437,4.87949327212544,0,0,0,2.10963698544643,5.63911128894607,0,5.37604660876454,4.84321661038821,0,0,0,0
ERR1135454,SYZ-428B,China,5.24949506016677,5.00468102741785,5.04573472058576,0,0,0,2.02655728968021,5.63249909022623,0,5.19306544712817,4.39916093785638,0,0,0,0
ERR1135455,SYZ-430B,China,5.00516597394565,4.56127517101595,4.69922028797802,0,0,0,0,5.81531960477099,0,5.09502987756507,4.53522565296009,0,0,0,0
ERR1135456,SYZ-442B,China,4.91949713960001,4.18543391543252,4.71212870906173,0,0,0,0,5.43880265180983,0,5.73195321045274,4.54182994118603,3.0513024306994,0,0,0
ERR1135457,SYZ-533B,China,5.45562130396332,4.65316229015981,4.42082076651283,0,0,0,2.31364026242505,5.61557133930196,0,5.21717442411777,4.81572001801819,0,0,0,0
ERR1135458,SYZ-631B,China,4.25255447262798,4.4596235132734,5.30491107351532,0,0,0,0,5.68468425091385,0,5.38548430361456,4.39367025098009,0,0,0,0
ERR1135459,SYZ-635B,China,4.63412041678385,4.3027173033869,4.85080968487391,0,0,3.01435954565698,2.52222201832075,5.86392891168142,0,4.65244931515213,4.94759057592367,0,0,0,0
ERR1135460,SYZ-636B,China,5.0791469962897,4.34067535610731,5.25678619721916,0,0,0,2.51494646618614,5.8051265024579,0,4.47129093650956,3.95902497311041,0,0,0,0
ERR1135461,SYZ-A002B,China,4.5283772467015,4.18170526934532,5.60793482289723,0,0,0,2.41965477721539,5.66993423687154,0,4.85683751868725,3.76049724363557,0,0,0,0
ERR1135462,ZXZ-10Ba,China,4.8302111585649,3.32952918092998,4.34151651894737,0,0,0,0,5.92990085537603,0,4.04766966748037,4.6643705682989,0,0,0,0
ERR1135463,ZXZ-10Bb,China,4.82733503024717,3.5700157639543,4.54995842871413,0,0,0,0,5.92437409410404,0,3.95282174268421,4.64800724194777,0,0,0,0
ERR1135464,ZXZ-1B,China,4.89971710069274,4.16371414125064,4.77767952264427,0,0,0,0,5.90602229934366,0,4.29851806944857,4.31821038603418,0,0,0,0
ERR1135465,ZXZ-2B,China,5.03663396433212,4.3452378413993,4.84062299988536,0,0,0,0,5.87986588060779,0,4.31834417271657,4.31434018566356,0,0,0,0
ERR1135466,ZXZ-3B,China,4.35482926950539,3.7005615301363,5.41103975193168,0,0,0,0,5.83940194468073,0,4.15002794054432,3.98628764870617,0,0,0,0
ERR1135467,ZXZ-4B,China,4.43612225232827,4.18019840323952,4.87834719184582,0,0,0,0,5.8972175797235,0,4.35299395923734,4.84633023113994,0,0,0,0
ERR1135468,ZXZ-5B,China,5.00446694860798,4.06250715297362,4.76042055984212,0,0,0,0,5.89010521412315,0,4.25905434186933,4.5469343313244,0,0,0,0
ERR1135469,ZXZ-6B,China,4.76447372186532,0,4.76599070667063,0,2.70140441332754,0,0,5.9065872761084,0,4.22288666264152,4.77703007085639,0,0,0,0
ERR1135470,ZXZ-7B,China,4.2530688696372,4.04829048514954,4.87661019478123,0,0,0,0,5.90950928579386,0,4.10498256252106,4.85129443558563,0,0,0,0
ERR1135471,ZXZ-8B,China,4.92929669679876,0,4.87762324785262,0,0,0,0,5.88786631904799,0,4.45946830902245,4.58362223263384,0,0,0,0
ERR1135472,ZXZ-9B,China,4.30027280054696,4.22193941786765,4.84425828827575,0,0,0,0,5.91041775673496,0,4.40581692223117,4.73588281644135,0,0,0,0
